ranker,name_display,age,team_name_abbr,comp_name_abbr,b_pa,b_roba,b_rbat_plus,b_batting_avg_bip,b_iso_slugging,b_home_run_perc,b_strikeout_perc,b_base_on_balls_perc,b_avg_exit_velo,b_hard_hit_perc,b_ld_perc,b_gb_perc,b_fb_perc,b_gb_fb_ratio,b_pull_perc,b_center_perc,b_oppo_perc,b_wpa_bat,b_cwpa_bat,b_baseout_runs,b_run_scoring_perc,b_stolen_base_perc,b_extra_bases_taken_perc,pos,awards
1,James Wood*,23,WSN,NL,155,.408,161,.306,.303,6.5,32.3,20.0,97.3,63.9,29.2,41.7,27.8,0.71,25.0,52.8,22.2,1.7,0.8%,16.35,38.5,83.3,42.9,*9/7D,
2,Zach Neto,25,LAA,AL,150,.342,115,.325,.178,3.3,31.3,13.3,87.8,35.4,24.4,31.7,37.8,0.47,36.6,47.6,15.9,-0.3,-0.1%,0.26,34.8,62.5,41.7,*6,
3,Drake Baldwin*,25,ATL,NL,146,.395,150,.347,.192,4.8,19.2,9.6,90.9,49.0,26.5,45.1,21.6,0.82,30.4,53.9,15.7,1.1,0.7%,10.24,46.9,100.0,35.3,*2D,
4,Nico Hoerner,29,CHC,NL,146,.386,144,.297,.157,2.7,9.6,8.9,86.3,26.5,27.8,33.0,27.8,0.49,23.5,55.7,20.9,0.7,0.4%,7.90,24.0,100.0,64.3,*4/6,
5,Ronald Acuña Jr.,28,ATL,NL,145,.329,107,.300,.132,1.4,21.4,13.1,89.1,42.4,20.7,42.4,28.3,0.74,27.2,50.0,22.8,0.1,0.1%,0.01,26.5,60.0,25.0,*9/D,
6,Gunnar Henderson*,25,BAL,AL,145,.342,109,.241,.267,6.2,30.3,8.3,89.7,46.6,23.9,37.5,29.5,0.60,42.0,44.3,13.6,0.0,0.2%,1.04,40.6,83.3,80.0,*6/D,
7,Mike Trout,34,LAA,AL,144,.458,190,.246,.321,6.9,20.8,22.2,92.8,52.6,19.0,32.9,41.8,0.49,31.6,49.4,19.0,1.7,0.8%,14.96,36.5,100.0,20.0,*8/D,
8,Taylor Ward,32,BAL,AL,144,.399,153,.362,.139,0.7,14.6,18.8,89.6,37.9,29.5,37.9,27.4,0.61,28.4,47.4,24.2,0.4,0.4%,10.00,27.4,50.0,30.8,*7/D,
9,Yordan Alvarez*,29,HOU,AL,143,.507,230,.323,.381,8.4,9.8,14.7,93.6,49.5,23.8,27.6,42.9,0.38,41.0,45.7,13.3,1.3,0.7%,17.36,24.1,100.0,27.3,*D/7,
10,Alex Bregman,32,CHC,NL,143,.339,118,.287,.113,2.1,14.7,11.9,90.4,45.6,20.2,44.2,22.1,0.79,36.5,51.0,12.5,0.4,0.3%,-1.91,14.9,100.0,25.0,*5/DH,
11,Iván Herrera,26,STL,NL,143,.383,148,.274,.174,2.8,15.4,17.5,90.2,46.6,19.3,47.7,23.9,0.91,28.4,53.4,18.2,0.4,0.1%,8.35,25.0,100.0,58.8,D2,
12,Matt Olson*,32,ATL,NL,143,.421,170,.333,.320,6.3,23.8,11.2,92.7,49.5,17.2,38.7,33.3,0.63,32.3,47.3,20.4,1.6,1.1%,12.56,40.9,,53.8,*3,
13,JJ Wetherholt*,23,STL,NL,143,.384,143,.264,.222,4.9,17.5,11.9,90.0,45.2,20.2,36.2,37.2,0.57,42.6,42.6,14.9,1.4,0.9%,7.08,42.6,100.0,58.3,*4/H,
14,Cal Raleigh#,29,SEA,AL,142,.296,87,.215,.200,4.9,28.9,10.6,86.9,31.4,12.8,27.9,47.7,0.39,52.3,37.2,10.5,-0.8,-0.4%,-4.81,18.8,66.7,20.0,*2/DH,
15,Bryan Reynolds#,31,PIT,NL,142,.354,118,.338,.132,2.1,26.8,17.6,91.6,44.2,22.1,49.4,26.0,0.97,39.0,42.9,18.2,0.2,0.1%,5.30,34.6,100.0,53.3,*79/DH,
16,Jakob Marsee*,25,MIA,NL,141,.281,60,.238,.085,0.7,24.1,13.5,86.9,38.8,24.4,36.0,25.6,0.58,41.9,43.0,15.1,-0.7,-0.4%,-3.21,41.5,90.9,44.4,*8/DH,
17,Daylen Lile*,23,WSN,NL,140,.303,94,.300,.125,2.1,17.9,8.6,87.7,38.2,27.2,35.9,34.0,0.56,36.9,46.6,16.5,0.0,0.1%,-0.83,40.5,25.0,50.0,*7/D9,
18,Brandon Nimmo*,33,TEX,AL,140,.359,140,.340,.169,2.9,19.3,8.6,90.8,46.9,28.6,42.9,23.5,0.75,26.5,52.0,21.4,0.5,0.3%,2.55,21.3,50.0,12.5,*9/8D,
19,Julio Rodríguez,25,SEA,AL,140,.320,103,.323,.095,1.4,22.1,8.6,88.2,40.0,25.3,47.4,18.9,0.90,30.5,53.7,15.8,0.4,0.1%,-2.95,27.3,75.0,66.7,*8,
20,Jo Adell,27,LAA,AL,139,.304,84,.303,.108,2.9,20.1,2.9,90.3,46.1,21.4,40.8,30.1,0.69,25.2,53.4,21.4,-0.2,-0.2%,0.72,23.7,100.0,41.7,*9/7D8,
21,Nick Kurtz*,23,ATH,AL,139,.387,137,.357,.189,3.6,32.4,23.7,96.4,60.7,26.2,36.1,36.1,0.56,26.2,54.1,19.7,1.5,1.0%,9.20,24.5,75.0,33.3,*3,
22,Shohei Ohtani*,31,LAD,NL,139,.402,154,.329,.218,4.3,23.7,16.5,94.5,51.9,16.5,44.3,36.7,0.80,51.9,35.4,12.7,1.1,0.6%,5.99,30.0,100.0,30.0,*D/1,
23,Kyle Schwarber*,33,PHI,NL,139,.417,160,.233,.369,7.9,28.8,17.3,93.2,50.7,18.3,32.4,39.4,0.48,47.9,35.2,16.9,1.6,0.5%,9.37,23.8,,16.7,*D/7,
24,Trea Turner,33,PHI,NL,139,.326,92,.295,.134,2.9,20.1,8.6,89.8,37.4,18.2,44.4,32.3,0.80,18.2,58.6,23.2,-0.6,-0.4%,-3.06,40.0,100.0,30.0,*6,
25,Bobby Witt Jr.,26,KCR,AL,139,.365,121,.337,.140,1.4,16.5,11.5,92.6,51.5,29.0,34.0,24.0,0.52,21.0,48.0,31.0,1.1,0.7%,3.21,16.3,83.3,44.4,*6,
26,Elly De La Cruz#,24,CIN,NL,138,.400,145,.338,.282,7.2,29.0,10.1,95.2,56.8,20.2,45.2,33.3,0.83,29.8,52.4,17.9,0.3,0.2%,9.10,41.0,72.7,77.8,*6,
27,José Ramírez#,33,CLE,AL,138,.363,111,.215,.214,4.3,13.0,15.2,90.5,44.4,20.2,27.3,42.4,0.38,34.3,55.6,10.1,0.0,0.0%,1.53,31.7,100.0,75.0,*5/D,
28,Oneil Cruz*,27,PIT,NL,137,.374,126,.338,.256,6.6,35.0,8.0,96.2,62.3,24.7,45.5,26.0,0.83,40.3,48.1,11.7,0.0,0.0%,10.56,40.0,83.3,75.0,*8/H,
29,Gleyber Torres,29,DET,AL,137,.346,112,.292,.073,1.5,15.3,17.5,82.9,25.3,25.3,49.5,24.2,0.98,9.9,54.9,35.2,-0.5,-0.2%,-0.68,31.4,,31.3,*4/D,
30,Ozzie Albies#,29,ATL,NL,136,.391,153,.320,.218,5.1,11.8,6.6,87.0,30.9,26.4,37.3,30.0,0.59,33.6,52.7,13.6,1.0,0.7%,7.91,37.2,0.0,60.0,*4,
31,Bo Bichette,28,NYM,NL,136,.266,61,.273,.087,1.5,19.9,5.9,91.6,48.5,25.7,54.5,16.8,1.20,12.9,50.5,36.6,-0.5,-0.2%,-2.26,37.1,100.0,33.3,*5/6D,
32,Shea Langeliers,28,ATH,AL,136,.427,165,.384,.264,5.9,22.8,8.1,93.1,48.9,27.7,30.9,33.0,0.45,25.5,54.3,20.2,1.5,0.9%,4.92,29.5,,50.0,*2/D,
33,Kevin McGonigle*,21,DET,AL,136,.425,164,.371,.181,1.5,12.5,14.0,88.7,40.4,30.3,27.3,37.4,0.38,32.3,52.5,15.2,0.9,0.6%,13.38,35.7,100.0,59.1,65,
34,Munetaka Murakami*,26,CHW,AL,136,.394,152,.264,.327,8.8,33.8,18.4,95.2,64.1,15.4,38.5,41.5,0.63,44.6,49.2,6.2,0.5,0.2%,11.18,25.6,0.0,30.8,*3/DH,
35,Alec Burleson*,27,STL,NL,135,.349,123,.296,.168,3.0,13.3,11.1,91.0,47.1,17.6,50.0,27.5,1.02,40.2,46.1,13.7,-0.2,0.0%,8.20,25.0,100.0,72.7,*3/H,
36,Aaron Judge,34,NYY,AL,135,.437,176,.258,.369,8.9,27.4,15.6,92.7,54.1,21.6,37.8,31.1,0.61,39.2,43.2,17.6,1.1,0.7%,8.96,33.3,71.4,33.3,*9/D,
37,Austin Riley,29,ATL,NL,135,.278,66,.235,.124,2.2,24.4,8.9,90.0,43.2,17.0,44.3,26.1,0.80,27.3,51.1,21.6,-1.1,-0.6%,-3.97,35.3,100.0,46.2,*5/H,
38,Pete Alonso,31,BAL,AL,134,.308,87,.241,.164,3.0,24.6,12.7,94.8,55.4,20.5,43.4,33.7,0.77,24.1,62.7,13.3,0.0,0.1%,-4.75,35.1,100.0,28.6,*3/D,
39,Randy Arozarena,31,SEA,AL,134,.379,135,.365,.149,1.5,21.6,11.2,90.1,39.1,26.4,50.6,20.7,1.02,27.6,47.1,25.3,-0.4,-0.2%,0.84,40.8,100.0,50.0,*7,
40,Byron Buxton,32,MIN,AL,134,.351,114,.288,.252,6.0,26.9,6.0,88.6,45.5,21.6,26.1,38.6,0.35,40.9,39.8,19.3,-0.4,-0.3%,-2.39,45.5,100.0,62.5,*8/D,
41,Ian Happ#,31,CHC,NL,134,.371,140,.284,.230,5.2,29.1,14.2,88.1,37.0,17.6,44.6,33.8,0.80,37.8,41.9,20.3,0.1,0.0%,-0.02,32.5,100.0,20.0,*7/D,
42,Matt McLain,26,CIN,NL,134,.301,76,.282,.105,1.5,25.4,13.4,88.3,32.9,16.3,37.5,32.5,0.60,20.0,56.3,23.8,-0.1,0.0%,-5.38,25.6,71.4,18.2,*4/H,
43,Sal Stewart,22,CIN,NL,134,.434,163,.277,.289,6.7,17.9,13.4,91.2,46.6,17.4,43.5,33.7,0.77,26.1,45.7,28.3,0.6,0.3%,12.87,26.8,100.0,25.0,*3/54D,
44,Miguel Vargas,26,CHW,AL,134,.375,129,.213,.224,4.5,16.4,17.9,89.1,44.2,23.3,34.9,34.9,0.54,29.1,50.0,20.9,0.5,0.1%,8.42,37.2,100.0,41.7,*5/3DH,
45,Matt Chapman,33,SFG,NL,133,.328,110,.352,.093,0.8,21.8,10.5,87.6,34.5,21.3,53.9,12.4,1.17,24.7,52.8,22.5,0.4,0.1%,0.62,32.6,0.0,60.0,*5/D,
46,Yandy Díaz,34,TBR,AL,133,.408,156,.358,.148,3.0,12.0,9.8,90.4,44.4,27.3,49.5,18.2,0.98,10.1,59.6,30.3,1.1,0.6%,14.67,26.9,100.0,38.5,*D,
47,Xavier Edwards#,26,MIA,NL,133,.400,151,.381,.115,0.8,11.3,14.3,88.7,41.4,28.3,44.4,21.2,0.81,29.3,52.5,18.2,0.6,0.3%,0.26,37.5,80.0,37.5,*4/D,
48,Riley Greene*,25,DET,AL,133,.378,136,.378,.177,3.0,26.3,15.0,90.4,50.0,23.1,41.0,33.3,0.70,29.5,56.4,14.1,0.6,0.3%,5.36,35.4,50.0,63.6,*7/DH,
49,Kyle Tucker*,29,LAD,NL,133,.330,102,.294,.129,2.3,21.8,12.0,89.2,42.0,25.0,35.2,31.8,0.54,34.1,54.5,11.4,0.5,0.4%,2.06,43.9,100.0,50.0,*9/H,
50,Jonathan Aranda*,28,TBR,AL,132,.343,112,.236,.229,5.3,25.0,14.4,90.5,41.8,25.3,36.7,32.9,0.58,27.8,51.9,20.3,0.4,0.3%,6.74,27.0,,22.2,*3/H,
51,Michael Busch*,28,CHC,NL,132,.282,79,.241,.088,1.5,22.7,11.4,85.2,32.9,14.1,48.2,32.9,0.93,37.6,43.5,18.8,-0.2,-0.2%,-0.82,32.4,,23.5,*3/H,
52,Bryce Harper*,33,PHI,NL,132,.371,130,.276,.228,4.5,16.7,12.9,87.8,37.6,20.4,41.9,31.2,0.72,28.0,55.9,16.1,0.1,0.2%,4.83,24.4,50.0,54.5,*3/D,
53,CJ Abrams*,25,WSN,NL,131,.420,171,.304,.259,6.1,17.6,11.5,89.7,46.0,21.8,39.1,31.0,0.64,32.2,50.6,17.2,0.8,0.3%,10.89,17.8,71.4,42.9,*6/H,
54,Junior Caminero,22,TBR,AL,131,.354,122,.250,.231,6.1,16.8,9.9,91.3,43.8,18.8,45.8,21.9,0.85,30.2,58.3,11.5,0.1,0.0%,-2.79,25.7,0.0,36.4,*5/3,
55,Luke Keaschall,23,MIN,AL,131,.274,53,.250,.058,0.8,16.0,6.1,84.3,23.0,18.8,41.6,28.7,0.71,20.8,59.4,19.8,-0.1,-0.1%,-1.41,32.4,100.0,50.0,*4/H,
56,Trevor Story,33,BOS,AL,131,.263,57,.268,.098,1.5,30.5,5.3,88.8,42.9,25.0,44.0,25.0,0.80,32.1,54.8,13.1,-1.7,-1.0%,-4.06,31.0,100.0,63.6,*6/D,
57,Fernando Tatis Jr.,27,SDP,NL,131,.291,69,.333,.036,0.0,24.4,9.9,92.8,64.7,28.2,48.2,18.8,0.95,17.6,56.5,25.9,-0.2,-0.2%,-0.99,26.2,80.0,63.6,*9/4H,
58,Christian Walker,35,HOU,AL,131,.412,160,.310,.259,5.3,17.6,9.9,90.2,48.9,20.2,44.7,26.6,0.81,29.8,46.8,23.4,0.9,0.5%,11.32,29.3,,52.6,*3/H,
59,Jacob Wilson,24,ATH,AL,131,.312,84,.313,.102,1.5,11.5,1.5,84.9,31.9,26.3,48.2,20.2,0.95,25.4,53.5,21.1,-0.6,-0.3%,-1.54,35.1,100.0,33.3,*6,
60,Ernie Clement,30,TOR,AL,130,.335,101,.319,.127,0.8,6.9,3.1,85.9,26.5,28.2,34.2,22.2,0.53,32.5,52.1,15.4,-0.1,-0.1%,-0.84,22.0,100.0,37.5,*4/56,
61,Vladimir Guerrero Jr.,27,TOR,AL,130,.408,152,.396,.115,1.5,11.5,11.5,91.2,45.9,27.6,50.0,16.3,1.00,18.4,62.2,19.4,0.4,0.2%,9.94,29.1,100.0,47.1,*3/D,
62,Steven Kwan*,28,CLE,AL,130,.285,72,.245,.071,0.8,11.5,10.8,80.3,10.0,22.0,45.0,20.0,0.88,26.0,55.0,19.0,-0.3,-0.4%,-3.61,25.6,66.7,28.6,*8/7,
63,Corey Seager*,32,TEX,AL,130,.318,108,.233,.207,4.6,26.2,12.3,90.3,43.0,24.1,43.0,26.6,0.76,44.3,39.2,16.5,-0.7,-0.5%,0.88,38.2,100.0,7.7,*6,
64,Jordan Walker,24,STL,NL,130,.409,163,.358,.267,6.9,31.5,9.2,95.5,59.2,23.7,39.5,32.9,0.65,27.6,53.9,18.4,0.4,0.5%,8.63,37.8,83.3,68.8,*9/H,
65,Willy Adames,30,SFG,NL,129,.258,64,.266,.156,2.3,31.0,4.7,88.4,40.2,22.0,34.1,30.5,0.52,36.6,47.6,15.9,-1.1,-0.4%,-10.24,32.1,0.0,45.5,*6,
66,Jose Altuve,36,HOU,AL,129,.340,114,.294,.143,2.3,18.6,13.2,84.8,36.4,23.9,51.1,15.9,1.07,39.8,53.4,6.8,-0.4,-0.2%,-4.98,40.5,33.3,57.1,*4/D,
67,Jake Burger,30,TEX,AL,129,.280,83,.266,.156,3.9,30.2,3.9,89.1,47.6,21.4,47.6,27.4,0.91,33.3,56.0,10.7,0.2,0.1%,0.92,22.2,,0.0,*3/H,
68,Rafael Devers*,29,SFG,NL,129,.239,44,.288,.083,1.6,31.0,5.4,89.8,42.0,23.2,43.9,28.0,0.78,32.9,52.4,14.6,-0.4,-0.3%,-10.39,20.0,,23.1,3D,
69,Chandler Simpson*,25,TBR,AL,129,.323,92,.339,.042,0.0,7.8,5.4,81.0,13.4,25.0,54.5,10.7,1.36,13.4,59.8,26.8,0.1,0.2%,-2.55,31.1,78.6,54.5,*7/H,
70,Brice Turang*,26,MIL,NL,129,.418,164,.361,.214,3.1,21.7,18.6,92.2,55.3,31.2,41.6,24.7,0.73,20.8,54.5,24.7,1.3,0.4%,8.01,44.0,77.8,47.4,*4,
71,Luis Arraez*,29,SFG,NL,128,.334,106,.316,.059,0.0,4.7,4.7,85.3,19.0,23.3,43.1,26.7,0.79,23.3,55.2,21.6,-0.1,-0.1%,2.65,26.2,100.0,42.9,*4/D,
72,Cody Bellinger*,30,NYY,AL,128,.338,107,.258,.139,2.3,14.1,14.1,88.8,40.7,17.4,34.8,37.0,0.53,31.5,48.9,19.6,0.1,0.1%,2.93,36.6,75.0,75.0,*7/89H,
73,Willson Contreras,34,BOS,AL,128,.382,142,.323,.224,5.5,28.1,10.9,92.7,50.0,25.0,37.5,27.8,0.60,27.8,62.5,9.7,0.3,0.0%,5.38,22.0,,37.5,*3/D,
74,Pete Crow-Armstrong*,24,CHC,NL,128,.294,88,.333,.121,2.3,29.7,7.0,88.2,46.8,13.9,39.2,27.8,0.72,46.8,41.8,11.4,-0.3,0.0%,-0.99,44.4,66.7,40.0,*8/H,
75,Freddie Freeman*,36,LAD,NL,128,.327,104,.273,.155,2.3,10.9,8.6,92.0,48.0,23.5,43.1,31.4,0.76,34.3,47.1,18.6,-1.0,-0.4%,-3.29,20.5,,50.0,*3,
76,Jackson Merrill*,23,SDP,NL,128,.277,57,.247,.130,2.3,24.2,7.8,87.1,44.2,24.4,40.7,26.7,0.71,37.2,45.3,17.4,0.6,0.5%,-0.06,51.6,100.0,50.0,*8,
77,Colson Montgomery*,24,CHW,AL,128,.364,127,.277,.261,6.3,29.7,7.8,89.5,41.1,20.5,37.0,31.5,0.59,43.8,46.6,9.6,0.2,0.0%,2.33,14.3,100.0,33.3,*6/5DH,
78,Josh Bell#,33,MIN,AL,127,.306,84,.256,.126,2.4,18.1,11.0,89.0,42.7,29.2,32.6,28.1,0.48,42.7,44.9,12.4,-0.1,0.0%,4.24,48.6,,14.3,*D/3H,
79,Otto Lopez,27,MIA,NL,127,.398,148,.389,.169,2.4,20.5,4.7,92.3,50.0,23.7,50.5,24.7,1.02,17.2,67.7,15.1,0.8,0.5%,10.44,39.5,83.3,53.3,*6,
80,Chase Meidroth,24,CHW,AL,127,.313,91,.329,.083,0.8,21.3,11.0,85.9,38.1,22.4,48.2,20.0,1.03,23.5,47.1,29.4,-0.6,-0.3%,-5.05,41.5,100.0,50.0,*4/6H,
81,Ryan O'Hearn*,32,PIT,NL,127,.392,145,.341,.176,3.9,18.1,11.8,90.3,47.1,27.6,44.8,25.3,0.81,35.6,40.2,24.1,0.4,0.3%,5.64,24.4,100.0,35.7,93/DH,
82,Salvador Perez,36,KCR,AL,127,.254,51,.209,.150,3.9,19.7,3.1,87.3,39.6,20.8,40.6,28.1,0.68,24.0,60.4,15.6,-1.1,-0.8%,-12.34,20.0,,0.0,2D/3,
83,TJ Rumfield*,26,COL,NL,127,.330,93,.293,.149,2.4,15.7,8.7,87.0,39.4,27.4,44.2,23.2,0.79,36.8,48.4,14.7,0.1,0.0%,1.89,17.9,,23.1,*3/DH,
84,Wilyer Abreu*,27,BOS,AL,126,.377,140,.352,.175,3.2,17.5,9.5,90.0,48.4,25.0,38.0,31.5,0.61,30.4,52.2,17.4,0.2,0.2%,1.81,25.6,50.0,25.0,*9,
85,Maikel Garcia,26,KCR,AL,126,.342,114,.315,.168,2.4,17.5,9.5,88.9,44.6,28.3,38.0,23.9,0.64,27.2,59.8,13.0,-0.3,-0.3%,-1.34,35.0,60.0,50.0,*5/H,
86,Ketel Marte#,32,ARI,NL,126,.302,81,.250,.155,4.0,18.3,7.9,92.0,48.4,28.0,47.3,20.4,0.92,49.5,40.9,9.7,-0.3,-0.2%,-5.10,37.5,,41.7,*4/DH,
87,Josh Naylor*,29,SEA,AL,126,.279,75,.225,.124,3.2,16.7,8.7,87.1,37.6,21.5,39.8,22.6,0.67,38.7,44.1,17.2,-0.1,0.0%,-4.13,12.5,66.7,33.3,*3,
88,Nolan Schanuel*,24,LAA,AL,126,.305,90,.258,.133,2.4,15.1,7.9,86.4,30.2,26.0,52.1,17.7,1.09,36.5,52.1,11.5,-0.6,-0.4%,-4.89,20.0,0.0,45.5,*3/H,
89,Cole Young*,22,SEA,AL,126,.346,124,.349,.134,2.4,21.4,8.7,88.4,40.7,26.7,31.4,29.1,0.46,34.9,52.3,12.8,1.6,0.8%,7.06,40.5,50.0,68.8,*4,
90,Adolis García,33,PHI,NL,125,.322,92,.312,.144,2.4,25.6,8.8,93.0,50.0,30.0,38.8,22.5,0.63,31.3,45.0,23.8,-0.1,-0.3%,-2.78,18.9,100.0,50.0,*9/H,
91,William Contreras,28,MIL,NL,124,.366,129,.309,.144,2.4,11.3,10.5,89.6,43.3,22.7,42.3,22.7,0.73,34.0,44.3,21.6,0.2,0.0%,5.49,35.7,,13.3,*2/DH,
92,Vinnie Pasquantino*,28,KCR,AL,124,.278,68,.175,.155,2.4,19.4,12.9,87.6,34.9,24.1,34.9,27.7,0.55,37.3,47.0,15.7,-0.8,-0.5%,-4.30,25.8,,21.4,*3/H,
93,Cam Smith,23,HOU,AL,124,.322,91,.275,.162,3.2,27.4,11.3,88.9,45.8,21.9,43.8,28.8,0.78,16.4,57.5,26.0,-0.3,-0.2%,-1.19,33.3,100.0,58.3,*9/H,
94,Tyler Soderstrom*,24,ATH,AL,124,.318,87,.244,.193,2.4,20.2,11.3,90.0,48.2,20.0,40.0,32.9,0.67,31.8,52.9,15.3,-0.3,-0.1%,-2.67,32.4,100.0,50.0,*7/D,
95,Kazuma Okamoto,30,TOR,AL,123,.306,82,.284,.155,4.1,30.9,10.6,92.3,51.4,22.2,41.7,25.0,0.71,37.5,54.2,8.3,-0.6,-0.3%,-5.18,21.9,,25.0,*5/3D,
96,Andy Pages,25,LAD,NL,123,.393,148,.383,.196,4.1,22.8,6.5,90.3,53.5,26.7,37.2,26.7,0.59,18.6,58.1,23.3,0.5,0.4%,13.09,27.5,80.0,60.0,*8/H,
97,Xander Bogaerts,33,SDP,NL,122,.371,126,.287,.156,4.1,13.9,10.7,88.9,39.1,21.7,44.6,27.2,0.80,31.5,48.9,19.6,0.2,0.0%,3.91,23.7,100.0,46.2,*6,
98,Carlos Correa,31,HOU,AL,122,.349,114,.321,.123,1.6,17.2,12.3,89.6,41.9,32.6,50.0,12.8,1.00,30.2,51.2,18.6,0.3,0.1%,0.39,42.9,100.0,44.4,65,
99,TJ Friedl*,30,CIN,NL,122,.261,41,.234,.093,1.6,23.0,8.2,83.1,31.2,17.1,40.2,24.4,0.79,26.8,54.9,18.3,-0.4,-0.2%,-5.95,30.0,100.0,40.0,*87/H,
100,Jung Hoo Lee*,27,SFG,NL,122,.353,125,.330,.144,1.6,13.9,7.4,89.3,35.4,30.2,43.8,21.9,0.78,32.3,51.0,16.7,0.3,0.1%,0.00,30.0,,46.2,*9/8H,
101,Ben Rice*,27,NYY,AL,122,.485,210,.373,.388,8.2,25.4,17.2,95.0,60.9,26.1,44.9,27.5,0.82,37.7,47.8,14.5,1.4,1.0%,18.96,36.4,100.0,53.8,*3/HD,
102,Dansby Swanson,32,CHC,NL,122,.356,128,.224,.224,4.9,23.0,16.4,90.5,47.9,19.2,41.1,34.2,0.70,32.9,53.4,13.7,0.7,0.4%,7.32,47.2,100.0,60.9,*6/D,
103,Jazz Chisholm Jr.*,28,NYY,AL,121,.292,66,.268,.128,2.5,28.9,9.1,88.6,42.5,18.9,37.8,29.7,0.64,41.9,41.9,16.2,-0.2,-0.2%,-2.40,31.3,90.0,18.2,*4/HD,
104,Hunter Goodman,26,COL,NL,121,.378,129,.352,.303,7.4,38.0,7.4,94.0,54.8,23.8,25.4,44.4,0.34,33.3,54.0,12.7,-0.6,-0.3%,-1.23,45.2,50.0,23.1,2/DH,
105,Brandon Lowe*,31,PIT,NL,121,.397,149,.271,.299,6.6,24.0,10.7,88.4,44.9,21.8,34.6,30.8,0.53,39.7,46.2,14.1,0.9,0.6%,10.07,24.2,,58.3,*4/D,
106,Marcus Semien,35,NYM,NL,121,.265,60,.267,.073,0.8,19.8,6.6,86.2,34.5,23.9,31.8,36.4,0.47,30.7,61.4,8.0,-1.3,-0.5%,-5.05,18.8,75.0,50.0,*4,
107,Jorge Soler,34,LAA,AL,121,.355,122,.295,.225,5.0,31.4,10.7,88.3,41.8,28.4,34.3,28.4,0.52,43.3,38.8,17.9,-0.2,-0.1%,1.68,26.5,,22.2,*D/9,
108,Ezequiel Tovar,24,COL,NL,121,.257,38,.282,.096,0.8,28.9,4.1,86.4,36.7,30.4,35.4,26.6,0.56,25.3,57.0,17.7,-1.4,-0.6%,-10.91,27.6,100.0,55.6,*6/H,
109,Brady House,23,WSN,NL,120,.314,95,.304,.144,3.3,31.7,7.5,89.6,42.5,17.8,56.2,26.0,1.28,23.3,61.6,15.1,0.2,0.0%,-2.96,33.3,100.0,58.3,*5/DH,
110,Ramón Laureano,31,SDP,NL,120,.333,100,.329,.187,3.3,29.2,8.3,89.2,44.6,18.9,43.2,35.1,0.76,28.4,50.0,21.6,0.4,0.2%,3.91,29.4,100.0,41.7,*7/HD,
111,Spencer Torkelson,26,DET,AL,120,.350,118,.290,.208,4.2,28.3,15.0,91.4,48.5,29.9,32.8,34.3,0.49,40.3,47.8,11.9,0.4,0.0%,0.07,16.2,0.0,27.3,*3/H,
112,Alec Bohm,29,PHI,NL,119,.230,28,.170,.057,0.8,16.8,6.7,88.7,38.2,22.5,49.4,19.1,0.98,14.6,67.4,18.0,-0.7,-0.4%,-5.75,20.0,,25.0,*5/H,
113,Manny Machado,33,SDP,NL,118,.332,105,.247,.162,3.4,20.3,14.4,88.5,40.3,29.9,41.6,19.5,0.71,26.0,51.9,22.1,0.5,0.2%,3.20,40.0,50.0,30.8,*5/D,
114,Heliot Ramos,26,SFG,NL,118,.334,112,.394,.145,2.5,31.4,5.9,93.6,56.9,25.7,47.3,23.0,0.90,20.3,63.5,16.2,-0.1,0.0%,-0.09,25.7,,54.5,*7/H,
115,Mauricio Dubón,31,ATL,NL,117,.334,111,.322,.147,1.7,17.1,5.1,87.2,31.5,24.7,36.0,29.2,0.56,21.3,52.8,25.8,-0.3,-0.3%,2.85,38.9,0.0,55.6,*6/785,
116,Nolan Gorman*,26,STL,NL,117,.286,79,.275,.136,3.4,28.2,9.4,87.5,41.1,26.0,34.2,34.2,0.52,47.9,34.2,17.8,-0.1,-0.1%,-0.82,26.7,,37.5,5D/H,
117,Agustín Ramírez,24,MIA,NL,117,.296,78,.282,.125,1.7,21.4,8.5,88.6,38.8,23.8,50.0,15.0,1.00,25.0,63.8,11.3,0.4,0.3%,-2.28,35.3,75.0,38.5,2D/H,
118,Corbin Carroll*,25,ARI,NL,116,.419,158,.397,.276,3.4,27.6,13.8,89.8,38.8,23.9,43.3,26.9,0.76,37.3,49.3,13.4,1.2,0.7%,13.34,38.1,100.0,50.0,*9/D,
119,Chase DeLauter*,24,CLE,AL,116,.366,128,.250,.228,4.3,11.2,12.1,89.3,37.1,30.3,32.6,21.3,0.48,32.6,49.4,18.0,0.6,0.4%,3.24,20.0,,71.4,9D/H,
120,Roman Anthony*,22,BOS,AL,115,.301,83,.302,.083,0.9,27.8,15.7,92.3,47.6,26.6,50.0,21.9,1.00,32.8,56.3,10.9,-0.2,0.0%,-0.64,26.3,100.0,40.0,7D/9H,
121,Max Muncy*,35,LAD,NL,115,.410,163,.313,.307,7.8,24.3,12.2,91.9,53.4,20.5,42.5,34.2,0.74,43.8,46.6,9.6,0.3,0.5%,4.47,41.2,,46.2,*5/H,
122,Trent Grisham*,29,NYY,AL,114,.283,71,.145,.161,3.5,18.4,17.5,91.7,52.1,16.4,42.5,32.9,0.74,37.0,49.3,13.7,0.3,0.1%,2.90,36.7,50.0,28.6,*8/H,
123,Josh Jung,28,TEX,AL,113,.400,168,.354,.228,3.5,16.8,8.8,91.9,53.0,31.3,43.4,21.7,0.77,32.5,48.2,19.3,1.2,0.7%,6.88,20.5,50.0,37.5,*5,
124,Brayan Rocchio#,25,CLE,AL,113,.356,124,.294,.121,2.7,9.7,8.8,83.3,27.0,22.2,45.6,18.9,0.89,27.8,51.1,21.1,0.4,0.4%,5.15,27.0,50.0,60.0,*64,
125,Masyn Winn,24,STL,NL,113,.331,105,.324,.101,0.9,22.1,9.7,85.3,26.7,24.0,40.0,20.0,0.68,29.3,53.3,17.3,1.0,0.5%,2.50,35.1,100.0,50.0,*6,
126,José Caballero,29,NYY,AL,112,.339,103,.325,.133,2.7,22.3,3.6,80.6,27.5,18.8,48.8,18.8,1.05,33.8,52.5,13.8,1.4,0.9%,-1.88,28.1,75.0,75.0,*6,
127,Nick Gonzales,27,PIT,NL,112,.342,111,.398,.048,0.0,18.8,5.4,87.5,42.2,28.9,51.8,15.7,1.08,32.5,48.2,19.3,0.1,0.0%,3.56,31.7,66.7,66.7,54/6H,
128,Kyle Karros,23,COL,NL,112,.291,62,.265,.065,0.9,22.3,16.1,90.2,39.7,37.7,39.1,15.9,0.64,20.3,60.9,18.8,-0.8,-0.3%,-6.94,36.1,100.0,37.5,*5/H,
129,Isaac Paredes,27,HOU,AL,112,.341,110,.282,.131,2.7,16.1,8.0,87.5,25.9,25.9,28.4,33.3,0.40,45.7,43.2,11.1,0.5,0.3%,5.54,34.3,,60.0,5/34DH,
130,Caleb Durbin,26,BOS,AL,111,.255,52,.195,.091,0.9,14.4,9.0,85.1,30.5,18.1,60.2,14.5,1.56,27.7,62.7,9.6,-1.0,-0.5%,-3.85,39.3,75.0,54.5,*5/H,
131,Andrés Giménez*,27,TOR,AL,111,.324,89,.291,.162,2.7,15.3,3.6,85.9,27.8,18.9,47.8,25.6,0.93,35.6,42.2,22.2,0.9,0.5%,1.78,20.7,100.0,0.0,*6/H,
132,Nasim Nuñez#,25,WSN,NL,111,.286,60,.264,.011,0.0,19.8,12.6,81.1,18.9,25.7,47.3,16.2,1.03,25.7,54.1,20.3,-0.5,-0.4%,0.14,42.9,87.5,62.5,*4/6HD,
133,Geraldo Perdomo#,26,ARI,NL,111,.326,99,.263,.135,0.9,12.6,16.2,83.2,25.6,24.1,46.8,19.0,1.00,41.8,48.1,10.1,-0.7,-0.4%,-7.61,26.3,66.7,37.5,*6,
134,Evan Carter*,23,TEX,AL,110,.308,94,.226,.144,2.7,23.6,13.6,84.9,38.2,25.0,25.0,32.4,0.36,30.9,51.5,17.6,0.0,0.0%,-1.05,23.3,100.0,55.6,*8/H,
135,Spencer Steer,28,CIN,NL,110,.338,102,.277,.216,4.5,25.5,8.2,89.8,41.5,18.6,37.1,38.6,0.59,28.6,57.1,14.3,0.3,0.1%,-0.36,26.7,100.0,75.0,*7/395H,
136,Jake Bauers*,30,MIL,NL,109,.343,112,.288,.200,4.6,20.2,8.3,93.4,55.1,20.5,46.2,28.2,0.86,39.7,42.3,17.9,-0.1,0.1%,4.68,46.7,75.0,45.5,*3/H7,
137,Sal Frelick*,26,MIL,NL,109,.295,81,.211,.122,2.8,11.9,11.9,85.5,26.6,13.9,51.9,21.5,1.11,36.7,54.4,8.9,-0.2,-0.1%,-2.59,38.7,50.0,25.0,*9/HD,
138,Teoscar Hernández,33,LAD,NL,109,.311,91,.297,.163,3.7,28.4,9.2,90.2,41.8,19.1,45.6,29.4,0.84,26.5,54.4,19.1,-0.2,0.0%,-0.65,41.4,100.0,38.5,*7,
139,Connor Norby,26,MIA,NL,109,.319,96,.305,.151,2.8,29.4,10.1,88.2,38.7,16.1,41.9,33.9,0.72,25.8,56.5,17.7,-0.9,-0.5%,-7.17,12.1,66.7,50.0,*3/D5,
140,Daulton Varsho*,29,TOR,AL,109,.324,92,.257,.173,3.7,18.3,8.3,84.7,33.3,32.1,35.9,23.1,0.56,35.9,51.3,12.8,0.6,0.3%,1.59,25.8,100.0,40.0,*8/H,
141,Matt Wallner*,28,MIN,AL,109,.260,56,.255,.116,2.8,37.6,9.2,89.3,44.4,25.9,51.9,18.5,1.08,44.4,46.3,9.3,-0.9,-0.6%,-8.86,33.3,0.0,20.0,*9/H,
142,Jarren Duran*,29,BOS,AL,108,.234,31,.225,.080,0.9,25.9,6.5,90.1,42.9,16.7,54.2,16.7,1.18,31.9,55.6,12.5,-0.5,-0.2%,-3.64,58.3,100.0,83.3,*7/8DH,
143,Michael Harris II*,25,ATL,NL,108,.389,143,.333,.218,5.6,16.7,5.6,94.8,56.6,23.8,51.2,21.4,1.05,36.9,57.1,6.0,0.6,0.6%,6.88,15.6,100.0,22.2,*8/DH,
144,Brooks Lee#,25,MIN,AL,108,.338,106,.257,.172,4.6,18.5,7.4,87.6,34.2,22.8,36.7,30.4,0.60,25.3,54.4,20.3,0.4,0.3%,3.27,24.1,66.7,75.0,*6/H,
145,Jacob Young,26,WSN,NL,108,.293,83,.275,.109,1.9,17.6,4.6,87.3,34.9,30.1,41.0,20.5,0.74,25.3,53.0,21.7,0.2,0.1%,-0.38,31.0,50.0,83.3,*8/H,
146,Marcell Ozuna,35,PIT,NL,107,.224,27,.206,.081,1.9,27.1,6.5,88.0,37.7,24.3,30.0,27.1,0.43,24.3,54.3,21.4,-1.3,-0.7%,-11.32,18.2,,50.0,*D/H,
147,Dillon Dingler,27,DET,AL,106,.371,130,.261,.226,4.7,17.9,6.6,91.0,54.1,27.0,45.9,25.7,0.85,29.7,64.9,5.4,0.4,0.2%,3.36,20.7,,71.4,*2/HD,
148,Troy Johnston*,29,COL,NL,106,.361,117,.389,.135,1.9,20.8,7.5,87.7,41.3,34.7,36.0,22.7,0.60,25.3,60.0,14.7,0.9,0.3%,5.14,18.9,50.0,50.0,93/7DH,
149,Nolan Arenado,35,ARI,NL,105,.352,117,.297,.173,4.8,19.0,5.7,83.2,25.3,24.1,35.4,25.3,0.55,29.1,60.8,10.1,0.3,0.2%,5.07,35.7,,22.2,*5,
150,Jake Cronenworth*,32,SDP,NL,105,.247,42,.179,.056,1.0,20.0,13.3,86.7,34.3,17.6,54.4,16.2,1.28,30.9,54.4,14.7,-1.0,-0.6%,-7.61,42.9,100.0,50.0,*4/56H,
151,Francisco Lindor#,32,NYM,NL,105,.310,93,.264,.129,1.9,18.1,10.5,90.9,43.2,28.4,39.2,25.7,0.64,35.1,51.4,13.5,-0.2,-0.2%,-1.65,38.7,66.7,38.5,*6,
152,Brandon Marsh*,28,PHI,NL,105,.365,119,.351,.182,3.8,21.9,3.8,91.4,50.6,24.4,46.2,28.2,0.86,28.2,50.0,21.8,0.0,0.2%,2.29,30.0,100.0,44.4,*7/89H,
153,Jeff McNeil*,34,ATH,AL,105,.333,105,.316,.099,1.0,11.4,9.5,86.5,33.3,33.3,43.2,14.8,0.78,32.1,49.4,18.5,-0.1,-0.1%,-2.76,21.6,33.3,22.2,*4/H935,
154,Cedric Mullins*,31,TBR,AL,105,.208,10,.139,.105,1.9,21.0,4.8,84.7,34.2,21.3,20.0,33.3,0.27,33.3,50.7,16.0,-1.0,-0.8%,-10.82,33.3,85.7,22.2,*8/H,
155,Ceddanne Rafaela,25,BOS,AL,105,.307,100,.343,.116,1.0,22.9,5.7,89.3,42.0,31.0,40.8,21.1,0.69,23.9,53.5,22.5,0.0,0.0%,0.45,34.3,0.0,50.0,*8/H,
156,Lawrence Butler*,25,ATH,AL,104,.261,49,.222,.117,2.9,26.9,9.6,89.5,48.5,21.2,48.5,24.2,0.97,33.3,54.5,12.1,-0.6,-0.4%,-5.52,29.2,66.7,40.0,*98/H,
157,Luis García Jr.*,26,WSN,NL,104,.298,81,.289,.111,1.0,15.4,3.8,92.4,47.6,25.0,48.8,20.2,0.95,29.8,54.8,15.5,1.0,0.5%,9.31,46.4,100.0,25.0,*3/DH,
158,Liam Hicks*,27,MIA,NL,104,.400,152,.275,.261,6.7,7.7,6.7,88.3,40.7,31.0,40.2,23.0,0.67,39.1,49.4,11.5,0.3,0.1%,9.13,35.5,100.0,37.5,2/3DH,
159,Jeremiah Jackson,26,BAL,AL,104,.348,118,.296,.210,5.8,23.1,1.9,88.6,35.5,19.5,50.6,24.7,1.03,31.2,50.6,18.2,0.4,0.0%,5.22,16.7,50.0,100.0,*4/H,
160,Max Muncy,23,ATH,AL,104,.321,92,.364,.163,1.9,35.6,5.8,92.5,56.1,19.3,49.1,26.3,0.97,38.6,43.9,17.5,-0.2,-0.1%,-3.49,43.3,66.7,38.5,*5/D,
161,Carter Jensen*,22,KCR,AL,103,.369,131,.309,.222,5.8,29.1,10.7,91.0,44.3,21.3,37.7,32.8,0.61,42.6,44.3,13.1,0.0,0.0%,3.17,24.1,,55.6,D2/H,
162,Spencer Horwitz*,28,PIT,NL,102,.346,113,.265,.131,2.9,14.7,14.7,85.6,28.2,22.5,46.5,22.5,0.87,33.8,43.7,22.5,0.0,-0.1%,-0.09,23.5,,36.4,*3/H,
163,Casey Schmitt,27,SFG,NL,102,.388,148,.338,.237,3.9,18.6,3.9,90.1,47.3,18.7,32.0,37.3,0.47,36.0,52.0,12.0,0.0,-0.1%,3.46,25.0,100.0,50.0,D/35,
164,J.P. Crawford*,31,SEA,AL,101,.323,107,.226,.113,2.0,15.8,18.8,88.9,41.3,26.6,45.3,20.3,0.85,31.3,48.4,20.3,-0.2,-0.1%,0.34,31.4,50.0,16.7,*6/DH,
165,Angel Martínez#,24,CLE,AL,101,.349,115,.290,.223,5.0,19.8,3.0,86.0,39.5,26.3,38.2,23.7,0.66,28.9,55.3,15.8,-0.4,-0.2%,-0.78,28.0,71.4,37.5,*7/98H,
166,Jesús Sánchez*,28,TOR,AL,101,.315,87,.264,.176,4.0,17.8,5.0,93.1,50.0,26.3,42.1,26.3,0.73,31.6,47.4,21.1,-0.2,-0.1%,-0.97,26.9,100.0,27.3,*79/HD,
167,Konnor Griffin,20,PIT,NL,100,.308,74,.317,.110,2.0,30.0,6.0,86.7,30.6,22.6,50.0,21.0,1.03,27.4,45.2,27.4,0.1,0.2%,1.09,29.6,100.0,42.9,*6/H,
168,Eugenio Suárez,34,CIN,NL,100,.315,87,.310,.132,3.0,30.0,9.0,84.8,20.7,26.2,37.7,24.6,0.61,37.7,47.5,14.8,0.5,0.1%,-1.47,25.9,,75.0,D/5H,
169,Mike Yastrzemski*,35,ATL,NL,100,.268,59,.288,.066,0.0,25.0,8.0,89.7,39.4,21.2,48.5,25.8,0.97,43.9,40.9,15.2,-0.4,-0.3%,-3.52,42.9,100.0,50.0,*7/H89,
170,Jac Caglianone*,23,KCR,AL,99,.324,103,.377,.148,2.0,33.3,9.1,95.2,54.5,30.9,45.5,21.8,0.83,38.2,50.9,10.9,-0.7,-0.5%,-6.39,29.0,0.0,40.0,*9/DH3,
171,Kerry Carpenter*,28,DET,AL,99,.354,117,.277,.282,6.1,34.3,10.1,93.1,55.8,18.9,34.0,43.4,0.51,37.7,47.2,15.1,0.5,0.5%,4.21,12.0,,11.1,9/DH7,
172,Justin Crawford*,22,PHI,NL,99,.315,92,.338,.100,0.0,19.2,7.1,87.0,35.2,19.7,57.7,16.9,1.46,22.5,56.3,21.1,0.1,0.1%,-2.81,24.2,50.0,12.5,*8/H,
173,Garrett Mitchell*,27,MIL,NL,99,.345,118,.439,.128,1.0,36.4,19.2,88.7,48.8,20.9,51.2,16.3,1.10,32.6,48.8,18.6,0.6,0.4%,9.65,34.2,62.5,66.7,*8/HD,
174,Yoán Moncada#,31,LAA,AL,99,.302,85,.261,.134,3.0,33.3,15.2,90.5,43.8,24.5,36.7,36.7,0.58,32.7,53.1,14.3,-0.5,-0.4%,-3.67,20.7,,8.3,*5/HD,
175,Will Smith,31,LAD,NL,99,.317,97,.296,.112,3.0,16.2,9.1,88.8,36.5,24.3,31.1,37.8,0.45,17.6,55.4,27.0,0.6,0.3%,4.60,26.7,,44.4,*2/H,
176,Francisco Alvarez,24,NYM,NL,98,.326,104,.250,.179,4.1,21.4,9.2,89.2,40.6,15.6,50.0,26.6,1.00,40.6,46.9,12.5,-0.6,-0.2%,-5.36,15.4,,33.3,*2/HD,
177,Brett Baty*,26,NYM,NL,98,.276,65,.281,.100,1.0,27.6,6.1,89.2,36.9,24.6,47.7,23.1,0.94,33.8,47.7,18.5,-0.5,-0.3%,-3.31,41.7,100.0,44.4,9/3DH54,
178,Luis Robert Jr.,28,NYM,NL,98,.307,94,.258,.106,2.0,17.3,13.3,90.0,41.8,17.6,47.1,25.0,0.89,26.5,55.9,17.6,-0.4,-0.2%,-1.33,25.8,50.0,33.3,*8/H,
179,Josh Smith*,28,TEX,AL,98,.259,68,.242,.024,0.0,18.4,13.3,86.5,37.9,21.2,33.3,33.3,0.52,28.8,42.4,28.8,-0.5,-0.3%,-3.41,19.4,66.7,57.1,*4/HD,
180,Carson Benge*,23,NYM,NL,97,.275,57,.231,.089,2.1,23.7,7.2,91.1,41.8,28.4,46.3,22.4,0.86,25.4,55.2,19.4,-1.0,-0.5%,-7.04,31.8,100.0,42.9,*79/8H,
181,Andrew Benintendi*,31,CHW,AL,97,.278,68,.309,.167,2.1,35.1,6.2,90.5,62.5,28.1,28.1,36.8,0.39,52.6,36.8,10.5,0.0,-0.1%,-4.40,34.8,,40.0,D/7H9,
182,Yainer Diaz,27,HOU,AL,97,.269,64,.273,.109,2.1,15.5,3.1,87.9,27.8,21.5,55.7,17.7,1.26,17.7,59.5,22.8,-1.0,-0.5%,-4.17,20.8,0.0,14.3,2/D,
183,Kyle Manzardo*,25,CLE,AL,97,.244,43,.288,.058,1.0,35.1,8.2,87.0,26.4,20.8,41.5,22.6,0.73,36.5,50.0,13.5,-0.7,-0.5%,-8.10,8.0,,0.0,3/DH,
184,Mickey Moniak*,28,COL,NL,97,.431,163,.351,.337,8.2,25.8,6.2,89.8,36.9,16.9,30.8,38.5,0.44,44.6,43.1,12.3,0.0,0.0%,4.55,25.9,100.0,50.0,79/8DH,
185,Owen Caissie*,23,MIA,NL,96,.273,62,.340,.138,2.1,42.7,5.2,90.1,46.9,32.7,36.7,24.5,0.60,16.3,73.5,10.2,0.5,0.3%,-2.26,36.4,100.0,66.7,*9/HD,
186,Ryan Jeffers,29,MIN,AL,96,.417,160,.328,.203,4.2,17.7,15.6,91.3,41.3,24.2,29.0,33.9,0.40,25.4,47.6,27.0,1.0,0.5%,12.88,37.1,100.0,35.7,2/DH,
187,Colt Keith*,24,DET,AL,96,.341,108,.411,.076,0.0,19.8,4.2,93.7,52.8,21.9,47.9,23.3,0.92,39.7,49.3,11.0,0.2,0.1%,-1.20,41.2,,60.0,5D/H3,
188,Giancarlo Stanton,36,NYY,AL,96,.333,102,.345,.167,3.1,30.2,6.3,94.1,44.3,29.5,29.5,27.9,0.42,32.8,54.1,13.1,0.2,0.3%,-2.46,19.2,100.0,33.3,*D/H,
189,Luis Rengifo#,29,MIL,NL,95,.242,39,.216,.094,0.0,12.6,7.4,86.3,36.0,29.3,48.0,18.7,0.95,29.7,54.1,16.2,-0.3,-0.2%,-4.30,37.5,100.0,33.3,*5/H3,
190,Bryson Stott*,28,PHI,NL,95,.257,37,.261,.069,0.0,18.9,5.3,88.7,43.7,18.3,43.7,29.6,0.82,39.4,52.1,8.5,-0.4,-0.3%,-9.76,20.8,100.0,42.9,*4/H,
191,Ildemaro Vargas#,34,ARI,NL,95,.474,205,.384,.311,6.3,11.6,3.2,85.5,35.0,32.5,40.0,17.5,0.71,37.5,48.8,13.8,0.7,0.5%,10.42,40.6,,20.0,3/4567DH,
192,Victor Caratini#,32,MIN,AL,93,.294,76,.246,.052,1.1,16.1,8.6,87.6,31.8,30.3,48.5,18.2,0.94,34.8,54.5,10.6,-0.5,-0.4%,-4.01,14.3,,21.4,2/3DH,
193,Isaac Collins#,28,KCR,AL,93,.304,91,.306,.089,2.2,30.1,12.9,88.6,35.3,19.6,35.3,31.4,0.55,31.4,49.0,19.6,-0.7,-0.1%,-2.71,34.5,33.3,50.0,*7/DH,
194,Brenton Doyle,28,COL,NL,93,.283,55,.333,.071,1.1,34.4,9.7,88.5,38.8,23.1,48.1,23.1,1.00,30.8,65.4,3.8,-0.8,-0.4%,-6.66,46.4,77.8,50.0,*8/H,
195,Logan O'Hoppe,26,LAA,AL,93,.279,70,.273,.051,1.1,24.7,11.8,87.4,41.1,16.1,42.9,30.4,0.75,32.1,51.8,16.1,-0.1,0.0%,-1.47,27.6,,15.4,*2/H,
196,Luke Raley*,31,SEA,AL,93,.339,121,.348,.244,5.4,37.6,5.4,91.8,51.0,27.5,37.3,29.4,0.61,35.3,47.1,17.6,-0.5,-0.3%,0.38,26.1,0.0,66.7,*9/HD,
197,Samuel Basallo*,21,BAL,AL,92,.332,105,.264,.207,5.4,26.1,10.9,92.5,47.4,24.1,37.9,27.6,0.61,32.8,50.0,17.2,0.4,0.2%,-1.30,20.8,,33.3,2/D3H,
198,Nathan Church*,25,STL,NL,92,.321,99,.250,.200,5.4,23.9,4.3,85.3,38.5,18.5,46.2,26.2,0.91,30.8,50.8,18.5,0.4,0.0%,0.08,38.1,100.0,50.0,*7/8H9,
199,Oswald Peraza,26,LAA,AL,92,.373,130,.352,.195,4.3,26.1,7.6,86.2,39.0,32.2,35.6,18.6,0.60,30.5,55.9,13.6,-0.1,0.1%,0.77,20.0,83.3,12.5,54/H,
200,Victor Scott II*,25,STL,NL,92,.223,28,.245,.051,1.1,27.2,6.5,78.6,27.6,20.0,48.3,11.7,1.45,31.7,55.0,13.3,-0.4,-0.3%,-5.57,42.9,71.4,62.5,*8/DH,
201,David Hamilton*,28,MIL,NL,91,.297,79,.305,.027,0.0,17.6,12.1,75.8,27.9,12.9,45.2,21.0,1.22,30.6,46.8,22.6,-0.2,-0.1%,3.35,46.7,71.4,45.5,56/4H,
202,Edouard Julien*,27,COL,NL,91,.369,125,.400,.139,2.2,24.2,12.1,90.7,43.9,24.6,54.4,21.1,1.19,29.8,59.6,10.5,0.6,0.3%,6.06,31.4,50.0,57.1,4/D3H,
203,Gavin Sheets*,30,SDP,NL,91,.325,97,.258,.244,4.4,22.0,4.4,88.8,45.5,22.7,45.5,19.7,0.83,33.3,47.0,19.7,0.4,0.2%,0.18,33.3,100.0,36.4,3/DH7,
204,Dylan Beavers*,24,BAL,AL,90,.289,77,.281,.114,2.2,23.3,10.0,86.3,40.0,18.3,45.0,25.0,0.84,31.7,55.0,13.3,-0.2,-0.2%,-2.24,34.6,50.0,44.4,9/D87H,
205,Alek Thomas*,26,ARI,NL,90,.262,45,.219,.165,2.2,21.1,3.3,87.7,43.1,22.4,38.8,26.9,0.67,28.4,47.8,23.9,-0.3,-0.2%,-4.53,44.4,100.0,66.7,*8,
206,Ben Williamson,25,TBR,AL,89,.308,82,.328,.088,0.0,21.3,9.0,86.2,32.3,33.9,50.0,11.3,1.03,22.6,45.2,32.3,-0.3,-0.1%,2.89,44.8,100.0,50.0,4/H651D,
207,Carson Kelly,31,CHC,NL,88,.391,156,.362,.133,2.3,17.0,13.6,91.1,50.0,23.3,45.0,21.7,0.82,28.3,58.3,13.3,0.2,-0.1%,4.51,29.4,,25.0,2/H3D,
208,Leo Rivas#,28,SEA,AL,88,.230,38,.229,.041,0.0,30.7,11.4,85.3,12.2,22.4,36.7,28.6,0.60,28.6,63.3,8.2,-0.6,-0.4%,-5.27,25.0,100.0,63.6,5/6DH,
209,Alex Freeland#,24,LAD,NL,87,.279,69,.333,.091,1.1,29.9,8.0,88.3,40.7,22.2,50.0,20.4,1.08,35.2,50.0,14.8,0.1,0.1%,-3.91,29.2,,50.0,*4/H,
210,Daniel Schneemann*,29,CLE,AL,87,.408,162,.438,.244,4.6,29.9,10.3,90.0,40.4,30.8,34.6,30.8,0.53,30.8,53.8,15.4,0.6,0.5%,9.34,25.0,50.0,66.7,8/54H6,
211,Austin Wells*,26,NYY,AL,87,.311,88,.208,.143,3.4,17.2,18.4,90.3,47.3,16.1,42.9,33.9,0.77,44.6,37.5,17.9,-0.5,-0.3%,-2.97,11.1,,25.0,*2/H,
212,José Fernández,22,ARI,NL,86,.373,134,.393,.145,3.5,22.1,3.5,87.5,45.3,23.4,43.8,12.5,0.82,40.6,43.8,15.6,1.1,0.7%,7.27,51.7,50.0,40.0,/D356H,
213,Austin Martin,27,MIN,AL,86,.421,169,.373,.109,1.2,15.1,22.1,86.2,36.5,23.1,48.1,23.1,0.93,36.5,48.1,15.4,0.6,0.5%,6.04,23.8,57.1,20.0,*7/H98,
214,Coby Mayo,24,BAL,AL,86,.260,54,.200,.156,3.5,29.1,9.3,89.0,39.6,18.9,37.7,32.1,0.61,43.4,43.4,13.2,-0.8,-0.5%,-5.20,31.6,100.0,33.3,*5/3DH,
215,Tyler Stephenson,29,CIN,NL,86,.285,65,.234,.123,2.3,29.1,14.0,94.7,58.3,22.4,24.5,46.9,0.32,16.3,61.2,22.4,-0.3,-0.2%,-4.71,13.0,,0.0,*2,
216,Willi Castro#,29,COL,NL,85,.299,76,.383,.104,1.2,34.1,8.2,88.5,43.8,22.9,39.6,33.3,0.66,27.1,50.0,22.9,-0.6,-0.5%,1.12,42.3,50.0,50.0,*4/5637H,
217,Rhys Hoskins,33,CLE,AL,85,.320,96,.295,.116,1.2,28.2,18.8,90.0,44.4,22.2,33.3,31.1,0.50,40.0,37.8,22.2,-0.3,-0.2%,-2.64,37.9,,31.3,3/DH,
218,Trevor Larnach*,29,MIN,AL,85,.401,149,.333,.134,1.2,17.6,21.2,86.6,30.8,32.7,38.5,21.2,0.63,34.6,53.8,11.5,0.2,0.2%,5.04,34.3,100.0,55.6,7/HD,
219,Brandon Lockridge,29,MIL,NL,85,.311,80,.380,.041,0.0,28.2,11.8,81.9,30.6,11.8,62.7,13.7,2.13,16.0,60.0,24.0,0.4,0.3%,-0.62,21.9,100.0,50.0,*7/8H3,
220,Josh Lowe*,28,LAA,AL,85,.265,57,.200,.169,4.7,28.2,5.9,85.4,29.1,14.5,30.9,40.0,0.47,30.9,56.4,12.7,-0.6,-0.3%,-2.43,17.6,100.0,0.0,*7/H89,
221,Marcelo Mayer*,23,BOS,AL,85,.319,94,.290,.120,1.2,15.3,8.2,87.6,43.5,15.9,50.8,28.6,1.03,33.3,50.8,15.9,-0.3,-0.3%,-1.36,23.1,100.0,66.7,*4/H,
222,Joc Pederson*,34,TEX,AL,85,.311,104,.286,.099,2.4,24.7,14.1,91.6,52.9,21.6,33.3,37.3,0.52,27.5,47.1,25.5,-0.4,-0.4%,-3.02,33.3,,45.5,*D/H3,
223,Wyatt Langford,24,TEX,AL,84,.290,84,.300,.125,1.2,22.6,4.8,90.8,37.7,21.3,45.9,21.3,0.85,19.7,55.7,24.6,-0.1,0.0%,-5.30,36.4,100.0,28.6,7/8D,
224,Ke'Bryan Hayes,29,CIN,NL,83,.208,11,.138,.078,1.2,13.3,7.2,91.3,41.9,25.8,33.3,34.8,0.50,9.1,65.2,25.8,-0.8,-0.5%,-8.09,31.3,,0.0,*5/H,
225,Kyle Isbel*,29,KCR,AL,83,.376,127,.360,.167,3.6,22.9,4.8,80.7,31.6,26.3,33.3,19.3,0.61,24.6,52.6,22.8,-0.1,-0.1%,2.06,30.8,100.0,50.0,*8/H,
226,Edgar Quero#,23,CHW,AL,83,.230,30,.208,.014,0.0,20.5,10.8,86.8,25.9,14.5,54.5,23.6,1.36,25.5,60.0,14.5,-0.6,-0.4%,-6.49,13.6,100.0,20.0,*2/H,
227,Mark Vientos,26,NYM,NL,83,.286,76,.286,.118,2.4,22.9,7.2,88.4,39.7,17.2,48.3,27.6,0.93,22.4,56.9,20.7,-0.4,-0.3%,-3.08,22.7,,0.0,*3/HD,
228,Javier Báez,33,DET,AL,82,.297,80,.295,.141,2.4,19.5,2.4,84.7,29.0,27.0,44.4,19.0,0.80,25.4,61.9,12.7,-1.0,-0.5%,-7.51,38.1,50.0,66.7,68/4,
229,Kody Clemens*,30,MIN,AL,82,.301,81,.250,.169,3.7,29.3,9.8,89.9,39.6,25.0,33.3,35.4,0.52,39.6,43.8,16.7,-0.3,-0.2%,-0.88,14.3,66.7,50.0,3/47H,
230,Ryan McMahon*,31,NYY,AL,82,.259,53,.233,.083,2.4,32.9,12.2,91.3,53.3,15.6,48.9,33.3,1.00,35.6,46.7,17.8,-0.5,-0.4%,-4.27,20.0,,0.0,*5/6H,
231,Luisangel Acuña,24,CHW,AL,81,.223,20,.210,.014,0.0,13.6,7.4,87.3,38.1,14.3,60.3,19.0,1.58,15.9,68.3,15.9,-0.6,-0.3%,-7.14,31.8,85.7,50.0,8/6H,
232,Patrick Bailey#,27,SFG,NL,81,.201,14,.185,.041,1.2,23.5,8.6,91.2,46.3,25.5,45.5,23.6,0.83,27.3,56.4,16.4,-0.9,-0.4%,-6.58,23.5,100.0,33.3,*2,
233,Nick Fortes,29,TBR,AL,81,.317,94,.308,.105,1.2,12.3,2.5,87.0,42.4,19.7,56.1,13.6,1.32,30.3,62.1,7.6,0.5,0.2%,-2.63,16.0,,22.2,*2/H,
234,Matt Shaw,24,CHC,NL,80,.374,145,.333,.205,3.8,17.5,6.3,85.6,32.8,29.5,37.7,23.0,0.64,27.9,49.2,23.0,-0.5,-0.2%,1.72,26.9,66.7,40.0,9H/D45378,
235,Moisés Ballesteros*,22,CHC,NL,79,.433,185,.345,.282,6.3,15.2,8.9,91.9,53.3,25.0,45.0,26.7,0.82,31.7,48.3,20.0,0.8,0.4%,12.21,26.9,,33.3,*D/H2,
236,Seiya Suzuki,31,CHC,NL,79,.435,188,.395,.239,6.3,24.1,12.7,89.8,47.9,33.3,29.2,29.2,0.41,22.9,50.0,27.1,-0.4,-0.4%,2.43,31.0,,12.5,9/DH,
237,Leody Taveras#,27,BAL,AL,79,.379,141,.354,.167,2.5,20.3,15.2,86.2,37.3,33.3,25.5,31.4,0.35,23.5,56.9,19.6,0.7,0.4%,7.62,26.7,50.0,54.5,*8/H9,
238,Carlos Cortes*,29,ATH,AL,78,.489,207,.397,.275,5.1,9.0,10.3,91.9,51.7,29.0,48.4,19.4,0.94,29.0,58.1,12.9,0.8,0.6%,7.82,12.5,,37.5,9/D7H,
239,Nick Yorke,24,PIT,NL,78,.286,71,.264,.088,1.3,19.2,9.0,90.7,50.0,16.7,51.9,29.6,1.08,20.4,53.7,25.9,-0.4,-0.3%,-6.22,20.0,,40.0,5/H93D,
240,Jake Mangum#,30,PIT,NL,77,.311,77,.358,.029,0.0,22.1,7.8,79.6,32.1,14.8,63.0,11.1,2.13,20.4,51.9,27.8,0.0,-0.1%,-1.77,46.2,100.0,36.4,*7/H98,
241,Gary Sánchez,33,MIL,NL,77,.404,156,.225,.311,6.5,20.8,19.5,89.3,40.0,20.0,40.0,24.4,0.67,37.8,46.7,15.6,0.3,0.1%,4.81,20.0,,20.0,D/23H,
242,Royce Lewis,27,MIN,AL,76,.323,92,.238,.167,3.9,27.6,11.8,89.1,44.4,20.0,35.6,31.1,0.55,33.3,55.6,11.1,-0.5,-0.3%,-0.15,20.0,100.0,60.0,5,
243,Joey Ortiz,27,MIL,NL,76,.234,35,.260,.000,0.0,21.1,10.5,83.5,32.7,15.4,50.0,15.4,1.13,19.2,67.3,13.5,-0.4,-0.3%,-3.25,45.8,66.7,45.5,*6/HD,
244,Jorbit Vivas*,25,WSN,NL,76,.324,108,.321,.048,0.0,10.5,7.9,80.5,24.1,25.9,51.7,12.1,1.15,31.0,51.7,17.2,-0.4,-0.1%,-0.71,42.9,0.0,62.5,5/4HD,
245,Dominic Canzone*,28,SEA,AL,74,.371,141,.333,.239,4.1,23.0,6.8,95.5,51.0,31.4,25.5,35.3,0.34,25.5,54.9,19.6,0.1,-0.1%,2.11,31.8,50.0,66.7,D/H9,
246,Henry Davis,26,PIT,NL,74,.220,21,.200,.046,0.0,20.3,8.1,88.1,35.3,13.7,45.1,25.5,0.85,41.2,49.0,9.8,-0.4,-0.4%,-8.27,36.8,100.0,45.5,*2/H,
247,Heriberto Hernández,26,MIA,NL,74,.252,47,.204,.032,0.0,18.9,13.5,89.0,40.8,18.4,51.0,24.5,1.04,26.5,59.2,14.3,-0.4,-0.2%,-2.12,19.0,75.0,20.0,*7/H9,
248,Danny Jansen,31,TEX,AL,74,.277,86,.302,.134,1.4,31.1,8.1,86.9,31.8,18.2,40.9,18.2,0.69,43.2,47.7,9.1,-0.8,-0.6%,-6.16,20.0,0.0,12.5,2/H,
249,Lane Thomas,30,KCR,AL,74,.330,102,.283,.067,1.4,17.6,17.6,85.8,40.4,23.4,27.7,31.9,0.38,31.9,55.3,12.8,0.4,0.0%,-1.40,17.2,75.0,75.0,*8/79HD,
250,Bo Naylor*,26,CLE,AL,73,.170,-8,.143,.059,1.4,24.7,6.8,88.8,38.0,22.0,36.0,32.0,0.56,26.0,66.0,8.0,-1.3,-0.8%,-10.40,0.0,,50.0,*2/H,
251,Pedro Pagés,27,STL,NL,72,.330,106,.298,.169,4.2,22.2,4.2,84.0,31.4,15.7,43.1,31.4,0.79,37.3,49.0,13.7,-0.3,-0.3%,-3.09,21.1,100.0,25.0,2,
252,Graham Pauley*,25,MIA,NL,72,.248,48,.255,.134,1.4,26.4,5.6,83.0,20.4,14.3,38.8,32.7,0.66,44.9,42.9,12.2,-0.4,-0.3%,-3.26,37.5,50.0,37.5,*5/3H,
253,Tristan Peters*,26,CHW,AL,72,.302,77,.375,.045,0.0,25.0,5.6,80.8,26.5,26.5,24.5,26.5,0.41,49.0,42.9,8.2,0.2,0.2%,-1.74,26.1,100.0,25.0,*8/9H7,
254,Taylor Walls#,29,TBR,AL,72,.258,45,.289,.034,0.0,29.2,11.1,76.3,19.5,14.3,35.7,26.2,0.71,19.0,52.4,28.6,0.0,0.0%,-3.62,45.0,80.0,72.7,6,
255,Miguel Andujar,31,SDP,NL,71,.371,133,.377,.164,1.4,18.3,4.2,89.2,44.4,18.5,51.9,18.5,1.08,38.9,40.7,20.4,0.4,0.1%,0.97,25.0,50.0,0.0,D/5H3,
256,Brendan Donovan*,29,SEA,AL,71,.422,177,.333,.214,4.2,16.9,12.7,83.8,26.7,22.2,44.4,20.0,0.80,42.2,37.8,20.0,0.5,0.3%,7.14,14.3,50.0,55.6,5/DH,
257,Curtis Mead,25,WSN,NL,71,.362,125,.208,.254,5.6,15.5,9.9,89.3,44.2,17.3,46.2,26.9,0.86,42.3,44.2,13.5,-0.7,-0.3%,0.33,44.4,100.0,42.9,3H/4D5,
258,Everson Pereira,25,CHW,AL,71,.339,108,.317,.203,4.2,29.6,5.6,87.7,43.2,18.2,45.5,25.0,0.83,22.7,52.3,25.0,0.1,0.1%,-3.23,21.1,100.0,0.0,9/D8,
259,Dominic Smith*,31,ATL,NL,71,.401,156,.340,.215,5.6,12.7,4.2,88.5,37.9,31.0,27.6,32.8,0.39,27.6,58.6,13.8,1.0,0.4%,7.67,31.8,,20.0,D/H,
260,Blaze Alexander,27,BAL,AL,70,.239,37,.262,.032,0.0,28.6,7.1,90.8,48.8,27.9,48.8,18.6,1.00,25.6,51.2,23.3,-0.5,-0.2%,-7.68,47.1,75.0,50.0,5/46897,
261,Matt Vierling,29,DET,AL,70,.293,72,.250,.145,1.4,15.7,8.6,88.2,42.3,26.4,43.4,22.6,0.77,30.2,54.7,15.1,-0.3,-0.1%,-1.94,31.6,100.0,0.0,*8/97H,
262,Colton Cowser*,26,BAL,AL,68,.222,34,.282,.034,0.0,30.9,10.3,83.9,40.0,20.0,55.0,22.5,1.29,30.0,55.0,15.0,-0.7,-0.5%,-5.75,44.4,0.0,57.1,*9/8H7D,
263,Javier Sanoja,23,MIA,NL,68,.352,120,.364,.048,0.0,10.3,8.8,87.1,32.7,21.8,49.1,18.2,0.96,30.9,54.5,14.5,0.4,0.3%,1.94,3.8,66.7,50.0,5/7H468,
264,Juan Soto*,27,NYM,NL,68,.432,186,.362,.224,4.4,11.8,14.7,92.9,51.0,28.0,34.0,34.0,0.52,36.0,52.0,12.0,0.3,0.1%,5.54,14.8,0.0,37.5,/7D,
265,George Springer,36,TOR,AL,68,.337,107,.256,.167,2.9,22.1,11.8,88.2,42.2,17.8,40.0,28.9,0.67,37.8,46.7,15.6,0.0,0.1%,-0.15,10.5,50.0,50.0,D/H,
266,Jordan Beck,25,COL,NL,67,.215,12,.191,.081,1.5,22.4,6.0,85.0,27.7,16.7,47.9,29.2,0.92,29.2,47.9,22.9,-0.6,-0.1%,-6.12,23.1,66.7,40.0,7/9H,
267,Jake Fraley*,31,TBR,AL,67,.352,113,.310,.200,3.0,23.9,10.4,85.0,25.0,25.0,29.5,31.8,0.42,34.1,45.5,20.5,-0.2,0.1%,-3.11,10.0,100.0,0.0,*9/H,
268,Carlos Narváez,27,BOS,AL,67,.277,66,.302,.125,3.0,28.4,3.0,89.5,45.7,26.1,34.8,28.3,0.57,13.0,60.9,26.1,-0.3,-0.1%,-6.71,26.7,100.0,25.0,2,
269,Jorge Barrosa#,25,ARI,NL,66,.281,65,.297,.200,1.5,33.3,4.5,77.4,20.0,25.0,35.0,25.0,0.70,35.0,47.5,17.5,-0.6,-0.3%,-2.63,35.3,,33.3,*/798H,
270,Joey Loperfido*,27,HOU,AL,66,.319,98,.400,.086,0.0,28.8,9.1,90.0,40.0,17.5,65.0,15.0,1.86,25.0,57.5,17.5,-0.3,-0.1%,-0.13,30.4,50.0,40.0,7/8H9,
271,Jake McCarthy*,28,COL,NL,66,.341,96,.333,.125,0.0,18.2,7.6,77.7,22.9,18.8,39.6,16.7,0.86,20.8,66.7,12.5,0.0,0.0%,-0.44,20.8,75.0,75.0,*78/9H,
272,Ezequiel Durán,27,TEX,AL,65,.361,131,.356,.136,1.5,20.0,9.2,89.8,40.0,21.7,47.8,17.4,0.96,21.7,50.0,28.3,0.1,-0.1%,2.34,33.3,100.0,85.7,/475H96,
273,Tyler Freeman,27,COL,NL,65,.325,89,.313,.071,1.5,10.8,3.1,82.7,31.4,25.0,46.2,19.2,1.00,21.2,57.7,21.2,-0.1,0.0%,-2.16,13.6,66.7,33.3,9/D4H,
274,Brice Matthews,24,HOU,AL,64,.304,82,.323,.172,3.1,39.1,7.8,83.8,32.4,29.4,44.1,17.6,0.88,38.2,55.9,5.9,-0.2,0.0%,0.38,25.0,100.0,33.3,7/84H5,
275,Adley Rutschman#,28,BAL,AL,64,.462,196,.362,.305,6.3,12.5,7.8,89.7,47.1,29.4,33.3,31.4,0.50,31.4,52.9,15.7,0.5,0.3%,7.55,22.7,,33.3,2/DH,
276,Jonny DeLuca,27,TBR,AL,63,.342,111,.319,.183,3.2,17.5,4.8,85.2,32.7,22.4,38.8,18.4,0.68,26.5,49.0,24.5,-0.6,-0.5%,-0.30,50.0,66.7,75.0,9/H8D,
277,Brent Rooker,31,ATH,AL,63,.226,19,.125,.111,3.2,34.9,11.1,87.2,35.3,14.7,47.1,35.3,0.89,35.3,55.9,8.8,0.1,0.2%,-5.62,27.3,100.0,50.0,D/9,
278,Amed Rosario,30,NYY,AL,63,.352,117,.250,.263,6.3,17.5,6.3,90.9,39.6,20.8,43.8,27.1,0.78,31.3,54.2,14.6,0.6,0.5%,2.72,20.0,,50.0,5/49H7D,
279,Ramón Urías,32,STL,NL,63,.290,88,.175,.170,3.2,19.0,9.5,90.0,38.1,14.3,42.9,33.3,0.75,23.8,59.5,16.7,-0.2,-0.2%,-1.76,41.2,0.0,16.7,5/H36,
280,Joey Wiemer,27,WSN,NL,63,.425,172,.517,.255,4.8,36.5,12.7,87.7,41.9,18.8,53.1,18.8,1.21,31.3,50.0,18.8,0.4,0.1%,4.72,38.5,100.0,83.3,9/8HD1,
281,Lenyn Sosa,26,2TM,AL,63,.222,25,.265,.082,0.0,20.6,0.0,88.5,36.0,26.0,30.0,28.0,0.44,26.0,52.0,22.0,-0.3,-0.2%,-5.51,28.6,,50.0,/D4H3,
281,Lenyn Sosa,26,CHW,AL,33,.227,33,.269,.091,0.0,21.2,0.0,90.7,42.3,34.6,34.6,19.2,0.53,34.6,50.0,15.4,-0.2,-0.1%,-3.19,25.0,,0.0,/DH34,
281,Lenyn Sosa,26,TOR,AL,30,.215,16,.261,.071,0.0,20.0,0.0,86.1,29.2,16.7,25.0,37.5,0.35,16.7,54.2,29.2,-0.1,-0.1%,-2.32,33.3,,100.0,/43DH,
282,Hyeseong Kim*,27,LAD,NL,62,.353,115,.366,.093,1.6,21.0,11.3,86.2,21.4,35.7,40.5,23.8,0.68,14.3,69.0,16.7,0.2,0.1%,2.19,27.3,83.3,80.0,6/4,
283,Adrian Del Castillo*,26,ARI,NL,61,.284,68,.270,.155,3.3,31.1,4.9,87.1,36.8,23.1,38.5,30.8,0.63,25.6,56.4,17.9,0.3,0.0%,-0.05,30.8,,25.0,/2D3H,
284,Adam Frazier*,34,LAA,AL,61,.357,124,.382,.173,1.6,27.9,9.8,80.3,18.9,18.9,48.6,24.3,1.06,40.5,43.2,16.2,0.3,0.1%,0.93,55.0,,50.0,4/7H1,
285,Jorge Polanco#,32,NYM,NL,61,.240,43,.205,.107,1.6,18.0,8.2,87.2,33.3,31.1,37.8,22.2,0.61,37.8,44.4,17.8,-0.2,-0.1%,-3.41,14.3,,0.0,D/3,
286,J.T. Realmuto,35,PHI,NL,61,.315,89,.310,.093,1.6,18.0,8.2,88.4,39.5,25.6,41.9,32.6,0.72,34.9,53.5,11.6,-0.3,-0.2%,-0.90,20.0,,28.6,2,
287,Davis Schneider,27,TOR,AL,61,.272,59,.172,.104,1.6,29.5,21.3,86.8,40.0,13.3,40.0,36.7,0.67,30.0,46.7,23.3,0.3,0.1%,-1.24,50.0,,50.0,7H/4D,
288,Denzel Clarke,26,ATH,AL,60,.207,1,.310,.019,0.0,40.0,6.7,85.7,48.4,12.5,65.6,6.3,2.63,34.4,40.6,25.0,-0.3,-0.2%,-3.77,26.7,100.0,25.0,*8/H,
289,Miguel Amaya,27,CHC,NL,59,.353,129,.286,.140,3.4,22.0,11.9,84.7,21.6,16.2,43.2,27.0,0.76,27.0,56.8,16.2,0.4,0.1%,1.21,42.1,,40.0,2/DH3,
290,Nick Castellanos,34,SDP,NL,59,.232,31,.216,.109,1.7,28.8,6.8,88.4,36.8,31.6,28.9,36.8,0.41,50.0,39.5,10.5,-0.1,0.0%,-4.11,16.7,,,/DH397,
291,Nathaniel Lowe*,30,CIN,NL,59,.452,183,.256,.365,8.5,13.6,11.9,91.8,53.7,36.4,36.4,25.0,0.57,40.9,43.2,15.9,1.5,1.4%,5.52,16.7,,20.0,D/H3,
292,Richie Palacios*,29,TBR,AL,59,.311,91,.250,.085,1.7,18.6,13.6,85.4,32.4,29.7,40.5,18.9,0.71,32.4,45.9,21.6,0.3,-0.1%,-0.39,33.3,66.7,75.0,4/H59,
293,Keibert Ruiz#,27,WSN,NL,59,.219,28,.191,.125,1.7,15.3,1.7,88.4,37.5,10.4,45.8,37.5,0.85,50.0,41.7,8.3,-0.4,-0.2%,-3.51,27.3,,0.0,2,
294,Masataka Yoshida*,32,BOS,AL,59,.344,113,.310,.061,0.0,11.9,15.3,90.2,42.9,19.0,59.5,16.7,1.47,38.1,45.2,16.7,0.4,0.1%,1.99,21.7,100.0,12.5,D/H7,
295,Freddy Fermin,31,SDP,NL,58,.274,69,.222,.064,0.0,22.4,12.1,87.2,38.9,22.2,41.7,27.8,0.71,41.7,38.9,19.4,-0.4,-0.2%,-5.69,58.8,0.0,66.7,*2,
296,Tristan Gray*,30,MIN,AL,58,.343,110,.355,.192,5.2,32.8,5.2,88.2,42.9,40.0,34.3,17.1,0.55,45.7,42.9,11.4,-0.2,-0.1%,0.88,25.0,,33.3,5/6H34,
297,Jonathan India,29,KCR,AL,58,.310,90,.182,.146,3.4,22.4,13.8,85.7,31.4,14.3,28.6,31.4,0.40,34.3,37.1,28.6,-0.1,0.0%,4.01,37.5,,50.0,4/H,
298,Drew Millas#,28,WSN,NL,58,.193,7,.222,.038,0.0,27.6,6.9,77.1,18.9,32.4,45.9,13.5,0.94,29.7,48.6,21.6,-0.4,-0.1%,-7.60,41.7,,16.7,*2,
299,Thomas Saggese,24,STL,NL,57,.195,22,.265,.038,0.0,33.3,7.0,89.5,35.3,20.6,50.0,23.5,1.00,35.3,38.2,26.5,-0.5,-0.4%,-6.63,35.7,0.0,0.0,7/6H45,
300,Juan Brito#,24,CLE,AL,56,.237,38,.265,.078,0.0,30.4,7.1,84.3,32.4,23.5,44.1,14.7,0.79,35.3,58.8,5.9,-0.7,-0.5%,-5.95,46.7,,71.4,4/H,
301,Nathan Lukes*,31,TOR,AL,56,.285,75,.283,.077,0.0,12.5,1.8,86.9,37.0,23.9,45.7,21.7,0.84,34.8,43.5,21.7,-0.4,-0.2%,-3.54,29.4,0.0,66.7,9/7H8,
302,Christian Yelich*,34,MIL,NL,56,.363,118,.417,.137,1.8,25.0,8.9,87.5,40.5,10.8,73.0,13.5,3.00,37.8,37.8,24.3,0.9,0.6%,5.83,45.0,100.0,80.0,D/7H,
303,Harrison Bader,32,SFG,NL,55,.151,-18,.143,.077,1.8,30.9,3.6,87.1,38.9,13.9,58.3,19.4,1.40,33.3,41.7,25.0,-0.5,-0.2%,-8.03,42.9,,66.7,8/H,
304,Michael Massey*,28,KCR,AL,55,.274,65,.263,.160,1.8,23.6,5.5,89.7,43.6,23.1,28.2,43.6,0.39,38.5,51.3,10.3,-0.1,-0.3%,-2.33,30.8,,66.7,4/759H,
305,José Tena*,25,WSN,NL,55,.295,82,.364,.078,1.8,30.9,5.5,90.5,44.1,29.4,41.2,23.5,0.70,17.6,58.8,23.5,-0.4,-0.3%,-2.08,41.2,,50.0,D/H47,
306,Christian Vázquez,35,HOU,AL,55,.405,156,.359,.204,3.6,14.5,9.1,85.3,26.2,21.4,47.6,23.8,0.95,38.1,38.1,23.8,0.5,0.3%,5.65,21.1,,25.0,2/DH,
307,Myles Straw,31,TOR,AL,53,.313,91,.286,.106,1.9,9.4,7.5,85.4,27.3,22.7,38.6,29.5,0.71,29.5,56.8,13.6,-0.3,-0.2%,-3.59,63.2,50.0,50.0,*9/H78D,
308,Dane Myers,30,CIN,NL,52,.392,135,.344,.071,1.9,17.3,17.3,87.9,32.3,21.2,36.4,33.3,0.60,15.2,66.7,18.2,0.5,0.3%,1.16,50.0,100.0,42.9,*8H,
309,Dalton Rushing*,25,LAD,NL,52,.546,259,.346,.500,13.5,25.0,7.7,90.2,51.5,24.2,24.2,36.4,0.33,39.4,42.4,18.2,0.1,0.1%,9.69,40.0,,42.9,2/DH3,
310,Tyrone Taylor,32,NYM,NL,52,.265,60,.237,.143,3.8,17.3,1.9,85.1,28.6,21.4,33.3,33.3,0.54,26.2,54.8,19.0,-0.5,-0.1%,-1.03,15.4,,50.0,/9H78D,
311,Tim Tawa,27,ARI,NL,51,.241,44,.182,.114,2.0,21.6,9.8,86.8,30.3,22.9,51.4,17.1,1.13,20.0,71.4,8.6,-0.3,-0.2%,-1.42,9.1,0.0,25.0,7/534DH,
312,Will Benson*,28,CIN,NL,50,.270,58,.222,.143,2.0,28.0,16.0,90.3,34.6,14.3,25.0,46.4,0.33,35.7,35.7,28.6,-0.4,-0.3%,-3.51,18.8,50.0,50.0,9/H7D,
313,Luis Campusano,27,SDP,NL,50,.466,198,.400,.348,6.0,26.0,8.0,87.6,54.5,33.3,36.4,27.3,0.57,39.4,57.6,3.0,1.0,0.6%,6.79,31.3,,0.0,2,
314,Tyler Heineman#,35,TOR,AL,50,.183,-9,.250,.000,0.0,26.0,2.0,78.8,14.7,17.1,51.4,14.3,1.29,45.7,42.9,11.4,-0.6,-0.3%,-5.64,40.0,,0.0,2/1H,
315,Kyle Higashioka,36,TEX,AL,50,.281,83,.310,.089,2.0,30.0,10.0,89.8,46.7,30.0,26.7,33.3,0.38,17.2,65.5,17.2,0.2,0.0%,-1.13,28.6,,0.0,2/DH,
316,Rafael Marchán#,27,PHI,NL,50,.158,-23,.083,.064,2.0,20.0,2.0,87.1,27.0,16.2,32.4,35.1,0.48,35.1,54.1,10.8,-1.1,-0.5%,-8.63,33.3,,0.0,2/H,
317,Wenceel Pérez#,26,DET,AL,50,.220,25,.103,.152,4.0,10.0,8.0,90.9,46.3,12.2,39.0,36.6,0.64,43.9,41.5,14.6,-0.7,-0.3%,-6.15,50.0,,80.0,9/8H,
318,Sam Antonacci*,23,CHW,AL,49,.344,128,.216,.200,2.0,6.1,8.2,87.6,37.8,18.4,50.0,23.7,1.00,26.3,52.6,21.1,-0.1,0.1%,0.01,25.0,0.0,50.0,7/4H,
319,James McCann,36,ARI,NL,49,.208,13,.290,.064,0.0,32.7,2.0,88.8,40.6,18.8,53.1,21.9,1.21,6.3,71.9,21.9,0.0,0.0%,-4.83,30.0,,50.0,2/13DH,
320,Miguel Rojas,37,LAD,NL,49,.362,137,.378,.136,2.0,14.3,6.1,86.0,38.5,30.8,41.0,15.4,0.76,33.3,41.0,25.6,0.0,0.0%,0.42,17.6,0.0,50.0,6/H415,
321,Ty France,31,SDP,NL,48,.393,143,.263,.289,6.3,8.3,4.2,92.9,57.5,22.0,51.2,24.4,1.05,34.1,48.8,17.1,0.1,0.1%,2.45,38.5,100.0,100.0,3/5,
322,Andruw Monasterio,29,BOS,AL,48,.297,87,.257,.159,2.1,16.7,8.3,89.1,47.2,25.0,33.3,30.6,0.52,25.0,55.6,19.4,0.1,0.1%,-1.27,30.8,50.0,25.0,/H346D5,
323,Blake Perkins#,29,MIL,NL,48,.233,30,.172,.073,0.0,25.0,10.4,82.8,33.3,20.0,33.3,30.0,0.53,33.3,36.7,30.0,-0.3,-0.1%,-2.01,36.4,100.0,33.3,8/7H9,
324,Vaughn Grissom,25,LAA,AL,47,.400,154,.333,.184,2.1,6.4,12.8,89.2,39.5,13.5,48.6,32.4,0.95,32.4,54.1,13.5,0.2,0.0%,2.31,27.8,,50.0,4/3H5,
325,Tyler O'Neill,31,BAL,AL,47,.306,87,.286,.075,2.1,23.4,10.6,89.5,44.8,20.7,27.6,34.5,0.38,27.6,65.5,6.9,0.2,0.1%,1.43,46.7,,57.1,9/HD,
326,Brett Sullivan*,32,COL,NL,47,.328,91,.361,.133,0.0,19.1,4.3,86.7,30.6,27.8,38.9,19.4,0.64,38.9,50.0,11.1,0.1,0.0%,1.15,11.1,,60.0,2/H,
327,Drew Gilbert*,25,SFG,NL,46,.329,109,.323,.163,4.3,21.7,4.3,86.6,36.4,23.5,50.0,11.8,1.06,38.2,55.9,5.9,0.0,0.0%,-1.27,25.0,,40.0,8,
328,Zach McKinstry*,31,DET,AL,46,.267,57,.250,.116,2.2,21.7,6.5,85.8,24.2,21.2,48.5,24.2,0.94,57.6,27.3,15.2,0.4,0.1%,-0.81,9.1,,25.0,/459,
329,Jeremy Peña,28,HOU,AL,46,.321,93,.297,.093,0.0,13.0,6.5,86.1,29.7,24.3,35.1,35.1,0.54,32.4,51.4,16.2,-0.3,-0.2%,-2.59,35.7,100.0,50.0,6,
330,Joey Bart,29,PIT,NL,45,.241,39,.292,.098,2.2,37.8,4.4,85.1,32.0,4.0,40.0,52.0,0.67,36.0,40.0,24.0,-0.8,-0.5%,-3.95,40.0,,25.0,2/HD,
331,Darell Hernaiz,24,ATH,AL,45,.316,79,.281,.077,2.2,13.3,11.1,84.1,26.5,20.6,41.2,23.5,0.74,17.6,47.1,35.3,-0.2,0.0%,-1.06,12.5,100.0,66.7,/546H9,
332,Andrew McCutchen,39,TEX,AL,45,.268,75,.292,.122,2.2,37.8,6.7,88.1,28.0,16.0,40.0,28.0,0.67,24.0,68.0,8.0,-0.4,-0.3%,-3.44,40.0,,40.0,DH/79,
333,Gabriel Moreno,26,ARI,NL,45,.326,98,.333,.125,0.0,17.8,6.7,87.4,42.4,30.3,21.2,39.4,0.27,27.3,42.4,30.3,0.0,0.0%,0.44,40.0,,50.0,2/DH,
334,David Fry,30,CLE,AL,44,.331,103,.350,.111,2.3,34.1,18.2,88.2,38.1,23.8,23.8,42.9,0.31,42.9,47.6,9.5,-0.3,-0.2%,-2.20,40.0,,83.3,/9H2D3,
335,Edmundo Sosa,30,PHI,NL,44,.311,82,.303,.143,2.3,18.2,4.5,89.6,41.2,23.5,55.9,8.8,1.27,23.5,64.7,11.8,0.4,0.1%,-0.32,25.0,100.0,40.0,4/H56,
336,Dustin Harris*,26,2TM,AL,44,.301,72,.226,.083,0.0,13.6,13.6,84.6,16.1,35.5,32.3,25.8,0.48,51.6,48.4,0.0,0.3,0.1%,-0.02,42.9,100.0,50.0,/79H,
336,Dustin Harris*,26,CHW,AL,16,.404,134,.273,.083,0.0,6.3,25.0,85.4,18.2,36.4,36.4,18.2,0.57,45.5,54.5,0.0,0.4,0.2%,2.20,28.6,100.0,100.0,/9H7,
336,Dustin Harris*,26,HOU,AL,28,.242,36,.200,.083,0.0,17.9,7.1,84.2,15.0,35.0,30.0,30.0,0.43,55.0,45.0,0.0,-0.1,0.0%,-2.22,57.1,100.0,40.0,/79H,
337,Derek Hill,30,CHW,AL,43,.291,86,.364,.081,2.3,32.6,11.6,77.4,30.4,25.0,41.7,12.5,1.11,41.7,45.8,12.5,-0.1,0.0%,-3.66,25.0,57.1,60.0,*9/H78D,
338,Jake Meyers,30,HOU,AL,43,.320,109,.276,.135,2.3,18.6,9.3,86.9,33.3,26.7,40.0,26.7,0.67,30.0,53.3,16.7,0.0,0.0%,-0.14,30.8,33.3,50.0,8,
339,Eli White,32,ATL,NL,43,.266,60,.188,.171,4.7,18.6,2.3,84.4,29.4,23.5,41.2,26.5,0.74,14.7,58.8,26.5,-0.2,-0.1%,-2.11,37.5,,50.0,/78H9,
340,Connor Wong,30,BOS,AL,43,.328,101,.290,.135,0.0,14.0,9.3,86.3,40.6,12.5,37.5,37.5,0.63,15.6,62.5,21.9,-0.1,-0.1%,-1.10,13.3,100.0,33.3,2/H,
341,Rob Refsnyder,35,SEA,AL,42,.232,42,.111,.162,4.8,21.4,9.5,87.8,41.4,20.7,24.1,34.5,0.32,34.5,41.4,24.1,-0.1,-0.1%,-4.01,28.6,,0.0,9/HD,
342,Brandon Valenzuela#,25,TOR,AL,42,.259,50,.250,.150,4.8,33.3,4.8,86.3,38.5,19.2,46.2,23.1,0.86,42.3,42.3,15.4,-0.2,-0.1%,-3.54,33.3,,33.3,2/H,
343,Mitch Garver,35,SEA,AL,41,.302,91,.304,.029,0.0,26.8,17.1,90.8,56.5,13.0,47.8,34.8,0.92,34.8,56.5,8.7,0.1,0.1%,0.12,28.6,,50.0,/2DH,
344,Kyle Stowers*,28,MIA,NL,41,.283,79,.296,.086,0.0,19.5,12.2,92.8,66.7,18.5,63.0,14.8,1.70,59.3,33.3,7.4,-0.3,-0.2%,-3.35,28.6,0.0,50.0,/739D,
345,Austin Hays,30,CHW,AL,40,.235,46,.320,.103,2.5,32.5,2.5,86.1,50.0,23.1,65.4,11.5,1.89,46.2,38.5,15.4,-0.4,-0.3%,-4.35,11.1,0.0,50.0,7/9DH,
346,Austin Hedges,33,CLE,AL,39,.333,105,.357,.057,0.0,20.5,7.7,86.2,39.3,25.0,57.1,14.3,1.33,32.1,50.0,17.9,0.1,0.1%,-1.31,53.8,,28.6,2/1,
347,Parker Meadows*,26,DET,AL,39,.309,73,.346,.083,0.0,25.6,5.1,85.3,19.2,26.9,42.3,23.1,0.73,30.8,57.7,11.5,-0.5,-0.2%,-2.95,25.0,100.0,75.0,8/H,
348,Michael Conforto*,33,CHC,NL,38,.383,150,.429,.133,0.0,26.3,18.4,94.1,42.9,33.3,42.9,23.8,0.75,47.6,42.9,9.5,1.0,0.4%,3.75,31.3,,40.0,/H97D,
349,Hunter Feduccia*,29,TBR,AL,38,.293,77,.412,.000,0.0,36.8,15.8,84.4,11.8,29.4,47.1,23.5,0.89,41.2,35.3,23.5,0.3,0.1%,0.06,28.6,,28.6,2/H,
350,Zack Gelof,26,ATH,AL,38,.271,44,.280,.114,2.6,23.7,2.6,85.0,35.7,21.4,35.7,25.0,0.67,28.6,57.1,14.3,-0.3,-0.2%,0.18,41.7,100.0,66.7,8/4H9,
351,Lourdes Gurriel Jr.,32,ARI,NL,38,.209,16,.233,.028,0.0,15.8,5.3,84.8,23.3,20.0,46.7,20.0,0.88,26.7,60.0,13.3,0.1,0.0%,-2.25,22.2,,100.0,/7,
352,George Valera*,25,CLE,AL,38,.265,58,.276,.081,0.0,21.1,2.6,90.2,34.5,24.1,51.7,6.9,1.07,51.7,27.6,20.7,-0.4,-0.3%,-1.33,11.1,,0.0,/79HD,
353,Alex Call,31,LAD,NL,37,.378,150,.360,.069,0.0,10.8,18.9,85.4,20.0,20.0,44.0,20.0,0.79,36.0,56.0,8.0,0.1,-0.1%,0.73,35.3,0.0,33.3,/789H,
354,Jahmai Jones,28,DET,AL,37,.251,56,.238,.194,5.4,35.1,2.7,94.1,56.5,30.4,30.4,30.4,0.44,17.4,73.9,8.7,0.1,-0.1%,-2.42,14.3,0.0,,DH/97,
355,Isiah Kiner-Falefa,31,BOS,AL,37,.243,36,.286,.000,0.0,18.9,5.4,78.4,18.5,25.0,28.6,25.0,0.44,28.6,50.0,21.4,-0.3,-0.1%,-2.68,50.0,100.0,25.0,4/56H,
356,Nick Loftin,27,KCR,AL,37,.365,128,.286,.097,0.0,8.1,16.2,87.5,39.3,21.4,50.0,21.4,1.00,28.6,50.0,21.4,0.0,-0.1%,5.14,50.0,,55.6,/4537H,
357,Jonah Heim#,31,ATL,NL,36,.285,73,.259,.094,0.0,13.9,11.1,85.5,29.6,22.2,40.7,22.2,0.69,33.3,40.7,25.9,0.0,0.0%,-2.80,18.2,,100.0,2,
358,Bryce Teodosio,27,LAA,AL,36,.246,46,.444,.030,0.0,41.7,5.6,83.4,31.6,10.5,57.9,10.5,1.83,31.6,42.1,26.3,-0.1,-0.1%,-2.27,14.3,66.7,0.0,*7/8H9,
359,Eloy Jiménez,29,TOR,AL,35,.295,74,.360,.000,0.0,20.0,8.6,89.2,44.0,24.0,48.0,20.0,0.92,28.0,48.0,24.0,-0.2,-0.1%,-1.13,16.7,,20.0,/DH,
360,Starling Marte,37,KCR,AL,35,.300,93,.417,.091,0.0,28.6,0.0,91.0,34.8,29.2,50.0,20.8,1.00,25.0,58.3,16.7,-0.4,-0.2%,-2.23,18.2,0.0,50.0,/97HD,
361,Ryan Vilade,27,TBR,AL,35,.369,125,.440,.063,0.0,20.0,8.6,89.2,32.0,32.0,28.0,32.0,0.39,16.0,72.0,12.0,0.3,0.3%,2.53,26.7,100.0,100.0,/H9374D,
362,Austin Wynns,35,ATH,AL,35,.150,-31,.115,.000,0.0,17.1,5.7,82.7,25.9,18.5,29.6,37.0,0.44,14.8,55.6,29.6,-0.8,-0.5%,-6.62,40.0,,33.3,2,
363,José Fermín,27,STL,NL,34,.341,119,.318,.172,2.9,20.6,8.8,87.2,47.8,21.7,34.8,26.1,0.53,39.1,43.5,17.4,0.3,0.1%,-0.63,9.1,,,/7H8,
364,Rece Hinds,25,CIN,NL,34,.181,-8,.250,.097,0.0,47.1,2.9,87.1,28.6,25.0,37.5,25.0,0.60,18.8,50.0,31.3,-0.1,-0.1%,-3.43,33.3,,33.3,/9H,
365,Reese McGuire*,31,CHW,AL,34,.227,31,.250,.000,0.0,26.5,5.9,72.6,9.5,23.8,38.1,23.8,0.67,33.3,42.9,23.8,-0.3,-0.1%,-0.92,11.1,,0.0,2/1H,
366,Jake Rogers,31,DET,AL,34,.179,-9,.182,.067,0.0,29.4,2.9,88.3,31.8,22.7,13.6,50.0,0.16,31.8,59.1,9.1,-0.3,-0.2%,-4.27,33.3,100.0,50.0,2/1,
367,Paul Goldschmidt,38,NYY,AL,33,.326,99,.211,.250,3.0,24.2,12.1,88.2,50.0,30.0,50.0,15.0,1.00,15.0,55.0,30.0,0.3,0.2%,2.30,55.6,,100.0,/3H,
368,Randal Grichuk,34,NYY,AL,33,.232,34,.273,.129,0.0,30.3,3.0,89.7,54.5,18.2,40.9,36.4,0.69,36.4,45.5,18.2,-0.7,-0.5%,-4.03,66.7,,20.0,7/DH9,
369,MJ Melendez*,27,NYM,NL,33,.436,197,.533,.310,6.1,36.4,9.1,94.3,66.7,22.2,22.2,33.3,0.31,55.6,38.9,5.6,0.4,0.1%,2.69,18.2,0.0,0.0,/D7H,
370,Tanner Murray,26,CHW,AL,33,.312,91,.238,.107,3.0,21.2,6.1,85.6,43.5,4.3,39.1,30.4,0.75,34.8,47.8,17.4,-0.2,-0.1%,-0.36,11.1,,66.7,/756H,
371,Taylor Trammell*,28,HOU,AL,33,.392,141,.500,.103,0.0,27.3,12.1,88.6,45.0,20.0,50.0,25.0,1.11,45.0,45.0,10.0,0.3,0.2%,4.16,28.6,100.0,33.3,/8H,
372,Gabriel Arias,26,CLE,AL,32,.300,82,.250,.233,6.3,37.5,6.3,94.6,52.9,16.7,61.1,16.7,1.57,38.9,33.3,27.8,0.3,0.1%,-0.33,0.0,,0.0,6,
373,Mookie Betts,33,LAD,NL,32,.314,95,.136,.250,6.3,12.5,9.4,89.9,33.3,25.0,29.2,41.7,0.41,25.0,62.5,12.5,0.0,0.0%,-0.12,71.4,,100.0,/6,
374,J.C. Escarra*,31,NYY,AL,32,.267,58,.286,.129,0.0,31.3,3.1,91.9,38.1,28.6,52.4,9.5,1.10,28.6,61.9,9.5,-0.5,-0.3%,0.44,42.9,,66.7,/2H,
375,Jorge Mateo,31,ATL,NL,32,.318,98,.438,.133,3.1,40.6,6.3,94.8,52.9,29.4,41.2,29.4,0.70,41.2,52.9,5.9,0.0,0.0%,-0.50,61.5,66.7,66.7,6/HD,
376,Jerar Encarnacion,28,SFG,NL,31,.208,22,.261,.033,0.0,22.6,3.2,86.6,34.8,21.7,47.8,26.1,0.92,8.7,56.5,34.8,-0.3,-0.1%,-2.97,14.3,,0.0,/9H3D7,
377,Noelvi Marté,24,CIN,NL,31,.175,-6,.211,.000,0.0,32.3,6.5,84.9,31.6,0.0,84.2,10.5,5.33,31.6,57.9,10.5,-0.4,-0.2%,-3.27,33.3,50.0,0.0,9/H,
378,Luis Torrens,30,NYM,NL,31,.203,14,.250,.067,0.0,19.4,0.0,86.7,52.0,28.0,48.0,16.0,1.00,20.0,64.0,16.0,0.1,0.1%,-1.96,33.3,,50.0,2/H3D,
379,Travis d'Arnaud,37,LAA,AL,30,.286,74,.200,.040,0.0,16.7,10.0,85.5,25.0,15.0,35.0,40.0,0.54,15.0,50.0,35.0,-0.1,0.0%,-3.06,44.4,,0.0,/2,
380,Austin Slater,33,2TM,NL,30,.221,21,.235,.000,0.0,30.0,13.3,86.1,17.6,17.6,35.3,35.3,0.55,23.5,52.9,23.5,-0.4,-0.2%,-2.91,12.5,100.0,50.0,/9H7,
380,Austin Slater,33,MIA,NL,28,.237,32,.267,.000,0.0,32.1,14.3,85.3,13.3,20.0,33.3,33.3,0.50,26.7,53.3,20.0,-0.3,-0.2%,-2.37,12.5,100.0,50.0,/9H,
380,Austin Slater,33,NYM,NL,2,.000,-126,.000,.000,0.0,0.0,0.0,92.8,50.0,0.0,50.0,50.0,1.00,0.0,50.0,50.0,-0.1,0.0%,-0.55,,,,/7H,
381,James Outman*,29,MIN,AL,29,.203,-10,.188,.074,0.0,37.9,6.9,83.2,25.0,12.5,37.5,18.8,0.60,50.0,25.0,25.0,0.2,0.2%,-4.71,46.2,100.0,75.0,7/H89D,
382,Hao-Yu Lee,23,DET,AL,27,.318,93,.267,.208,3.7,29.6,11.1,90.3,43.8,31.3,25.0,37.5,0.33,6.3,81.3,12.5,0.2,0.1%,0.38,14.3,,0.0,/54H,
383,Sam Haggerty#,32,TEX,AL,26,.210,28,.357,.000,0.0,42.3,3.8,77.9,7.1,14.3,35.7,21.4,0.71,28.6,57.1,14.3,-0.5,-0.3%,-2.66,25.0,100.0,66.7,7H/8D,
384,Ronny Mauricio#,25,NYM,NL,26,.175,-2,.313,.000,0.0,38.5,0.0,87.1,25.0,31.3,50.0,12.5,1.00,43.8,43.8,12.5,-0.2,-0.1%,-2.86,40.0,,0.0,/65DH,
385,Carlos Santana#,40,ARI,NL,26,.138,-35,.125,.042,0.0,30.8,7.7,87.8,43.8,18.8,25.0,31.3,0.33,37.5,37.5,25.0,-0.3,-0.2%,-3.39,25.0,,,/3,
386,Jared Triolo,28,PIT,NL,26,.268,58,.278,.043,0.0,19.2,7.7,85.7,29.4,22.2,50.0,27.8,1.00,11.1,55.6,33.3,-0.6,-0.3%,-2.61,25.0,,50.0,/65,
387,Griffin Conine*,28,MIA,NL,25,.430,161,.286,.318,8.0,24.0,8.0,90.1,62.5,25.0,50.0,25.0,1.00,37.5,56.3,6.3,0.0,0.0%,2.45,50.0,100.0,50.0,/7H93,
388,Santiago Espinal,31,LAD,NL,25,.229,29,.238,.087,0.0,8.0,0.0,83.8,39.1,30.4,47.8,13.0,1.10,26.1,56.5,17.4,-0.2,-0.2%,-4.17,42.9,,50.0,/45H3,
389,CJ Kayfus*,24,CLE,AL,25,.294,78,.231,.182,4.0,32.0,8.0,92.8,50.0,7.1,28.6,50.0,0.40,21.4,71.4,7.1,0.3,0.1%,0.14,50.0,,100.0,/79H,
390,Carson Williams,23,TBR,AL,25,.159,-20,.214,.043,0.0,36.0,4.0,80.2,20.0,13.3,40.0,26.7,0.75,6.7,53.3,40.0,-0.3,-0.2%,-1.35,80.0,,28.6,/6H,
391,Daniel Susac,25,SFG,NL,24,.484,233,.550,.174,0.0,12.5,4.2,88.0,30.0,20.0,45.0,35.0,0.82,25.0,50.0,25.0,0.0,0.0%,1.79,8.3,0.0,20.0,/2H,
392,Addison Barger*,26,TOR,AL,23,.148,-27,.071,.053,0.0,26.1,13.0,90.7,50.0,14.3,35.7,50.0,0.56,28.6,64.3,7.1,-0.2,-0.1%,-3.16,25.0,,0.0,/9H,
393,Jared Young*,30,NYM,NL,23,.361,129,.389,.100,0.0,13.0,8.7,86.2,50.0,16.7,66.7,11.1,2.40,44.4,44.4,11.1,0.0,-0.1%,-0.37,18.2,,0.0,/3H79D,
394,Nick Allen,27,HOU,AL,22,.285,72,.333,.050,0.0,22.7,9.1,86.5,26.7,20.0,53.3,20.0,1.14,26.7,66.7,6.7,-0.1,-0.1%,-1.45,45.5,,66.7,/6H54,
395,Bryce Johnson#,30,SDP,NL,22,.303,66,.417,.100,0.0,36.4,4.5,78.1,15.4,7.7,30.8,30.8,0.57,23.1,46.2,30.8,-0.1,0.0%,-1.64,23.1,80.0,0.0,H/79D8,
396,Greg Jones#,28,MIL,NL,22,.070,-79,.167,.000,0.0,40.9,0.0,76.0,30.8,23.1,53.8,7.7,1.75,15.4,69.2,15.4,-0.5,-0.3%,-5.81,0.0,50.0,,/79H,
397,Otto Kemp,26,PHI,NL,22,.149,-29,.182,.000,0.0,40.9,4.5,81.3,9.1,36.4,27.3,27.3,0.38,9.1,63.6,27.3,0.0,0.0%,-2.66,0.0,,100.0,/7H4,
398,Alejandro Kirk,27,TOR,AL,22,.258,49,.118,.200,4.5,9.1,9.1,85.5,44.4,22.2,55.6,11.1,1.25,38.9,44.4,16.7,0.0,0.0%,-3.01,25.0,,,/2,
399,Luis Matos,24,MIL,NL,21,.207,17,.308,.000,0.0,33.3,4.8,84.1,23.1,7.7,53.8,7.7,1.17,15.4,61.5,23.1,-0.3,-0.2%,-2.27,20.0,,100.0,/9H7D,
400,Félix Reyes,25,PHI,NL,21,.180,-7,.118,.143,4.8,14.3,0.0,88.8,22.2,33.3,38.9,22.2,0.64,27.8,50.0,22.2,-0.3,0.0%,-2.49,50.0,,0.0,/73,
401,Jeimer Candelario#,32,LAA,AL,20,.200,15,.200,.111,0.0,40.0,5.0,91.8,40.0,20.0,40.0,40.0,0.67,50.0,40.0,10.0,0.1,0.0%,-0.86,75.0,,100.0,/H35D,
402,Jordan Lawlar,23,ARI,NL,20,.433,165,.455,.222,5.0,30.0,5.0,90.4,41.7,16.7,33.3,50.0,0.50,58.3,25.0,16.7,-0.1,-0.1%,1.26,28.6,100.0,0.0,/78,
403,Tyler Black*,25,MIL,NL,19,.400,154,.500,.111,0.0,21.1,5.3,81.8,7.1,7.1,42.9,42.9,0.75,35.7,57.1,7.1,0.1,0.0%,3.73,25.0,,100.0,/DH,
404,Andy Ibáñez,33,ATH,AL,18,.193,2,.133,.000,0.0,11.1,5.6,87.4,26.7,20.0,33.3,46.7,0.50,46.7,40.0,13.3,-0.2,-0.1%,-1.73,33.3,,,/4H53D,
405,Ryan Kreidler,28,MIN,AL,18,.458,190,.111,.500,11.1,16.7,22.2,88.8,27.3,18.2,27.3,27.3,0.38,27.3,45.5,27.3,0.0,0.0%,1.17,0.0,,0.0,/58,
406,Leo Jiménez,25,MIA,NL,17,.317,95,.273,.000,0.0,11.8,17.6,86.1,27.3,18.2,72.7,0.0,2.67,27.3,54.5,18.2,0.0,0.0%,0.02,14.3,,50.0,/4D56H,
407,Yohel Pozo,29,STL,NL,17,.182,6,.118,.059,0.0,0.0,0.0,88.9,35.3,5.9,70.6,17.6,2.40,29.4,52.9,17.6,-0.1,-0.1%,-2.69,0.0,,,/H2D,
408,Jose Trevino,33,CIN,NL,17,.149,-31,.167,.000,0.0,23.5,5.9,78.7,16.7,16.7,58.3,16.7,1.75,25.0,66.7,8.3,-0.3,-0.2%,-2.98,0.0,,,/21,
409,Weston Wilson,31,BAL,AL,17,.391,157,.500,.077,0.0,29.4,17.6,93.6,50.0,25.0,25.0,37.5,0.33,25.0,62.5,12.5,0.1,0.1%,2.08,50.0,50.0,0.0,/5H17,
410,Daniel Johnson*,30,HOU,AL,16,.250,47,.200,.000,0.0,18.8,12.5,92.7,50.0,20.0,50.0,10.0,1.00,30.0,70.0,0.0,0.0,0.0%,-1.80,20.0,,0.0,/87,
411,Connor Joe,33,SEA,AL,15,.265,54,.333,.071,0.0,33.3,6.7,95.6,66.7,33.3,33.3,33.3,0.50,44.4,44.4,11.1,-0.1,0.0%,-1.47,25.0,100.0,100.0,/39H,
412,Ryan Mountcastle,29,BAL,AL,15,.310,90,.333,.071,0.0,13.3,6.7,90.0,41.7,25.0,58.3,16.7,1.40,25.0,41.7,33.3,0.0,0.0%,-0.40,0.0,,,/H3D,
413,Dylan Moore,33,PHI,NL,14,.169,-27,.000,.000,0.0,35.7,21.4,91.3,33.3,16.7,0.0,50.0,0.00,0.0,100.0,0.0,-0.2,-0.1%,-1.85,42.9,100.0,100.0,H/318D47,
414,Tommy Pham,38,NYM,NL,14,.050,-91,.000,.000,0.0,50.0,7.1,91.7,33.3,16.7,50.0,33.3,1.00,0.0,50.0,50.0,-0.4,-0.2%,-3.82,50.0,,100.0,/7H,
415,Kyle Farmer,35,ATL,NL,13,.308,89,.364,.083,0.0,15.4,0.0,81.6,27.3,36.4,45.5,9.1,0.83,45.5,36.4,18.2,-0.1,0.0%,0.49,25.0,,50.0,/HD5,
416,Alejandro Osuna*,23,TEX,AL,13,.448,228,.429,.000,0.0,7.7,30.8,87.3,28.6,57.1,14.3,0.0,0.17,14.3,85.7,0.0,0.1,0.1%,1.27,25.0,0.0,33.3,/789,
417,Víctor Robles,29,SEA,AL,13,.251,42,.300,.077,0.0,23.1,0.0,82.6,20.0,20.0,40.0,20.0,0.67,40.0,10.0,50.0,-0.1,-0.1%,-0.94,0.0,100.0,,/9H,
418,Elias Díaz,35,KCR,AL,12,.520,236,.333,.455,8.3,8.3,8.3,90.7,50.0,50.0,20.0,20.0,0.25,40.0,40.0,20.0,0.0,0.0%,1.68,25.0,,0.0,/2,
419,P.J. Higgins,33,CIN,NL,12,.211,13,.286,.000,0.0,33.3,8.3,79.5,0.0,42.9,28.6,14.3,0.40,42.9,28.6,28.6,-0.1,-0.1%,-1.08,0.0,,,/21,
420,Christian Koss,28,SFG,NL,12,.105,-49,.091,.083,0.0,8.3,0.0,87.8,18.2,9.1,36.4,36.4,0.57,18.2,36.4,45.5,-0.1,0.0%,-1.81,0.0,,,/416H,
421,Shay Whitcomb,27,HOU,AL,12,.231,34,.000,.273,8.3,58.3,8.3,90.5,25.0,0.0,0.0,75.0,0.00,0.0,75.0,25.0,-0.2,-0.1%,-0.61,0.0,,,/5H37,
422,Billy Cook,27,PIT,NL,11,.230,33,.429,.000,0.0,36.4,0.0,68.0,14.3,14.3,42.9,14.3,1.50,28.6,42.9,28.6,0.0,0.0%,-0.75,38.5,66.7,60.0,H/9783,
423,Johnathan Rodríguez,26,BAL,AL,11,.194,9,.000,.000,0.0,36.4,27.3,89.1,50.0,50.0,25.0,25.0,0.33,25.0,50.0,25.0,-0.2,-0.1%,-1.07,0.0,,0.0,/9HD,
424,Garrett Stubbs*,33,PHI,NL,11,.221,22,.222,.000,0.0,9.1,9.1,87.6,44.4,11.1,44.4,33.3,1.00,22.2,55.6,22.2,-0.1,0.0%,-0.66,50.0,,,/2H,
425,Colby Thomas,25,ATH,AL,11,.297,74,.400,.000,0.0,36.4,18.2,93.2,60.0,60.0,20.0,20.0,0.25,40.0,60.0,0.0,0.0,0.0%,0.38,0.0,,50.0,/98,
426,Andrés Chaparro,27,WSN,NL,10,.288,77,.286,.111,0.0,20.0,10.0,94.6,57.1,14.3,28.6,57.1,0.40,14.3,71.4,14.3,-0.1,0.0%,-0.44,33.3,,50.0,/3DH,
427,Jasson Domínguez#,23,NYY,AL,10,.259,53,.143,.000,0.0,20.0,0.0,86.5,28.6,14.3,57.1,14.3,1.33,57.1,28.6,14.3,0.0,0.0%,-0.38,0.0,,,/D7,
428,Braden Shewmake*,28,HOU,AL,10,.298,81,.167,.300,10.0,30.0,0.0,88.0,28.6,14.3,14.3,71.4,0.17,14.3,85.7,0.0,0.0,0.0%,0.93,100.0,,0.0,/64H,
429,JJ Bleday*,28,CIN,NL,9,.547,270,.250,.500,11.1,11.1,33.3,96.4,60.0,80.0,0.0,20.0,0.00,20.0,80.0,0.0,0.1,0.1%,0.64,0.0,,50.0,/7,
430,Sam Huff,28,BAL,AL,9,.244,45,.500,.111,0.0,55.6,0.0,100.2,75.0,25.0,25.0,50.0,0.33,75.0,25.0,0.0,-0.1,0.0%,-0.04,50.0,,,/2,
431,Drew Romo#,24,CHW,AL,9,.699,359,.000,1.000,22.2,11.1,22.2,91.0,40.0,0.0,60.0,40.0,1.50,40.0,60.0,0.0,0.2,0.1%,2.74,0.0,,,/2,
432,Travis Bazzana*,23,CLE,AL,8,.102,-79,.000,.000,0.0,12.5,25.0,95.0,60.0,0.0,40.0,40.0,0.67,20.0,80.0,0.0,0.0,0.0%,-0.91,0.0,,,/4,
433,Will Brennan*,28,SFG,NL,8,.000,-124,.000,.000,0.0,12.5,0.0,81.4,16.7,0.0,57.1,0.0,1.33,28.6,28.6,42.9,-0.2,-0.1%,-1.75,,,,/7DH,
434,Pavin Smith*,30,ARI,NL,8,.290,73,.250,.000,0.0,25.0,25.0,92.1,50.0,0.0,25.0,50.0,0.33,0.0,25.0,75.0,0.0,0.0%,0.69,33.3,,0.0,/D,
435,Deyvison De Los Santos,23,MIA,NL,7,.297,80,.500,.143,0.0,42.9,0.0,92.9,25.0,25.0,50.0,25.0,1.00,75.0,25.0,0.0,0.0,0.0%,-0.37,0.0,,,/3D,
436,Jared Oliva,30,SFG,NL,7,.166,-31,.167,.000,0.0,14.3,0.0,93.7,66.7,16.7,50.0,33.3,1.00,33.3,50.0,16.7,-0.2,-0.1%,-1.17,33.3,100.0,,/8H7,
437,Yohendrick Pinango*,24,TOR,AL,7,.364,123,.333,.000,0.0,0.0,14.3,92.9,33.3,33.3,16.7,50.0,0.20,16.7,50.0,33.3,0.0,0.0%,-0.35,0.0,,,/7DH,
438,Ryan Ritter,25,COL,NL,7,.130,-49,.250,.000,0.0,42.9,0.0,90.6,25.0,50.0,0.0,50.0,0.00,0.0,75.0,25.0,-0.3,-0.2%,-1.09,33.3,,0.0,/4H,
439,Eric Haase,33,SFG,NL,6,.347,120,.400,.167,0.0,16.7,0.0,76.8,0.0,40.0,40.0,20.0,0.67,20.0,20.0,60.0,-0.1,0.0%,-0.11,100.0,,100.0,/2,
440,Esteury Ruiz,27,MIA,NL,6,.535,220,.250,.500,16.7,16.7,0.0,91.1,60.0,20.0,20.0,40.0,0.25,40.0,60.0,0.0,0.1,0.1%,0.61,0.0,100.0,,/978,
441,Ryan Ward*,28,LAD,NL,6,.304,87,.400,.000,0.0,16.7,0.0,84.1,0.0,60.0,0.0,20.0,0.00,20.0,80.0,0.0,0.0,0.0%,-0.12,0.0,,,/3H,
442,Will Wilson,27,SEA,AL,6,.462,201,.000,.600,16.7,16.7,16.7,87.8,25.0,0.0,50.0,50.0,1.00,50.0,50.0,0.0,0.1,0.0%,1.15,0.0,,0.0,/5,
443,Luken Baker,29,ARI,NL,5,.183,-4,.500,.000,0.0,60.0,0.0,92.2,50.0,50.0,0.0,50.0,0.00,0.0,100.0,0.0,-0.1,0.0%,-1.00,0.0,,,/3H,
444,Braxton Fulford,27,COL,NL,5,.592,281,.500,.600,20.0,40.0,0.0,90.2,66.7,0.0,33.3,33.3,0.50,33.3,33.3,33.3,0.0,0.0%,1.22,100.0,,0.0,/HD2,
445,Tyler Tolbert,28,KCR,AL,5,.130,3,.250,.000,0.0,20.0,0.0,80.7,50.0,0.0,100.0,0.0,,25.0,75.0,0.0,-0.1,0.0%,-1.22,20.0,50.0,,/H46179,
446,Dylan Carlson#,27,CHC,NL,4,.000,-120,.000,.000,0.0,50.0,0.0,84.5,0.0,0.0,50.0,50.0,1.00,100.0,0.0,0.0,-0.1,-0.1%,-1.05,,,100.0,/H79D,
447,Scott Kingery,32,CHC,NL,4,.290,41,.250,.000,0.0,0.0,0.0,77.1,0.0,0.0,25.0,50.0,0.33,50.0,50.0,0.0,0.0,0.0%,-1.30,25.0,100.0,33.3,/HD45,
448,Nicky Lopez*,31,CHC,NL,4,.000,-120,.000,.000,0.0,50.0,0.0,65.8,50.0,0.0,50.0,0.0,,0.0,100.0,0.0,0.0,0.0%,-0.52,,,,/45H,
449,Christopher Morel,27,MIA,NL,4,.176,-4,.000,.000,0.0,25.0,25.0,96.6,50.0,0.0,100.0,0.0,,0.0,100.0,0.0,0.0,0.0%,-0.38,100.0,,100.0,/3,
450,Sebastián Rivero,27,LAA,AL,4,.460,196,.500,.000,0.0,0.0,0.0,83.5,0.0,25.0,50.0,0.0,1.00,25.0,50.0,25.0,0.0,0.0%,-0.06,0.0,,,/2,
451,Andrew Vaughn,28,MIL,NL,4,.228,33,.250,.000,0.0,0.0,0.0,83.2,0.0,0.0,100.0,0.0,,0.0,100.0,0.0,0.0,0.0%,0.47,0.0,,,/3,
452,Aramis Garcia,33,ARI,NL,3,.304,82,.500,.000,0.0,33.3,0.0,84.8,0.0,50.0,0.0,50.0,0.00,0.0,100.0,0.0,0.0,0.0%,-0.28,0.0,,,/2,
453,Ryan Bliss,26,SEA,AL,2,.000,-122,,.000,0.0,100.0,0.0,,,,,,,,,,-0.2,-0.1%,-0.67,,,,/DH,
454,Jace Jung*,25,DET,AL,2,.356,117,.000,.000,0.0,0.0,50.0,85.3,0.0,100.0,0.0,0.0,0.00,0.0,100.0,0.0,0.1,0.0%,0.64,100.0,,100.0,/D,
455,Jarred Kelenic*,26,CHW,AL,2,.356,122,,.000,0.0,50.0,50.0,,,,,,,,,,-0.1,0.0%,-0.03,0.0,,,/9H,
456,Jeferson Quero,23,MIL,NL,2,.353,122,.000,.000,0.0,0.0,50.0,85.6,0.0,0.0,100.0,0.0,,100.0,0.0,0.0,0.0,0.0%,0.41,0.0,,,/2,
457,Max Schuemann,29,NYY,AL,2,.356,122,.000,.000,0.0,0.0,50.0,92.4,0.0,0.0,0.0,0.0,0.00,0.0,0.0,100.0,0.0,0.0%,0.15,0.0,,,/7,
458,Luke Williams,29,ATL,NL,1,.706,382,,,0.0,0.0,100.0,,,,,,,,,,0.0,0.0%,0.11,0.0,,,/47H,
459,Patrick Wisdom,34,SEA,AL,1,.000,-108,,.000,0.0,100.0,0.0,,,,,,,,,,0.0,0.0%,-0.24,,,,/DH,
460,Paul Blackburn,32,NYY,AL,0,,,,,,,,,,,,,,,,,,,,,,,/1,
461,Aroldis Chapman*,38,BOS,AL,0,,,,,,,,,,,,,,,,,,,,,,,/1,
462,Carlos Estévez,33,KCR,AL,0,,,,,,,,,,,,,,,,,,,,,,,/1,
463,J.T. Ginn,27,ATH,AL,0,,,,,,,,,,,,,,,,,,,,,,,/1,
464,Raisel Iglesias,36,ATL,NL,0,,,,,,,,,,,,,,,,,,,,,,,/1,
465,Reynaldo López,32,ATL,NL,0,,,,,,,,,,,,,,,,,,,,,,,/1,
466,Brad Lord,26,WSN,NL,0,,,,,,,,,,,,,,,,,,,,,,,1,
467,Trevor Megill*,32,MIL,NL,0,,,,,,,,,,,,,,,,,,,,,,,1,
468,Jack Perkins,26,ATH,AL,0,,,,,,,,,,,,,,,,,,,,,,,/1,
469,Sung-Mun Song*,29,SDP,NL,0,,,,,,,,,,,,,,,,,0.0,0.0%,0.04,,,,/H,
470,George Soriano,27,STL,NL,0,,,,,,,,,,,,,,,,,,,,,,,1,
471,Gabe Speier*,31,SEA,AL,0,,,,,,,,,,,,,,,,,,,,,,,1,
472,Robert Suarez,35,ATL,NL,0,,,,,,,,,,,,,,,,,,,,,,,1,
473,Caleb Thielbar,39,CHC,NL,0,,,,,,,,,,,,,,,,,,,,,,,1,
474,Victor Vodnik,26,COL,NL,0,,,,,,,,,,,,,,,,,,,,,,,1,
475,Luke Weaver,32,NYM,NL,0,,,,,,,,,,,,,,,,,,,,,,,1,
476,Devin Williams,31,NYM,NL,0,,,,,,,,,,,,,,,,,,,,,,,1,
,MLB Average,,,,,.326,100,.291,.150,2.8,22.2,9.6,88.4,40.0,23.1,41.9,26.3,0.74,31.2,51.4,17.3,,,,30.3,76.6,42.7,,
