ranker,name_display,age,team_name_abbr,comp_name_abbr,p_ip,p_batting_avg,p_onbase_perc,p_slugging_perc,p_onbase_plus_slugging,p_batting_avg_bip,p_home_run_perc,p_strikeout_perc,p_base_on_balls_perc,p_avg_exit_velo,p_hard_hit_perc,p_ld_perc,p_gb_perc,p_fb_perc,p_gb_fb_ratio,p_wpa_def,p_cwpa_def,p_baseout_runs,awards
1,Sandy Alcantara,30,MIA,NL,47.1,.226,.290,.328,.618,.254,2.1,16.1,7.8,87.8,34.9,17.1,46.6,26.0,0.89,0.7,0.5%,6.99,
2,Max Fried*,32,NYY,AL,47.1,.161,.227,.217,.445,.202,0.6,20.9,6.8,85.5,30.4,19.0,43.7,25.4,0.80,0.8,0.6%,12.79,
3,George Kirby,28,SEA,AL,45.0,.242,.298,.339,.637,.283,2.2,19.1,6.2,89.1,40.8,11.5,56.5,25.2,1.30,0.5,0.3%,6.16,
4,Logan Webb,29,SFG,NL,44.0,.265,.332,.376,.708,.326,1.6,20.2,8.0,90.5,48.9,25.0,59.1,12.9,1.47,0.2,-0.1%,-1.10,
5,Tarik Skubal*,29,DET,AL,43.1,.222,.253,.329,.582,.295,1.2,27.1,3.6,88.5,43.0,25.4,45.6,22.8,0.88,0.8,0.7%,8.04,
6,Gavin Williams,26,CLE,AL,43.1,.166,.263,.325,.588,.207,3.5,31.0,11.1,90.7,44.9,17.3,50.0,25.5,1.02,1.1,0.8%,7.63,
7,Bryce Elder,27,ATL,NL,43.0,.204,.273,.287,.560,.252,1.2,20.9,7.6,89.2,38.8,24.0,43.0,27.3,0.76,0.8,0.6%,9.00,
8,José Soriano,27,LAA,AL,42.2,.164,.247,.233,.480,.223,1.8,30.1,9.8,87.4,34.0,15.3,55.1,27.6,1.26,1.4,0.8%,17.13,
9,Cam Schlittler,25,NYY,AL,41.2,.168,.200,.242,.442,.242,0.6,31.4,3.8,86.5,38.6,20.8,45.5,24.8,0.85,1.0,0.8%,10.37,
10,Taj Bradley,25,MIN,AL,41.0,.226,.301,.381,.681,.280,2.9,25.3,8.6,92.7,46.9,27.4,31.9,31.0,0.47,0.9,0.5%,8.36,
11,Kevin Gausman,35,TOR,AL,40.2,.204,.244,.349,.592,.243,3.1,24.8,5.0,87.3,38.9,29.2,39.8,20.4,0.67,0.4,0.3%,5.18,
12,Cristopher Sánchez*,29,PHI,NL,40.1,.289,.339,.410,.749,.395,1.7,27.8,7.2,89.8,44.4,23.1,56.4,16.2,1.29,0.3,0.2%,3.13,
13,Framber Valdez*,32,DET,AL,40.1,.236,.306,.318,.625,.285,1.2,18.5,8.1,90.2,43.9,20.8,52.0,24.0,1.08,0.5,0.1%,3.74,
14,Nathan Eovaldi,36,TEX,AL,39.2,.269,.318,.463,.780,.301,5.2,22.5,5.8,90.7,47.5,19.7,50.8,25.4,1.03,-0.2,-0.2%,-3.83,
15,Tyler Glasnow,32,LAD,NL,38.2,.146,.222,.292,.515,.188,2.8,32.6,9.0,90.2,38.1,22.6,45.2,25.0,0.83,0.6,0.5%,8.28,
16,Jeffrey Springs*,33,ATH,AL,38.2,.213,.278,.383,.661,.233,3.8,22.2,7.6,87.1,31.2,20.2,34.9,33.0,0.54,0.3,0.1%,3.03,
17,Freddy Peralta,30,NYM,NL,38.1,.207,.294,.317,.612,.263,2.4,25.6,9.8,86.2,39.4,25.0,41.3,26.0,0.74,0.6,0.2%,5.88,
18,Joe Ryan,30,MIN,AL,38.1,.218,.271,.366,.637,.275,1.9,25.2,5.8,88.3,38.1,21.9,35.2,29.5,0.55,-0.2,0.0%,-0.98,
19,Luis Severino,32,ATH,AL,38.1,.235,.354,.375,.729,.304,2.5,24.7,14.2,88.6,42.3,23.7,41.2,27.8,0.71,-0.2,-0.2%,0.67,
20,Logan Gilbert,29,SEA,AL,38.0,.277,.325,.453,.778,.349,2.5,24.4,5.0,90.1,44.5,26.4,38.2,28.2,0.63,0.0,-0.1%,1.34,
21,Bailey Ober,30,MIN,AL,38.0,.211,.287,.352,.639,.239,2.5,18.5,8.3,85.5,30.1,19.5,37.2,27.4,0.59,0.3,0.2%,1.93,
22,Seth Lugo,36,KCR,AL,37.2,.241,.295,.350,.646,.302,0.7,20.8,7.4,88.2,33.6,25.2,36.4,29.0,0.59,0.9,0.5%,6.61,
23,Yoshinobu Yamamoto,27,LAD,NL,37.2,.213,.265,.360,.626,.248,2.7,21.8,6.1,88.0,39.0,24.8,38.1,29.5,0.63,0.1,0.1%,4.04,
24,Michael Wacha,34,KCR,AL,37.1,.212,.293,.364,.656,.253,2.7,22.3,9.5,88.0,40.0,25.0,31.0,34.0,0.47,0.7,0.4%,6.58,
25,Davis Martin,29,CHW,AL,37.0,.239,.292,.351,.642,.303,1.4,22.9,5.6,90.1,48.5,35.6,35.6,18.8,0.57,1.2,0.5%,10.48,
26,Nick Martinez,35,TBR,AL,37.0,.206,.253,.316,.570,.227,2.0,16.3,6.1,85.9,29.8,19.3,39.5,31.6,0.66,1.0,0.8%,11.25,
27,Parker Messick*,25,CLE,AL,36.1,.177,.244,.234,.478,.247,0.7,28.1,7.4,85.1,26.7,18.6,52.3,18.6,1.13,1.3,0.9%,11.99,
28,Clay Holmes,33,NYM,NL,36.0,.186,.254,.295,.548,.206,2.1,17.6,7.7,89.1,42.9,17.1,58.1,19.0,1.39,0.9,0.4%,10.67,
29,Tanner Bibee,27,CLE,AL,35.1,.266,.333,.417,.751,.314,3.3,20.9,9.2,91.2,48.6,25.2,43.9,18.7,0.80,0.3,0.3%,3.12,
30,Edward Cabrera,28,CHC,NL,35.1,.234,.301,.344,.644,.276,2.1,20.1,8.3,89.9,39.2,26.5,41.2,23.5,0.74,0.2,-0.1%,2.12,
31,Nolan McLean,24,NYM,NL,35.1,.161,.230,.258,.488,.234,1.5,33.3,7.4,85.2,31.6,24.1,44.3,22.8,0.80,0.6,0.4%,5.64,
32,Landen Roupp,27,SFG,NL,35.1,.149,.248,.207,.455,.205,0.7,27.0,10.2,85.7,25.3,23.8,56.0,15.5,1.27,0.9,0.3%,7.24,
33,Jack Kochanowicz,25,LAA,AL,35.0,.189,.293,.244,.537,.223,0.7,16.3,12.2,89.1,42.0,17.3,59.6,17.3,1.55,0.7,0.3%,5.56,
34,Chris Sale*,37,ATL,NL,35.0,.185,.263,.323,.585,.222,3.6,27.7,6.6,88.1,30.2,18.6,44.2,30.2,0.79,0.9,0.5%,8.67,
35,Ranger Suárez*,30,BOS,AL,35.0,.197,.250,.303,.553,.231,2.3,22.0,6.8,88.3,38.3,27.7,40.4,22.3,0.68,0.7,0.3%,5.50,
36,Bryan Woo,26,SEA,AL,35.0,.238,.277,.377,.654,.265,2.8,19.1,4.3,89.4,48.1,21.7,31.1,36.8,0.45,0.0,0.1%,0.20,
37,Andrew Abbott*,27,CIN,NL,34.2,.303,.367,.458,.825,.333,3.2,15.2,9.5,88.2,40.0,25.2,45.4,20.2,0.86,-0.3,-0.4%,-5.04,
38,Emerson Hancock,27,SEA,AL,34.2,.226,.273,.427,.700,.247,5.3,24.2,4.5,90.1,40.0,16.3,45.7,29.3,0.84,0.5,0.3%,5.80,
39,Jameson Taillon,34,CHC,NL,34.2,.213,.291,.465,.755,.207,6.4,22.0,9.2,86.7,33.3,20.8,32.3,34.4,0.48,-0.2,0.0%,-1.62,
40,Shota Imanaga*,32,CHC,NL,34.1,.171,.226,.325,.551,.217,2.3,28.6,6.8,89.9,41.9,24.4,31.4,33.7,0.46,0.7,0.3%,6.25,
41,Jesús Luzardo*,28,PHI,NL,34.1,.259,.310,.378,.688,.352,2.1,28.3,6.2,85.7,29.8,25.5,50.0,18.1,1.02,-0.1,-0.3%,-3.22,
42,Braxton Ashcraft,26,PIT,NL,34.0,.221,.292,.361,.653,.293,2.2,28.3,8.7,89.3,35.3,14.0,46.5,30.2,0.89,0.1,0.0%,0.73,
43,Shane Baz,27,BAL,AL,34.0,.301,.353,.489,.842,.352,2.0,19.3,7.3,88.0,37.0,29.6,41.7,21.3,0.71,-0.2,-0.2%,-0.68,
44,Chase Burns,23,CIN,NL,34.0,.208,.277,.352,.629,.259,3.6,28.5,8.8,88.3,43.2,15.1,46.5,25.6,0.91,0.9,0.6%,7.18,
45,Mitch Keller,30,PIT,NL,34.0,.226,.292,.298,.590,.273,0.7,18.2,8.0,85.9,39.0,29.0,38.0,21.0,0.62,0.5,0.3%,5.22,
46,Michael Lorenzen,34,COL,NL,34.0,.338,.384,.536,.921,.369,3.7,14.6,5.5,90.4,51.2,27.3,46.9,22.7,0.88,-1.0,-0.6%,-10.59,
47,Rhett Lowder,24,CIN,NL,34.0,.231,.286,.315,.601,.279,0.7,17.9,7.1,90.5,38.6,23.8,41.0,28.6,0.69,0.5,0.3%,4.84,
48,Paul Skenes,24,PIT,NL,34.0,.182,.237,.314,.551,.228,3.0,29.3,5.3,85.5,31.8,20.2,47.6,20.2,0.93,0.4,0.3%,4.37,
49,Kris Bubic*,28,KCR,AL,33.2,.193,.299,.336,.635,.247,2.2,25.5,12.4,88.3,33.7,23.8,39.3,32.1,0.65,0.4,0.1%,3.40,
50,Sean Burke,26,CHW,AL,33.2,.226,.273,.379,.652,.258,2.3,18.0,5.3,87.6,37.6,23.8,41.6,26.7,0.74,0.3,0.2%,3.00,
51,Reid Detmers*,26,LAA,AL,33.2,.220,.284,.370,.654,.278,2.1,25.5,6.4,87.8,39.1,20.4,38.7,29.0,0.64,0.3,0.2%,1.17,
52,Foster Griffin*,30,WSN,NL,33.2,.210,.279,.371,.650,.236,3.6,21.9,7.3,87.8,37.9,20.0,41.1,30.5,0.72,0.8,0.4%,6.27,
53,Michael King,31,SDP,NL,33.2,.177,.293,.301,.594,.221,2.2,25.4,11.2,87.7,35.0,23.8,43.8,22.5,0.80,1.0,0.6%,8.89,
54,Randy Vásquez,27,SDP,NL,33.2,.228,.299,.366,.665,.287,2.2,24.8,8.0,89.9,44.4,24.4,42.2,27.8,0.75,0.8,0.5%,6.41,
55,Ryan Weathers*,26,NYY,AL,33.2,.258,.301,.422,.723,.337,3.6,29.2,5.8,88.6,44.9,27.0,40.4,25.8,0.69,0.1,0.0%,4.21,
56,Erick Fedde,33,CHW,AL,33.1,.203,.278,.356,.634,.204,3.7,16.4,8.2,88.6,36.7,20.4,41.8,30.6,0.72,0.0,0.0%,2.85,
57,Michael McGreevy,25,STL,NL,33.1,.205,.236,.369,.605,.208,3.9,16.5,3.9,87.9,36.0,24.8,40.6,26.7,0.69,0.6,0.3%,6.17,
58,Robbie Ray*,34,SFG,NL,33.1,.198,.281,.364,.645,.235,3.7,25.9,10.4,86.9,35.7,24.4,27.9,39.5,0.39,0.5,0.2%,6.21,
59,Janson Junk,30,MIA,NL,33.0,.220,.273,.317,.590,.250,1.5,15.8,6.0,88.1,39.8,18.6,48.0,21.6,0.96,0.3,0.2%,3.35,
60,Jacob Misiorowski,24,MIL,NL,32.2,.195,.299,.314,.613,.297,2.9,37.2,9.5,87.3,36.8,25.0,39.7,27.9,0.66,0.2,0.1%,4.02,
61,Eduardo Rodríguez*,33,ARI,NL,32.2,.236,.322,.386,.708,.257,2.8,15.4,11.2,89.2,39.0,25.7,42.9,25.7,0.76,0.5,0.3%,4.92,
62,Grant Holmes,30,ATL,NL,32.1,.208,.289,.350,.639,.220,3.7,18.5,10.4,89.9,42.7,20.8,41.7,28.1,0.71,0.1,0.0%,2.88,
63,Chase Dollander,24,COL,NL,32.0,.200,.271,.322,.593,.267,2.3,30.0,6.9,91.2,55.7,17.7,50.6,22.8,1.03,1.0,0.4%,8.12,
64,Mike Burrows,26,HOU,AL,31.2,.315,.378,.523,.901,.378,4.9,23.1,8.4,87.5,37.1,26.8,38.1,25.8,0.63,-0.8,-0.4%,-5.68,
65,Noah Cameron*,26,KCR,AL,31.2,.301,.354,.496,.850,.350,3.5,19.4,7.6,90.3,44.8,32.4,30.5,26.7,0.44,-0.5,-0.5%,-5.72,
66,Connelly Early*,24,BOS,AL,31.2,.212,.313,.354,.667,.244,3.1,21.4,10.7,91.2,42.4,20.9,44.2,32.6,0.79,0.6,0.3%,6.02,
67,Tomoyuki Sugano,36,COL,NL,31.2,.233,.282,.425,.707,.240,3.8,16.0,6.9,90.8,44.6,20.8,46.5,29.7,0.87,0.5,0.2%,5.55,
68,Dylan Cease,30,TOR,AL,31.1,.220,.326,.246,.572,.371,0.0,35.5,12.3,86.9,36.2,31.4,51.4,8.6,1.09,0.1,0.0%,1.88,
69,Jacob deGrom,38,TEX,AL,31.1,.198,.244,.328,.571,.264,3.3,32.5,5.7,91.5,40.8,28.9,31.6,30.3,0.46,0.8,0.6%,7.56,
70,Jack Leiter,26,TEX,AL,31.1,.274,.348,.452,.799,.329,4.3,23.9,8.7,87.8,45.1,22.0,41.8,33.0,0.73,-0.7,-0.5%,-4.32,
71,Steven Matz*,35,TBR,AL,31.1,.211,.283,.404,.687,.220,4.7,21.3,8.7,88.9,37.5,26.1,36.4,28.4,0.57,0.1,0.1%,0.94,
72,Lance McCullers Jr.,32,HOU,AL,31.1,.237,.346,.430,.776,.299,3.0,24.8,12.8,91.6,48.1,22.2,45.7,23.5,0.84,-0.5,-0.2%,-6.27,
73,Aaron Nola,33,PHI,NL,31.1,.286,.350,.508,.858,.349,4.3,25.0,9.3,89.3,41.3,30.4,39.1,19.6,0.64,-0.8,-0.3%,-6.42,
74,Andre Pallante,27,STL,NL,31.1,.221,.312,.369,.680,.250,2.9,18.8,10.1,88.5,39.6,20.8,51.0,25.0,1.04,0.1,0.0%,0.67,
75,Eury Pérez,23,MIA,NL,31.1,.252,.338,.487,.826,.296,4.4,24.3,10.3,89.3,46.0,19.5,35.6,33.3,0.56,-0.5,-0.3%,-3.70,
76,Will Warren,27,NYY,AL,31.1,.240,.287,.347,.634,.321,2.3,28.7,5.4,90.8,42.9,22.6,48.8,22.6,0.95,0.3,0.2%,2.61,
77,MacKenzie Gore*,27,TEX,AL,31.0,.217,.311,.374,.685,.290,3.8,31.6,11.3,89.5,46.7,30.7,40.0,25.3,0.68,0.0,0.0%,-0.52,
78,Yusei Kikuchi*,35,LAA,AL,31.0,.282,.352,.444,.796,.352,2.1,23.2,9.9,90.2,42.6,25.5,39.4,24.5,0.65,-0.5,0.0%,-4.92,
79,Casey Mize,29,DET,AL,31.0,.228,.297,.368,.665,.304,1.6,27.3,8.6,87.6,42.0,24.7,38.3,28.4,0.63,0.5,0.3%,5.21,
80,Cade Cavalli,27,WSN,NL,30.2,.298,.385,.387,.772,.419,0.7,26.6,9.8,89.1,36.8,28.7,43.7,25.3,0.78,-0.2,0.1%,-2.63,
81,Aaron Civale,31,ATH,AL,30.2,.267,.313,.408,.721,.305,2.3,18.2,6.1,91.8,53.1,27.6,31.6,31.6,0.46,0.7,0.4%,5.89,
82,Tyler Mahle,31,SFG,NL,30.2,.282,.370,.479,.849,.325,4.4,21.3,12.5,90.3,37.5,21.1,50.0,25.6,1.02,-0.1,-0.1%,-4.52,
83,Dustin May,28,STL,NL,30.2,.333,.377,.492,.869,.385,2.3,16.9,5.4,88.3,46.9,28.3,43.4,17.2,0.78,-0.2,-0.3%,-3.76,
84,Drew Rasmussen,30,TBR,AL,30.2,.181,.213,.336,.549,.200,4.1,26.2,4.1,85.9,32.9,16.5,51.8,22.4,1.10,0.5,0.5%,4.44,
85,Michael Soroka,28,ARI,NL,30.2,.285,.348,.431,.779,.381,2.2,26.5,6.6,89.2,42.0,27.3,38.6,27.3,0.65,0.3,0.1%,-1.35,
86,Joey Cantillo*,26,CLE,AL,30.1,.243,.328,.414,.742,.315,3.2,27.2,10.4,90.0,42.9,19.5,44.2,28.6,0.79,0.2,0.2%,1.37,
87,Slade Cecconi,27,CLE,AL,30.1,.273,.353,.463,.815,.293,4.3,18.0,9.4,86.0,37.8,20.4,44.9,24.5,0.85,-0.8,-0.5%,-7.44,
88,Adrian Houser,33,SFG,NL,30.1,.323,.373,.577,.950,.330,4.2,11.2,7.0,90.1,47.4,27.6,49.1,18.1,1.00,-0.9,-0.4%,-11.17,
89,Matthew Liberatore*,26,STL,NL,30.1,.298,.351,.537,.888,.292,5.9,14.1,8.1,91.0,42.9,21.9,39.0,35.2,0.65,-0.3,-0.1%,-1.17,
90,David Peterson*,30,NYM,NL,30.1,.309,.378,.431,.809,.375,1.4,20.1,9.7,89.5,49.0,26.3,55.6,12.1,1.31,-0.7,-0.3%,-6.77,
91,Trevor Rogers*,28,BAL,AL,30.1,.281,.338,.421,.760,.337,2.3,20.3,7.5,88.4,31.9,24.2,38.9,21.1,0.64,-0.2,-0.1%,-2.61,
92,Kyle Bradish,29,BAL,AL,30.0,.297,.382,.449,.832,.376,2.2,22.8,12.5,86.3,39.1,19.3,48.9,21.6,1.00,-0.7,-0.4%,-3.66,
93,Garrett Crochet*,27,BOS,AL,30.0,.270,.350,.467,.818,.350,3.6,26.8,8.0,89.0,46.4,36.0,36.0,24.4,0.57,-0.3,-0.3%,-8.40,
94,Max Meyer,27,MIA,NL,30.0,.207,.295,.328,.623,.268,1.5,25.0,9.1,89.0,38.6,26.2,40.5,23.8,0.69,0.6,0.3%,3.78,
95,Shohei Ohtani,31,LAD,NL,30.0,.160,.237,.226,.464,.233,0.0,28.6,7.6,86.6,37.8,13.5,54.1,17.6,1.21,1.3,0.9%,11.19,
96,Brandon Woodruff,33,MIL,NL,30.0,.216,.264,.369,.634,.238,3.3,20.7,5.8,89.0,33.0,19.3,29.5,39.8,0.43,0.0,0.0%,1.97,
97,Simeon Woods Richardson,25,MIN,AL,30.0,.311,.378,.525,.902,.317,4.4,11.0,9.6,88.8,40.7,23.1,36.1,25.9,0.58,-0.9,-0.6%,-7.68,
98,Justin Wrobleski*,25,LAD,NL,30.0,.183,.252,.229,.481,.213,0.0,12.6,7.6,87.7,38.3,26.6,38.3,30.9,0.63,0.7,0.7%,10.53,
99,Jake Irvin,29,WSN,NL,29.2,.212,.302,.345,.647,.263,3.1,26.4,8.5,90.9,51.3,22.5,36.3,32.5,0.57,-0.2,-0.1%,-1.39,
100,Kyle Leahy,29,STL,NL,29.1,.317,.383,.525,.908,.348,4.5,16.4,8.2,91.0,50.0,25.5,52.0,19.4,1.09,-0.3,-0.3%,-3.08,
101,Bubba Chandler,23,PIT,NL,29.0,.213,.338,.398,.737,.234,3.8,20.8,15.4,88.2,36.6,23.2,34.1,31.7,0.53,-0.2,0.0%,-3.74,
102,Brady Singer,29,CIN,NL,29.0,.323,.366,.508,.874,.347,3.7,14.2,5.2,92.4,47.6,32.1,40.6,23.6,0.68,-0.3,-0.2%,-2.97,
103,Zac Gallen,30,ARI,NL,28.2,.288,.328,.414,.742,.323,1.7,14.2,5.8,91.5,45.8,25.0,45.8,25.0,0.86,0.0,0.0%,2.23,
104,Zack Littell,30,WSN,NL,28.2,.315,.365,.653,1.018,.268,9.5,11.7,8.0,93.6,47.3,19.1,35.5,36.4,0.55,-1.3,-0.7%,-16.46,
105,Luis Castillo,33,SEA,AL,28.1,.317,.383,.500,.883,.378,3.0,19.4,8.2,91.1,47.4,30.5,37.9,20.0,0.62,-0.9,-0.5%,-10.48,
106,Carmen Mlodzinski,27,PIT,NL,28.1,.270,.336,.342,.678,.361,0.0,23.8,8.7,91.9,55.4,28.9,47.0,15.7,0.89,0.0,0.0%,-0.12,
107,Martín Pérez*,35,ATL,NL,28.1,.184,.270,.347,.617,.195,2.7,17.0,8.9,87.2,42.0,24.7,40.7,24.7,0.73,0.5,0.2%,7.98,
108,Chris Bassitt,37,BAL,AL,28.0,.328,.407,.440,.847,.357,2.2,12.6,10.4,86.3,32.7,24.8,45.5,19.8,0.87,-0.3,-0.1%,-4.67,
109,Chris Paddack,30,MIA,NL,28.0,.294,.339,.462,.801,.341,3.9,20.3,5.5,89.3,47.9,23.4,41.5,29.8,0.72,-0.6,-0.4%,-6.92,
110,Chad Patrick,27,MIL,NL,28.0,.222,.310,.343,.653,.244,1.8,14.0,11.4,90.0,42.4,24.7,32.9,30.6,0.50,0.3,0.2%,4.35,
111,Brandon Williamson*,28,CIN,NL,28.0,.255,.383,.431,.814,.268,3.1,14.8,15.6,88.1,41.9,23.3,33.7,32.6,0.51,-0.2,-0.1%,-5.09,
112,Miles Mikolas,37,WSN,NL,27.1,.313,.370,.565,.935,.315,6.3,15.0,8.7,87.8,45.3,15.5,48.5,30.9,0.96,-1.0,-0.4%,-11.58,
113,Colin Rea,35,CHC,NL,27.1,.248,.310,.362,.672,.291,2.6,20.5,7.7,91.5,47.0,21.7,48.2,25.3,0.95,0.0,-0.1%,1.31,
114,Eric Lauer*,31,TOR,AL,27.0,.262,.339,.505,.844,.259,5.7,16.4,10.7,87.8,36.4,25.0,21.6,39.8,0.28,-0.6,-0.4%,-5.25,
115,Keider Montero,25,DET,AL,27.0,.218,.252,.376,.629,.260,1.9,21.5,4.7,90.2,44.9,17.7,34.2,32.9,0.53,0.3,0.1%,2.71,
116,Brandon Pfaadt,27,ARI,NL,27.0,.238,.316,.446,.761,.250,4.4,18.4,9.6,88.4,38.3,18.5,51.9,22.2,1.08,-0.7,-0.4%,-2.86,
117,Cole Ragans*,28,KCR,AL,27.0,.229,.348,.490,.837,.263,6.1,28.7,15.7,88.7,40.6,18.8,35.9,39.1,0.58,0.1,0.2%,-1.98,
118,Kumar Rocker,26,TEX,AL,26.2,.243,.313,.359,.672,.288,1.7,19.1,8.7,90.3,48.1,22.0,56.1,17.1,1.28,0.1,0.2%,2.44,
119,Brandon Sproat,25,MIL,NL,26.2,.286,.381,.541,.921,.318,6.1,21.7,13.0,87.6,42.7,16.0,36.0,38.7,0.59,-0.4,-0.4%,-4.16,
120,Emmet Sheehan,26,LAD,NL,26.1,.242,.309,.444,.754,.294,3.6,25.5,8.2,87.6,40.3,29.2,40.3,23.6,0.67,0.0,0.1%,1.04,
121,Brayan Bello,27,BOS,AL,25.2,.374,.439,.635,1.074,.380,6.0,12.8,11.3,88.5,39.6,22.8,48.5,22.8,0.98,-1.0,-0.4%,-13.55,
122,Ryne Nelson,28,ARI,NL,25.2,.259,.328,.509,.837,.282,5.0,20.0,9.2,90.9,47.6,27.4,29.8,33.3,0.42,-0.9,-0.4%,-13.58,
123,Jack Flaherty,30,DET,AL,25.1,.234,.400,.426,.826,.290,3.3,23.0,18.0,87.7,46.3,25.0,29.4,26.5,0.44,-0.3,-0.1%,-5.28,
124,Walker Buehler,31,SDP,NL,25.0,.270,.360,.370,.730,.347,0.9,21.1,10.5,91.1,40.8,31.6,47.4,17.1,0.90,-0.2,-0.3%,-2.48,
125,J.T. Ginn,27,ATH,AL,25.0,.202,.280,.393,.673,.209,4.0,19.0,9.0,85.8,32.4,14.1,50.7,28.2,1.06,0.2,0.0%,2.65,
126,Anthony Kay*,31,CHW,AL,25.0,.277,.385,.475,.860,.286,3.3,12.3,11.5,90.2,48.3,31.8,35.2,21.6,0.55,-0.5,-0.2%,-4.13,
127,Jacob Lopez*,28,ATH,AL,24.2,.278,.400,.443,.843,.299,3.3,14.9,17.4,84.7,26.8,14.6,36.6,31.7,0.59,-0.5,-0.3%,-3.28,
128,Germán Márquez,31,SDP,NL,24.2,.268,.324,.495,.819,.270,5.7,16.2,6.7,87.8,47.5,22.5,32.5,32.5,0.49,0.0,-0.1%,0.50,
129,Andrew Painter,23,PHI,NL,24.0,.306,.346,.439,.785,.364,1.9,19.4,5.6,87.3,32.5,25.0,37.5,25.0,0.61,-0.1,0.1%,0.23,
130,Kyle Harrison*,24,MIL,NL,23.2,.200,.292,.306,.598,.283,2.1,31.3,8.3,87.9,32.7,27.3,34.5,29.1,0.56,0.4,0.2%,4.76,
131,Reynaldo López,32,ATL,NL,23.2,.227,.317,.409,.726,.254,4.0,21.8,10.9,86.5,36.4,28.4,34.3,28.4,0.52,-0.1,-0.2%,-0.87,
132,Sonny Gray,36,BOS,AL,23.0,.269,.313,.430,.743,.286,3.0,13.1,5.1,88.1,40.0,21.3,53.8,21.3,1.16,-0.1,0.0%,-1.10,
133,Shane McClanahan*,29,TBR,AL,23.0,.184,.290,.253,.543,.246,1.0,24.8,12.9,86.4,43.5,22.6,37.1,29.0,0.64,-0.2,-0.1%,-0.66,
134,Ben Brown,26,CHC,NL,22.2,.210,.267,.272,.538,.267,1.1,24.4,7.8,89.6,34.4,19.7,50.8,21.3,1.03,0.4,0.2%,3.56,
135,Roki Sasaki,24,LAD,NL,22.2,.304,.402,.576,.978,.333,6.5,20.4,12.0,89.0,45.1,21.1,36.6,33.8,0.59,-0.7,-0.5%,-6.13,
136,Taijuan Walker,33,PHI,NL,22.2,.353,.417,.657,1.074,.359,7.0,14.8,9.6,87.5,36.5,22.1,39.5,33.7,0.65,-1.2,-0.5%,-13.77,
137,Sean Manaea*,34,NYM,NL,22.0,.292,.373,.494,.867,.359,2.9,22.3,9.7,89.4,39.7,29.4,32.4,27.9,0.49,0.0,0.1%,-7.50,
138,Brad Lord,26,WSN,NL,21.2,.229,.278,.361,.639,.239,3.3,15.6,4.4,88.3,48.6,17.1,58.6,18.6,1.46,0.2,0.1%,-0.36,
139,Ryan Weiss,29,HOU,AL,21.2,.300,.406,.533,.939,.356,5.7,23.6,15.1,90.5,49.2,30.8,33.8,24.6,0.51,-1.0,-0.6%,-6.98,
140,Kyle Freeland*,33,COL,NL,20.2,.231,.310,.333,.644,.271,2.3,19.5,5.7,89.1,41.7,23.0,45.9,23.0,0.85,0.2,0.0%,2.52,
141,Mick Abel,24,MIN,AL,20.1,.275,.376,.350,.726,.386,0.0,24.7,10.8,85.6,40.4,28.1,36.8,24.6,0.62,-0.2,0.0%,0.90,
142,Ryan Feltner,29,COL,NL,20.0,.275,.341,.563,.903,.293,5.7,19.3,9.1,89.5,49.2,20.6,42.9,33.3,0.75,-0.5,-0.2%,-4.73,
143,Kodai Senga,33,NYM,NL,20.0,.313,.412,.542,.955,.382,5.2,23.7,13.4,88.1,40.0,31.7,30.0,31.7,0.44,-1.1,-0.7%,-10.96,
144,Yohan Ramírez,31,PIT,NL,19.2,.186,.296,.314,.611,.255,1.2,27.2,12.3,83.4,31.3,20.8,45.8,25.0,0.88,0.9,0.6%,8.21,
145,Jesse Scholtens,32,TBR,AL,19.2,.216,.293,.392,.685,.241,2.4,17.1,7.3,86.4,35.0,23.3,41.7,23.3,0.71,0.1,-0.1%,3.03,
146,Antonio Senzatela,31,COL,NL,19.2,.136,.197,.152,.349,.191,0.0,26.8,7.0,87.7,36.2,21.3,46.8,27.7,0.88,1.0,0.5%,8.35,
147,Kai-Wei Teng,27,HOU,AL,19.2,.197,.260,.352,.612,.220,3.9,23.4,7.8,90.1,39.6,26.4,39.6,26.4,0.68,0.1,0.0%,3.86,
148,Patrick Corbin*,36,TOR,AL,19.1,.265,.333,.397,.730,.308,2.5,20.3,7.6,88.7,41.8,29.1,41.8,21.8,0.74,0.1,0.0%,1.85,
149,Luis Gil,28,NYY,AL,19.1,.211,.341,.507,.848,.161,7.1,10.6,12.9,92.2,46.8,14.5,45.2,32.3,0.85,-0.3,-0.1%,-3.37,
150,Tobias Myers,27,NYM,NL,19.1,.176,.211,.279,.491,.200,2.8,22.5,4.2,89.0,38.5,21.2,48.1,21.2,0.93,0.4,0.2%,5.06,
151,Javier Assad,28,CHC,NL,19.0,.289,.337,.474,.811,.302,3.6,13.1,7.1,90.0,52.2,20.9,47.8,23.9,0.94,0.1,0.0%,-6.99,
152,Brent Suter*,36,LAA,AL,19.0,.239,.320,.478,.798,.283,4.0,24.0,10.7,84.8,31.3,14.3,53.1,22.4,1.18,-0.4,-0.2%,2.26,
153,Jovani Morán*,29,BOS,AL,18.2,.156,.276,.297,.573,.170,2.6,21.1,13.2,85.4,27.1,16.3,34.7,38.8,0.55,-0.1,0.0%,2.74,
154,Max Scherzer,41,TOR,AL,18.2,.297,.369,.608,.977,.259,8.3,11.9,9.5,89.1,38.5,24.6,27.7,29.2,0.38,-0.6,-0.3%,-8.98,
155,Aaron Ashby*,28,MIL,NL,18.1,.217,.325,.304,.629,.368,1.3,37.5,13.8,89.9,43.6,20.5,53.8,23.1,1.17,0.2,0.1%,2.26,
156,AJ Blubaugh,25,HOU,AL,18.1,.239,.333,.448,.781,.250,3.7,18.3,13.4,88.2,37.5,19.6,30.4,37.5,0.47,-0.1,0.0%,-0.50,
157,Tyler Phillips,28,MIA,NL,18.1,.194,.325,.284,.609,.255,1.3,23.8,15.0,91.0,45.8,25.0,41.7,31.3,0.71,0.0,0.0%,4.19,
158,Jose Quintana*,37,COL,NL,18.1,.254,.346,.478,.823,.228,4.9,11.0,13.4,87.2,33.9,21.0,30.6,33.9,0.45,-0.2,-0.1%,-2.78,
159,Spencer Arrighetti,26,HOU,AL,18.0,.169,.308,.277,.585,.233,1.3,26.9,11.5,88.6,34.1,29.5,34.1,31.8,0.52,0.5,0.2%,5.07,
160,Matthew Boyd*,35,CHC,NL,18.0,.288,.333,.397,.731,.435,1.3,33.3,6.4,90.3,51.1,31.9,42.6,21.3,0.74,-0.5,-0.2%,-3.22,
161,Tim Mayza*,34,PHI,NL,18.0,.179,.267,.284,.550,.213,2.7,24.0,9.3,90.1,44.9,20.4,53.1,26.5,1.13,-0.4,-0.2%,0.75,
162,Sean Newcomb*,33,CHW,AL,18.0,.282,.354,.423,.777,.370,0.0,21.3,10.0,84.0,34.5,21.8,56.4,14.5,1.35,0.5,0.3%,1.40,
163,Connor Phillips,25,CIN,NL,17.2,.150,.346,.250,.596,.200,1.3,24.4,19.2,88.7,34.1,29.3,19.5,39.0,0.24,0.9,0.5%,5.11,
164,Ryan Watson,28,BOS,AL,17.2,.301,.378,.466,.844,.322,3.6,13.3,8.4,88.9,43.5,25.4,41.3,20.6,0.72,0.2,0.1%,-2.23,
165,Zach Agnos,25,COL,NL,17.1,.300,.359,.471,.830,.358,2.5,20.3,8.9,84.5,33.9,23.2,42.9,28.6,0.77,-0.3,-0.2%,-2.68,
166,Yoendrys Gómez,26,TBR,AL,17.1,.275,.370,.522,.892,.269,6.1,15.9,12.2,87.1,39.7,22.4,19.0,34.5,0.24,0.2,0.1%,-5.53,
167,Gordon Graceffo,26,STL,NL,17.1,.130,.242,.130,.372,.156,0.0,14.5,9.7,92.3,51.1,17.8,53.3,26.7,1.14,1.0,0.5%,7.66,
168,Drew Anderson,32,DET,AL,17.0,.222,.329,.429,.757,.268,4.1,25.7,12.2,89.5,43.2,17.8,46.7,22.2,0.91,0.1,0.2%,0.49,
169,Braydon Fisher,25,TOR,AL,17.0,.214,.302,.339,.641,.282,1.6,25.4,9.5,88.1,37.5,30.0,35.0,27.5,0.54,0.5,0.3%,5.32,
170,Hogan Harris*,29,ATH,AL,17.0,.177,.346,.306,.653,.209,2.6,21.8,19.2,84.5,22.2,13.3,44.4,22.2,0.83,0.5,0.4%,1.26,
171,Tyler Wells,31,BAL,AL,17.0,.242,.294,.435,.730,.295,2.9,24.6,5.8,86.6,31.9,29.8,19.1,27.7,0.25,0.0,0.0%,2.05,
172,Shaun Anderson,31,LAA,AL,16.2,.270,.361,.429,.790,.292,4.1,16.4,11.0,85.9,36.5,25.0,46.2,19.2,0.89,-0.1,-0.1%,-2.44,
173,Jacob Latz*,30,TEX,AL,16.2,.089,.136,.179,.314,.098,1.7,23.7,5.1,90.1,45.2,7.1,42.9,33.3,0.75,-0.4,-0.1%,2.98,
174,Ron Marinaccio,30,SDP,NL,16.2,.292,.343,.462,.804,.333,2.9,17.1,7.1,86.9,30.2,17.0,47.2,24.5,0.89,0.0,0.0%,-0.88,
175,Isaac Mattson,30,PIT,NL,16.2,.242,.333,.274,.608,.294,0.0,16.7,12.5,90.4,49.0,37.3,17.6,37.3,0.22,0.9,0.6%,3.60,
176,Cole Sulser,36,TBR,AL,16.2,.288,.360,.409,.769,.340,1.3,17.1,10.5,90.2,44.4,18.2,40.0,30.9,0.69,0.2,0.0%,0.82,
177,Matt Svanson,27,STL,NL,16.2,.324,.429,.535,.964,.373,4.8,19.0,14.3,92.4,52.7,23.6,40.0,27.3,0.67,-0.7,-0.4%,-8.47,
178,José Suarez*,28,ATL,NL,16.1,.328,.430,.388,.818,.478,0.0,26.6,15.2,90.2,43.5,32.6,45.7,15.2,0.84,-0.7,-0.3%,-4.69,
179,Ryan Zeferjahn,28,LAA,AL,16.1,.186,.300,.288,.588,.282,0.0,30.0,11.4,87.4,31.6,17.9,46.2,20.5,0.86,-0.2,-0.2%,-0.68,
180,Justin Bruihl*,29,STL,NL,16.0,.232,.370,.339,.709,.235,1.4,9.6,15.1,86.1,40.4,28.8,48.1,13.5,0.93,0.0,0.0%,-3.30,
181,Adrián Morejón*,27,SDP,NL,16.0,.273,.324,.348,.672,.354,1.4,23.9,7.0,85.0,31.3,24.5,65.3,10.2,1.88,0.3,0.1%,-2.91,
182,Nick Pivetta,33,SDP,NL,16.0,.200,.273,.267,.539,.333,0.0,36.4,9.1,86.2,30.6,16.7,33.3,33.3,0.50,0.1,0.1%,0.12,
183,Louis Varland,28,TOR,AL,16.0,.218,.267,.255,.521,.400,0.0,43.3,6.7,88.0,33.3,20.0,56.7,23.3,1.31,1.2,0.5%,8.13,
184,Grant Anderson,29,MIL,NL,15.2,.189,.271,.396,.667,.222,3.4,25.4,10.2,88.8,50.0,21.1,52.6,23.7,1.11,0.0,-0.1%,4.04,
185,Joe Boyle,26,TBR,AL,15.2,.190,.262,.328,.589,.238,1.5,24.2,9.1,87.3,44.2,20.9,41.9,23.3,0.69,-0.5,-0.3%,-4.77,
186,Taylor Clarke,33,ARI,NL,15.2,.204,.237,.315,.552,.208,1.7,11.7,1.7,84.3,26.0,12.0,62.0,18.0,1.72,0.4,0.2%,1.01,
187,Kyle Finnegan,34,DET,AL,15.2,.173,.306,.308,.614,.205,1.6,19.4,16.1,86.7,32.5,12.5,50.0,27.5,1.05,0.9,0.5%,7.96,
188,Spencer Miles,25,TOR,AL,15.2,.217,.277,.333,.610,.256,3.1,23.1,7.7,85.0,28.9,24.4,44.4,24.4,0.83,0.2,0.1%,3.77,
189,Justin Sterner,29,ATH,AL,15.2,.292,.343,.431,.774,.378,2.8,25.4,7.0,85.7,47.9,16.7,50.0,22.9,1.26,-0.9,-0.5%,-0.57,
190,Sam Bachman,26,LAA,AL,15.1,.189,.317,.283,.600,.243,1.6,23.8,15.9,84.5,27.0,18.4,44.7,31.6,0.81,0.6,0.4%,2.25,
191,Kyle Hart*,33,SDP,NL,15.1,.222,.317,.333,.651,.255,0.0,12.5,9.4,82.5,27.1,20.8,54.2,10.4,1.37,0.0,0.0%,0.68,
192,Brent Headrick*,28,NYY,AL,15.1,.271,.338,.339,.677,.372,0.0,23.5,8.8,86.4,40.0,30.4,28.3,23.9,0.43,0.7,0.4%,5.66,
193,Peter Lambert,29,HOU,AL,15.1,.211,.318,.263,.581,.316,0.0,28.8,10.6,86.1,36.8,26.3,42.1,23.7,0.76,0.2,0.0%,2.36,
194,Mason Miller,27,SDP,NL,15.1,.118,.167,.118,.284,.273,0.0,53.7,5.6,84.3,18.2,13.6,63.6,18.2,1.75,1.2,0.7%,5.94,
195,Anthony Nunez,24,BAL,AL,15.1,.203,.242,.373,.615,.256,3.2,28.6,4.8,85.9,42.9,21.4,47.6,21.4,0.95,0.3,0.2%,-0.69,
196,Riley O'Brien,31,STL,NL,15.1,.200,.241,.218,.460,.289,0.0,29.3,1.7,84.6,39.5,21.1,60.5,15.8,1.64,0.8,0.6%,2.81,
197,PJ Poulin*,29,WSN,NL,15.1,.228,.333,.421,.754,.227,4.5,15.2,12.1,93.0,55.3,8.5,51.1,34.0,1.00,0.0,0.0%,-1.29,
198,Tyler Rogers,35,TOR,AL,15.1,.148,.207,.148,.355,.174,0.0,13.6,6.8,80.2,17.4,12.8,70.2,10.6,2.54,0.3,0.2%,5.39,
199,Noah Schultz*,22,CHW,AL,15.1,.151,.274,.264,.538,.206,1.6,28.6,14.3,87.1,34.3,30.6,33.3,27.8,0.52,0.0,0.0%,0.86,
200,Grant Taylor,24,CHW,AL,15.1,.242,.288,.339,.627,.385,0.0,34.8,6.1,89.6,47.4,28.2,38.5,28.2,0.63,0.6,0.3%,2.49,
201,Osvaldo Bido,30,2TM,2LG,15.1,.222,.354,.444,.798,.220,4.6,15.4,13.8,90.2,45.5,27.3,29.5,36.4,0.42,-0.1,-0.1%,-2.03,
201,Osvaldo Bido,30,ATL,NL,10.0,.206,.341,.382,.724,.222,2.4,14.6,12.2,90.7,50.0,25.0,32.1,35.7,0.47,-0.1,-0.1%,-1.07,
201,Osvaldo Bido,30,CHW,AL,5.1,.250,.375,.550,.925,.214,8.3,16.7,16.7,89.3,37.5,31.3,25.0,37.5,0.33,0.0,0.0%,-0.96,
202,Graham Ashcraft,28,CIN,NL,15.0,.216,.322,.333,.655,.306,0.0,25.4,13.6,90.1,45.2,22.2,58.3,19.4,1.40,0.7,0.6%,6.12,
203,Hoby Milner*,35,CHC,NL,15.0,.192,.276,.308,.584,.178,3.4,8.6,6.9,86.2,27.7,23.4,40.4,25.5,0.68,0.5,0.3%,5.03,
204,JoJo Romero*,29,STL,NL,15.0,.250,.333,.446,.780,.262,4.7,17.2,9.4,89.8,43.5,28.3,41.3,21.7,0.73,0.6,0.4%,3.37,
205,Jose A. Ferrer*,26,SEA,AL,14.2,.317,.369,.367,.736,.388,0.0,16.4,4.5,82.6,25.5,19.6,41.2,31.4,0.75,-0.6,-0.4%,0.49,
206,Merrill Kelly,37,ARI,NL,14.2,.350,.452,.683,1.135,.340,6.8,12.2,16.2,89.7,45.3,30.2,34.0,32.1,0.53,-0.7,-0.4%,-7.54,
207,Dylan Lee*,31,ATL,NL,14.2,.122,.154,.245,.399,.182,0.0,32.7,3.8,87.8,39.4,24.2,33.3,36.4,0.50,0.5,0.3%,5.82,
208,Juan Morillo,27,ARI,NL,14.2,.151,.211,.208,.418,.200,1.8,29.8,7.0,86.4,34.3,11.1,58.3,22.2,1.40,0.6,0.3%,5.08,
209,Dennis Santana,30,PIT,NL,14.2,.173,.295,.346,.641,.175,3.3,16.4,13.1,86.3,33.3,28.6,31.0,28.6,0.45,-0.3,-0.3%,1.93,
210,Gregory Soto*,31,PIT,NL,14.2,.122,.232,.204,.436,.179,1.8,35.7,10.7,80.2,24.1,13.8,41.4,20.7,0.80,0.7,0.6%,4.87,
211,Jake Woodford,29,MIL,NL,14.2,.302,.323,.365,.688,.353,1.5,16.9,3.1,90.2,48.1,34.6,36.5,23.1,0.58,0.0,0.0%,0.21,
212,Brandon Young,27,BAL,AL,14.2,.306,.353,.484,.837,.314,4.4,13.2,7.4,90.7,46.3,24.1,40.7,29.6,0.69,0.0,-0.1%,-5.86,
213,Tyler Alexander*,31,TEX,AL,14.1,.264,.310,.283,.593,.333,0.0,20.3,5.1,85.4,23.3,18.6,46.5,25.6,0.91,0.5,0.4%,5.02,
214,Scott Barlow,33,ATH,AL,14.1,.146,.288,.292,.580,.143,3.4,20.3,13.6,87.8,32.4,18.9,40.5,32.4,0.68,0.2,0.1%,1.85,
215,JT Brubaker,32,SFG,NL,14.1,.250,.361,.365,.726,.300,1.6,18.0,14.8,88.4,34.1,31.7,39.0,19.5,0.64,0.0,0.0%,3.27,
216,Brock Burke*,29,CIN,NL,14.1,.192,.288,.288,.577,.286,0.0,28.8,10.2,87.2,38.2,22.9,42.9,20.0,0.75,0.2,0.1%,3.22,
217,Cooper Criswell,29,SEA,AL,14.1,.224,.283,.408,.691,.242,5.7,24.5,5.7,92.5,55.6,8.3,55.6,36.1,1.25,-0.1,0.0%,3.58,
218,Jakob Junis,33,TEX,AL,14.1,.143,.236,.184,.420,.163,0.0,10.9,7.3,84.9,30.2,18.6,48.8,25.6,0.95,0.9,0.5%,6.80,
219,Jordan Leasure,27,CHW,AL,14.1,.222,.323,.519,.841,.200,8.1,22.6,12.9,91.6,42.5,15.0,25.0,52.5,0.33,-0.7,-0.4%,-4.83,
220,Jonathan Loáisiga,31,ARI,NL,14.1,.273,.317,.382,.698,.326,1.7,20.0,5.0,89.0,45.5,25.0,43.2,22.7,0.79,-0.1,0.1%,0.81,
221,Juan Mejia,25,COL,NL,14.1,.322,.385,.390,.774,.429,1.5,24.6,7.7,90.1,37.2,25.6,34.9,30.2,0.54,0.2,0.1%,0.63,
222,Bradgley Rodriguez,22,SDP,NL,14.1,.241,.300,.296,.596,.302,0.0,20.0,8.3,86.4,30.2,18.6,60.5,11.6,1.53,0.0,0.0%,2.17,
223,Eduard Bazardo,30,SEA,AL,14.0,.204,.273,.286,.558,.250,0.0,18.2,9.1,89.7,42.5,32.5,32.5,25.0,0.48,0.6,0.3%,5.49,
224,DL Hall*,27,MIL,NL,14.0,.188,.350,.292,.642,.267,1.7,28.3,18.3,88.2,38.7,22.6,45.2,19.4,0.82,-0.1,0.0%,1.03,
225,Bryan Hudson*,29,CHW,AL,14.0,.250,.356,.292,.648,.375,0.0,29.5,13.1,86.6,35.3,23.5,50.0,20.6,1.13,0.4,0.2%,2.30,
226,Caleb Kilian,29,SFG,NL,14.0,.111,.241,.178,.419,.138,1.9,29.6,13.0,87.8,40.0,16.7,53.3,20.0,1.23,1.1,0.4%,8.51,
227,Tyler Kinley,35,ATL,NL,14.0,.180,.293,.200,.493,.250,0.0,24.1,12.1,79.4,13.9,30.6,36.1,19.4,0.57,0.6,0.4%,4.16,
228,Justin Lawrence,31,PIT,NL,14.0,.222,.311,.444,.756,.257,4.9,26.2,8.2,90.7,42.1,26.3,44.7,23.7,0.81,-0.6,-0.4%,-3.33,
229,Tommy Nance,35,TOR,AL,14.0,.226,.305,.321,.626,.314,1.7,28.3,10.0,84.2,32.4,18.9,48.6,24.3,1.00,-0.3,-0.2%,-2.02,
230,Steven Okert*,34,HOU,AL,14.0,.224,.304,.408,.712,.231,3.5,15.8,10.5,82.9,19.5,16.7,26.2,28.6,0.38,-0.3,-0.1%,-1.03,
231,Cionel Pérez*,30,WSN,NL,14.0,.259,.385,.389,.774,.279,3.1,13.8,16.9,95.0,62.2,13.3,60.0,24.4,1.50,0.1,-0.1%,-1.42,
232,Cade Smith,27,CLE,AL,14.0,.286,.328,.464,.792,.385,1.6,27.9,6.6,90.5,42.5,27.5,32.5,30.0,0.48,0.1,0.1%,-1.05,
233,Lake Bachar,31,MIA,NL,13.2,.170,.273,.319,.592,.200,3.6,28.6,12.5,89.9,37.5,18.8,40.6,31.3,0.68,0.1,0.1%,2.14,
234,Matt Festa,33,CLE,AL,13.2,.246,.279,.439,.717,.286,3.3,23.0,3.3,87.4,40.9,27.3,29.5,27.3,0.42,-0.2,-0.1%,-2.28,
235,Rico Garcia,32,BAL,AL,13.2,.024,.109,.095,.204,.000,2.2,32.6,8.7,82.7,18.5,14.8,59.3,11.1,1.45,0.8,0.4%,7.86,
236,Kevin Ginkel,32,ARI,NL,13.2,.241,.281,.352,.633,.343,1.8,31.6,5.3,90.6,44.4,22.2,50.0,22.2,1.00,0.0,0.0%,-1.35,
237,Brant Hurter*,27,DET,AL,13.2,.167,.212,.271,.482,.175,1.9,15.4,5.8,87.8,32.5,29.3,56.1,14.6,1.28,0.2,0.0%,2.56,
238,John King*,31,MIA,NL,13.2,.048,.180,.119,.299,.034,2.0,26.0,10.0,86.3,23.3,16.7,50.0,26.7,1.00,0.7,0.4%,8.47,
239,Alex Lange,30,KCR,AL,13.2,.245,.375,.434,.809,.344,3.1,29.7,15.6,93.2,50.0,32.4,32.4,35.3,0.48,-0.8,-0.3%,-4.68,
240,Erik Sabrowski*,28,CLE,AL,13.2,.149,.241,.255,.496,.240,1.9,40.7,11.1,92.6,34.6,34.6,15.4,38.5,0.18,0.6,0.4%,3.14,
241,Tony Santillan,29,CIN,NL,13.2,.174,.283,.304,.587,.207,3.8,28.3,13.2,88.2,38.7,25.8,35.5,35.5,0.55,0.7,0.1%,5.05,
242,Justin Topa,35,MIN,AL,13.2,.275,.345,.373,.717,.302,1.7,13.8,10.3,89.3,35.7,22.7,52.3,22.7,1.10,-0.5,-0.1%,1.72,
243,Matt Waldron,29,SDP,NL,13.2,.361,.426,.639,1.066,.380,4.3,11.6,7.2,86.1,33.3,18.5,44.4,20.4,0.86,-0.7,-0.4%,-5.92,
244,Richard Lovelady*,30,2TM,NL,13.2,.269,.377,.365,.742,.333,1.6,19.4,14.5,87.5,34.1,22.0,46.3,22.0,0.90,0.2,0.0%,2.69,
244,Richard Lovelady*,30,NYM,NL,7.1,.286,.375,.429,.804,.333,3.1,18.8,12.5,89.8,40.9,18.2,54.5,22.7,1.20,-0.4,-0.2%,0.33,
244,Richard Lovelady*,30,WSN,NL,6.1,.250,.379,.292,.671,.333,0.0,20.0,16.7,84.9,26.3,26.3,36.8,21.1,0.64,0.6,0.2%,2.35,
245,Huascar Brazobán,36,NYM,NL,13.1,.224,.269,.327,.596,.270,1.9,21.2,5.8,85.7,28.9,18.4,60.5,13.2,1.53,-0.1,0.1%,0.32,
246,Mason Montgomery*,26,PIT,NL,13.1,.216,.310,.314,.624,.357,1.7,37.9,12.1,91.3,48.3,27.6,37.9,24.1,0.61,0.6,0.5%,3.75,
247,David Morgan,26,SDP,NL,13.1,.315,.448,.519,.966,.405,2.9,22.1,16.2,83.1,27.5,20.0,52.5,17.5,1.24,0.0,-0.2%,-6.38,
248,Emilio Pagán,35,CIN,NL,13.1,.240,.328,.420,.748,.256,3.4,17.2,10.3,91.3,56.1,22.0,24.4,36.6,0.32,0.4,0.2%,-0.87,
249,Wandy Peralta*,34,SDP,NL,13.1,.302,.362,.528,.890,.333,5.2,19.0,6.9,87.2,33.3,31.0,40.5,23.8,0.68,-1.0,-0.5%,-2.60,
250,Jack Perkins,26,ATH,AL,13.1,.220,.291,.260,.551,.333,0.0,30.9,5.5,88.8,46.9,36.4,36.4,18.2,0.57,1.6,1.0%,3.74,
251,Tanner Scott*,31,LAD,NL,13.1,.170,.204,.298,.502,.188,4.1,26.5,4.1,88.9,32.4,23.5,32.4,35.3,0.48,0.2,0.1%,3.33,
252,Ian Seymour*,27,TBR,AL,13.1,.280,.362,.440,.802,.394,1.7,28.8,10.2,87.2,42.9,25.7,25.7,34.3,0.39,0.5,0.2%,-2.81,
253,George Soriano,27,STL,NL,13.1,.167,.281,.271,.552,.189,1.8,19.3,12.3,90.9,36.8,13.2,55.3,23.7,1.24,0.3,0.2%,-0.44,
254,Anthony Banda*,32,MIN,AL,13.0,.275,.373,.451,.824,.351,1.7,21.7,6.7,87.8,35.9,23.1,48.7,23.1,1.00,-0.3,-0.1%,-5.00,
255,Jalen Beeks*,32,TEX,AL,13.0,.213,.260,.340,.600,.250,3.9,25.5,5.9,88.6,45.7,17.1,48.6,28.6,1.00,0.4,0.2%,3.00,
256,Seranthony Domínguez,31,CHW,AL,13.0,.174,.328,.391,.719,.179,5.2,27.6,15.5,91.8,41.9,25.8,35.5,29.0,0.55,-0.5,-0.2%,-0.52,
257,Jack Dreyer*,27,LAD,NL,13.0,.182,.280,.295,.575,.259,2.0,31.4,9.8,88.5,44.8,13.8,20.7,48.3,0.27,-0.5,-0.4%,1.06,
258,Jimmy Herget,32,COL,NL,13.0,.255,.288,.383,.671,.324,1.9,26.4,3.8,88.4,38.9,19.4,30.6,36.1,0.46,1.0,0.5%,4.00,
259,Tyler Holton*,30,DET,AL,13.0,.321,.419,.453,.872,.357,3.2,14.5,12.9,90.8,46.5,36.4,45.5,13.6,0.83,-0.5,-0.2%,-1.77,
260,Will Klein,26,LAD,NL,13.0,.275,.327,.333,.661,.389,0.0,27.3,7.3,86.9,32.4,27.8,47.2,11.1,0.89,-0.2,-0.1%,3.17,
261,Mark Leiter Jr.,35,ATH,AL,13.0,.321,.387,.446,.834,.400,3.2,22.6,8.1,87.0,38.1,28.6,33.3,28.6,0.50,-0.7,-0.4%,-3.93,
262,Ryne Stanek,34,STL,NL,13.0,.309,.433,.418,.851,.444,1.5,26.5,17.6,91.7,48.6,29.7,40.5,21.6,0.68,-1.0,-0.6%,-7.49,
263,Albert Suárez,36,BAL,AL,13.0,.213,.283,.447,.730,.179,5.7,11.3,9.4,87.9,42.9,26.2,19.0,38.1,0.25,-0.2,-0.1%,-2.52,
264,Cole Winn,26,TEX,AL,13.0,.220,.286,.420,.706,.242,5.4,26.8,8.9,88.1,38.9,19.4,27.8,47.2,0.38,0.0,-0.1%,1.06,
265,David Bednar,31,NYY,AL,12.2,.296,.361,.370,.731,.390,0.0,23.0,8.2,83.9,36.6,19.5,58.5,14.6,1.60,-0.3,-0.2%,-3.90,
266,Brennan Bernardino*,34,COL,NL,12.2,.222,.286,.311,.597,.294,0.0,22.4,6.1,83.2,21.2,26.5,52.9,11.8,1.13,0.4,0.1%,6.53,
267,Mason Englert,26,TBR,AL,12.2,.345,.383,.655,1.038,.357,6.7,16.7,6.7,93.8,54.3,32.6,23.9,37.0,0.31,-0.2,0.0%,-5.70,
268,Matt Gage*,33,SFG,NL,12.2,.171,.286,.293,.578,.182,2.0,16.0,14.0,85.5,28.6,17.1,40.0,31.4,0.70,0.2,0.1%,4.26,
269,Jordan Hicks,29,CHW,AL,12.2,.313,.435,.375,.810,.349,0.0,11.3,19.4,90.3,35.7,16.3,51.2,27.9,1.10,0.3,0.1%,0.42,
270,Tim Hill*,36,NYY,AL,12.2,.146,.186,.220,.406,.139,2.3,9.3,4.7,91.3,51.4,8.1,81.1,10.8,4.29,0.8,0.6%,6.81,
271,Jeff Hoffman,33,TOR,AL,12.2,.291,.391,.418,.809,.538,3.1,42.2,10.9,90.4,33.3,25.0,46.4,14.3,0.93,-1.5,-0.8%,-5.76,
272,Brad Keller,30,PHI,NL,12.2,.196,.260,.326,.586,.226,4.0,26.0,6.0,87.6,39.4,15.2,54.5,27.3,1.20,0.3,0.1%,2.19,
273,Kevin Kelly,28,TBR,AL,12.2,.140,.229,.233,.462,.161,2.1,22.9,8.3,91.3,54.8,21.9,62.5,15.6,1.67,0.7,0.6%,3.55,
274,Luis Medina,27,ATH,AL,12.2,.196,.315,.304,.619,.235,1.9,20.4,13.0,90.6,44.1,22.9,37.1,31.4,0.62,-0.1,0.0%,4.33,
275,Peyton Pallette,25,CLE,AL,12.2,.196,.327,.283,.610,.250,1.8,23.6,12.7,92.3,39.4,33.3,33.3,18.2,0.50,0.1,0.1%,1.55,
276,Robert Suarez,35,ATL,NL,12.2,.196,.229,.196,.425,.273,0.0,27.1,4.2,87.1,31.3,21.2,42.4,24.2,0.74,0.6,0.4%,5.23,
277,Gus Varland,29,WSN,NL,12.2,.280,.315,.440,.755,.361,1.8,25.5,5.5,91.5,52.6,34.2,34.2,18.4,0.54,0.3,0.0%,-0.96,
278,Victor Vodnik,26,COL,NL,12.2,.352,.429,.537,.966,.405,3.2,17.5,11.1,90.1,40.9,22.7,47.7,22.7,0.95,-0.8,-0.6%,-4.07,
279,Ryan Walker,30,SFG,NL,12.2,.260,.339,.380,.719,.333,1.8,23.2,10.7,83.1,29.7,13.5,51.4,32.4,1.06,-0.5,-0.2%,-1.44,
280,Keaton Winn,28,SFG,NL,12.2,.143,.234,.238,.472,.207,0.0,27.1,10.4,86.0,30.0,20.0,40.0,33.3,0.71,0.0,0.0%,3.67,
281,Angel Zerpa*,26,MIL,NL,12.2,.333,.407,.521,.928,.368,3.6,14.5,10.9,90.8,51.2,19.5,58.5,14.6,1.50,-0.4,-0.2%,-2.02,
282,Casey Legumina,29,2TM,AL,12.2,.333,.404,.479,.883,.390,0.0,15.5,6.9,91.3,52.4,26.2,28.6,35.7,0.41,-0.2,-0.1%,1.52,
282,Casey Legumina,29,SEA,AL,11.2,.341,.404,.500,.904,.405,0.0,17.0,5.7,91.5,55.3,26.3,31.6,34.2,0.48,-0.2,-0.1%,1.02,
282,Casey Legumina,29,TBR,AL,1.0,.250,.400,.250,.650,.250,0.0,0.0,20.0,89.1,25.0,25.0,0.0,50.0,0.00,0.0,0.0%,0.50,
283,Lucas Erceg,31,KCR,AL,12.1,.238,.385,.310,.694,.313,0.0,19.2,19.2,88.8,40.6,21.9,56.3,15.6,1.29,-0.6,-0.2%,0.92,
284,Sam Moll*,34,CIN,NL,12.1,.122,.308,.220,.527,.138,1.9,20.8,15.1,86.3,28.6,13.3,60.0,16.7,1.50,0.1,0.0%,3.34,
285,Michael Petersen,32,MIA,NL,12.1,.196,.275,.261,.535,.250,2.0,25.5,9.8,91.4,39.4,12.1,33.3,42.4,0.50,-0.3,-0.1%,0.34,
286,Cade Povich*,26,BAL,AL,12.1,.200,.250,.289,.539,.216,2.1,14.6,6.3,89.9,39.5,15.8,42.1,34.2,0.73,0.2,0.2%,2.87,
287,JR Ritchie,23,ATL,NL,12.1,.222,.314,.444,.758,.226,5.9,21.6,11.8,88.4,41.2,32.4,35.3,29.4,0.55,0.1,0.0%,1.01,
288,Gabe Speier*,31,SEA,AL,12.1,.298,.364,.447,.810,.361,1.8,21.4,8.9,86.0,28.9,23.7,42.1,26.3,0.76,-0.4,-0.1%,0.06,
289,Greg Weissert,31,BOS,AL,12.1,.275,.327,.529,.857,.333,7.1,30.4,7.1,87.6,38.2,23.5,47.1,23.5,0.89,-1.0,-0.5%,-4.35,
290,Anthony Bender,31,MIA,NL,12.0,.239,.368,.283,.651,.333,0.0,24.6,14.0,89.3,36.4,24.2,42.4,27.3,0.74,-0.3,-0.3%,-3.72,
291,Connor Brogdon,31,CLE,AL,12.0,.222,.255,.467,.722,.226,6.0,22.0,4.0,86.5,40.5,10.8,37.8,35.1,0.70,-0.5,-0.4%,-2.19,
292,Pierce Johnson,35,CIN,NL,12.0,.283,.306,.543,.850,.344,4.0,26.0,4.0,90.1,45.7,31.4,20.0,42.9,0.26,0.1,0.0%,4.14,
293,Andrés Muñoz,27,SEA,AL,12.0,.222,.308,.400,.708,.333,3.8,38.5,11.5,85.7,46.2,19.2,46.2,23.1,0.92,0.1,0.0%,-0.21,
294,Eric Orze,28,MIN,AL,12.0,.273,.346,.318,.664,.353,0.0,23.1,11.5,86.5,32.4,26.5,38.2,23.5,0.62,-0.4,-0.2%,-1.02,
295,Blade Tidwell,25,SFG,NL,12.0,.233,.298,.326,.623,.281,2.1,21.3,6.4,86.3,36.4,24.2,36.4,15.2,0.57,0.1,0.1%,1.92,
296,Luke Weaver,32,NYM,NL,12.0,.227,.286,.432,.718,.229,4.0,16.0,8.0,86.8,34.2,15.8,44.7,28.9,0.85,0.0,-0.1%,-2.61,
297,Hunter Barco*,25,PIT,NL,11.2,.292,.417,.542,.958,.289,5.0,13.3,15.0,89.0,43.6,17.1,48.8,22.0,0.95,-0.6,-0.3%,-5.47,
298,Shane Drohan*,27,MIL,NL,11.2,.255,.321,.298,.619,.308,0.0,17.0,9.4,86.0,33.3,25.6,48.7,17.9,1.00,-0.1,-0.2%,-1.65,
299,Kody Funderburk*,29,MIN,AL,11.2,.195,.365,.268,.634,.219,1.9,15.4,17.3,85.4,27.3,18.2,45.5,24.2,0.88,0.2,0.1%,2.74,
300,Andrew Hoffmann,26,ARI,NL,11.2,.333,.431,.583,1.014,.382,5.1,20.3,13.6,87.2,43.2,27.0,29.7,29.7,0.46,-0.1,-0.1%,-6.94,
301,Bryan King*,29,HOU,AL,11.2,.244,.358,.333,.692,.344,0.0,24.5,9.4,87.4,29.0,28.1,53.1,6.3,1.13,-0.5,-0.1%,-3.38,
302,Joe Mantiply*,35,TOR,AL,11.2,.279,.333,.395,.729,.407,2.0,32.0,6.0,85.6,46.7,30.0,43.3,13.3,0.93,0.0,0.0%,1.60,
303,Drew Pomeranz*,37,LAA,AL,11.2,.313,.411,.646,1.057,.314,7.0,15.8,12.3,88.5,35.0,32.5,17.5,25.0,0.22,-1.0,-0.4%,-8.12,
304,Cole Sands,28,MIN,AL,11.2,.273,.327,.477,.804,.313,4.0,22.0,8.0,92.7,51.4,22.9,42.9,31.4,0.79,-0.1,-0.1%,-2.34,
305,John Schreiber,32,KCR,AL,11.2,.268,.373,.488,.860,.250,3.8,9.6,13.5,88.9,42.1,20.5,48.7,25.6,1.00,-0.7,-0.5%,-2.17,
306,Will Vest,31,DET,AL,11.2,.239,.327,.326,.653,.313,1.9,25.0,11.5,89.7,34.4,15.2,66.7,18.2,2.00,-0.6,-0.5%,-2.47,
307,Bryan Baker,31,TBR,AL,11.1,.209,.261,.349,.610,.276,2.2,28.3,6.5,85.0,23.3,26.7,50.0,13.3,1.00,0.2,0.2%,3.19,
308,Tanner Banks*,34,PHI,NL,11.1,.377,.450,.491,.941,.500,1.7,23.3,11.7,84.7,25.6,38.5,25.6,28.2,0.36,-0.7,-0.2%,-4.70,
309,Matt Brash,28,SEA,AL,11.1,.091,.162,.152,.314,.115,0.0,21.1,5.3,87.7,40.7,33.3,37.0,14.8,0.63,0.9,0.5%,6.00,
310,Enyel De Los Santos,30,HOU,AL,11.1,.277,.333,.447,.780,.333,2.0,19.6,7.8,88.2,35.1,24.3,29.7,37.8,0.42,0.2,0.1%,0.63,
311,Jaden Hill,26,COL,NL,11.1,.261,.370,.348,.718,.333,1.8,21.8,14.5,88.7,35.3,26.5,47.1,20.6,0.89,0.3,0.1%,2.14,
312,Griffin Jax,31,TBR,AL,11.1,.268,.380,.512,.892,.296,5.8,23.1,15.4,87.2,46.9,15.6,50.0,25.0,1.14,-0.8,-0.7%,-4.72,
313,Daniel Lynch IV*,29,KCR,AL,11.1,.079,.167,.132,.298,.120,0.0,31.0,7.1,84.8,32.0,16.0,44.0,40.0,0.79,1.1,0.6%,5.16,
314,Erik Miller*,28,SFG,NL,11.1,.190,.292,.262,.554,.320,0.0,35.4,12.5,85.6,28.0,20.0,56.0,12.0,1.27,0.0,0.0%,0.46,
315,Andrew Morris,24,MIN,AL,11.1,.340,.373,.447,.819,.405,1.9,19.2,5.8,84.2,35.9,28.2,25.6,35.9,0.36,-0.6,-0.5%,-0.62,
316,Mitchell Parker*,26,WSN,NL,11.1,.262,.340,.357,.698,.323,2.0,20.4,8.2,83.6,52.9,32.4,35.3,14.7,0.71,-0.4,-0.1%,-0.47,
317,Ryan Thompson,34,ARI,NL,11.1,.200,.304,.400,.704,.194,4.3,15.2,10.9,87.5,30.3,15.2,48.5,24.2,0.94,0.7,0.4%,1.67,
318,Walbert Ureña,22,LAA,AL,11.1,.300,.417,.420,.837,.389,1.7,21.7,16.7,84.5,27.0,16.2,48.6,24.3,1.00,-0.7,-0.5%,-5.84,
319,Abner Uribe,26,MIL,NL,11.1,.214,.267,.310,.576,.286,2.2,28.9,6.7,89.2,41.4,34.5,34.5,24.1,0.53,0.2,0.2%,1.87,
320,Cole Wilcox,26,SEA,AL,11.1,.347,.450,.449,.899,.457,1.7,23.3,13.3,91.8,51.4,36.1,41.7,19.4,0.71,0.0,0.0%,-3.51,
321,Paul Blackburn,32,NYY,AL,11.0,.304,.347,.370,.717,.359,0.0,14.3,6.1,89.0,41.0,20.5,51.3,25.6,1.05,-0.3,-0.2%,-2.44,
322,Fernando Cruz,36,NYY,AL,11.0,.220,.373,.366,.738,.350,3.9,37.3,17.6,85.4,31.8,13.6,22.7,54.5,0.31,0.2,0.2%,1.12,
323,Calvin Faucher,30,MIA,NL,11.0,.200,.385,.275,.660,.296,0.0,24.5,22.6,91.0,53.6,32.1,42.9,21.4,0.80,-0.7,-0.5%,-4.38,
324,Mason Fluharty*,24,TOR,AL,11.0,.262,.360,.381,.741,.385,2.0,31.4,13.7,83.7,28.6,28.6,25.0,32.1,0.35,0.4,0.2%,-0.55,
325,Tanner Gordon,28,COL,NL,11.0,.333,.388,.667,1.054,.393,7.8,25.5,7.8,84.4,32.4,23.5,17.6,32.4,0.24,0.1,0.0%,-2.98,
326,Dean Kremer,30,BAL,AL,11.0,.195,.233,.512,.745,.190,9.3,37.2,4.7,87.6,36.0,16.0,36.0,44.0,0.56,-0.3,-0.2%,-1.42,
327,Nick Mears,29,KCR,AL,11.0,.167,.279,.306,.585,.214,0.0,20.5,13.6,89.3,53.6,17.2,48.3,27.6,1.00,0.0,0.0%,1.39,
328,Trevor Megill,32,MIL,NL,11.0,.238,.333,.333,.667,.345,0.0,26.0,10.0,85.4,41.9,19.4,35.5,32.3,0.65,-1.0,-0.7%,-2.80,
329,Andrew Nardi*,27,MIA,NL,11.0,.286,.412,.500,.912,.370,3.8,25.0,17.3,87.6,46.7,16.7,46.7,30.0,0.93,0.0,0.0%,-3.89,
330,Connor Seabold,30,DET,AL,11.0,.286,.360,.476,.836,.323,4.0,22.0,10.0,87.6,30.3,21.2,42.4,33.3,0.74,0.0,0.0%,-2.95,
331,Paul Sewald,36,ARI,NL,11.0,.158,.220,.447,.667,.136,7.1,31.0,7.1,90.4,50.0,15.4,11.5,53.8,0.14,-0.1,0.1%,0.16,
332,Chase Silseth,26,LAA,AL,11.0,.250,.392,.375,.767,.300,1.9,19.2,19.2,86.6,31.3,31.3,37.5,25.0,0.63,0.1,0.1%,-0.59,
333,Garrett Whitlock,30,BOS,AL,11.0,.195,.283,.366,.648,.231,4.3,28.3,10.9,87.1,32.1,14.3,50.0,28.6,1.08,0.6,0.3%,1.68,
334,Ryan Yarbrough*,34,NYY,AL,11.0,.200,.304,.325,.629,.226,2.2,17.4,8.7,84.5,21.9,28.1,28.1,31.3,0.41,-0.2,-0.1%,-0.09,
335,Shawn Armstrong,35,CLE,AL,10.2,.205,.340,.410,.751,.250,4.3,27.7,14.9,90.9,50.0,19.2,34.6,30.8,0.53,0.2,0.1%,1.16,
336,Valente Bellozo,26,COL,NL,10.2,.256,.383,.641,1.024,.192,10.4,16.7,14.6,89.0,50.0,21.9,25.0,40.6,0.35,-0.4,-0.2%,-5.22,
337,Hunter Brown,27,HOU,AL,10.2,.135,.256,.162,.418,.250,0.0,39.5,14.0,85.6,30.0,20.0,50.0,25.0,1.00,0.4,0.3%,4.06,
338,Yennier Cano,32,BAL,AL,10.2,.135,.158,.243,.401,.160,2.6,28.9,2.6,91.1,53.8,15.4,69.2,15.4,2.25,0.2,0.1%,3.88,
339,Jose Franco,25,CIN,NL,10.2,.317,.420,.561,.981,.355,4.0,18.0,16.0,86.2,38.7,24.2,45.5,27.3,0.83,0.0,0.0%,-2.70,
340,Ryan Helsley,31,BAL,AL,10.2,.179,.304,.231,.535,.292,0.0,32.6,15.2,89.4,54.2,12.5,58.3,25.0,1.56,0.2,0.1%,0.89,
341,Orion Kerkering,25,PHI,NL,10.2,.225,.326,.400,.726,.258,2.1,17.0,12.8,77.5,15.2,18.2,24.2,39.4,0.33,0.2,0.1%,1.91,
342,Brooks Raley*,38,NYM,NL,10.2,.162,.244,.243,.487,.217,2.4,31.0,9.5,86.1,36.0,24.0,28.0,32.0,0.44,0.0,-0.1%,1.17,
343,Matt Strahm*,34,KCR,AL,10.2,.238,.333,.452,.786,.286,4.2,25.0,10.4,88.9,40.0,13.3,36.7,36.7,0.58,0.2,0.2%,0.67,
344,Payton Tolle*,23,BOS,AL,10.2,.162,.262,.270,.532,.238,2.4,35.7,11.9,88.6,50.0,22.7,27.3,31.8,0.40,0.2,0.1%,2.13,
345,Alex Vesia*,30,LAD,NL,10.2,.111,.220,.167,.386,.182,0.0,34.1,12.2,84.0,27.3,18.2,22.7,54.5,0.29,0.9,0.5%,4.82,
346,Jacob Webb,32,CHC,NL,10.2,.356,.423,.600,1.023,.419,5.8,23.1,11.5,94.0,57.6,26.5,44.1,26.5,0.79,-0.7,-0.5%,-4.55,
347,José Alvarado*,31,PHI,NL,10.1,.356,.453,.422,.875,.485,0.0,22.2,11.1,82.8,27.3,26.5,41.2,20.6,0.82,-0.1,0.0%,-4.53,
348,Clayton Beeter,27,WSN,NL,10.1,.139,.304,.306,.610,.115,4.3,19.6,17.4,91.6,53.6,10.7,64.3,25.0,1.80,0.1,0.2%,2.65,
349,Aaron Bummer*,32,ATL,NL,10.1,.238,.313,.500,.813,.219,6.3,16.7,8.3,91.3,48.6,14.3,51.4,22.9,1.06,-0.3,-0.3%,-2.78,
350,Camilo Doval,28,NYY,AL,10.1,.238,.267,.500,.767,.241,6.7,24.4,4.4,90.0,50.0,18.8,46.9,25.0,0.88,-0.6,-0.4%,-1.85,
351,Zack Kelly,31,BOS,AL,10.1,.194,.225,.306,.531,.207,2.5,20.0,5.0,87.1,33.3,30.0,46.7,16.7,0.88,-0.1,-0.1%,0.20,
352,Eli Morgan,30,KCR,AL,10.1,.205,.311,.385,.696,.214,4.4,20.0,13.3,88.5,48.3,33.3,33.3,23.3,0.50,-0.2,-0.1%,1.53,
353,Taylor Rogers*,35,MIN,AL,10.1,.325,.404,.450,.854,.382,0.0,14.9,12.8,90.5,35.3,44.1,17.6,32.4,0.21,0.1,0.1%,-0.59,
354,Evan Sisk*,29,PIT,NL,10.1,.256,.370,.333,.703,.400,0.0,30.4,8.7,84.0,40.0,36.0,40.0,12.0,0.67,-0.4,-0.3%,0.54,
355,Joel Kuhnel,31,ATH,AL,10.0,.278,.300,.306,.606,.294,0.0,10.0,5.0,90.4,44.1,32.4,44.1,11.8,0.79,0.5,0.3%,1.24,
356,Paxton Schultz,28,WSN,NL,10.0,.268,.302,.488,.790,.310,4.5,22.7,2.3,90.4,38.7,19.4,32.3,41.9,0.48,0.1,0.0%,1.57,
357,Lucas Sims,32,CHW,AL,10.0,.257,.386,.400,.786,.320,2.2,21.7,15.2,82.2,39.3,21.4,35.7,25.0,0.63,-0.6,-0.3%,-1.62,
358,Grant Wolfram*,29,BAL,AL,10.0,.318,.375,.500,.875,.500,0.0,33.3,2.1,82.5,39.3,35.7,35.7,17.9,0.67,0.0,0.0%,-0.63,
359,Elvis Alvarado,27,ATH,AL,9.2,.297,.409,.514,.923,.370,2.3,20.5,15.9,91.3,50.0,14.3,35.7,50.0,0.56,0.1,0.1%,-4.40,
360,Kyle Backhus*,28,PHI,NL,9.2,.275,.293,.425,.718,.321,4.9,24.4,2.4,88.1,31.0,23.3,53.3,16.7,1.14,0.1,0.0%,0.21,
361,Bryan Abreu,29,HOU,AL,9.1,.289,.491,.658,1.148,.389,7.5,30.2,28.3,91.7,59.1,18.2,45.5,36.4,0.83,-1.0,-0.5%,-9.19,
362,Cody Bolton,28,HOU,AL,9.1,.242,.395,.333,.729,.318,2.3,25.0,18.2,87.7,41.7,29.2,33.3,25.0,0.57,-0.1,0.0%,-1.24,
363,Colton Gordon*,27,HOU,AL,9.1,.467,.500,.933,1.433,.517,12.0,22.0,6.0,87.0,48.6,31.4,34.3,28.6,0.55,-0.4,-0.2%,-8.53,
364,Edgardo Henriquez,24,LAD,NL,9.1,.212,.333,.333,.667,.273,2.6,25.6,12.8,79.1,21.7,8.7,56.5,13.0,1.44,0.1,0.1%,-0.59,
365,Cristian Javier,29,HOU,AL,9.1,.351,.500,.541,1.041,.355,4.2,8.3,18.8,87.8,36.4,18.2,30.3,39.4,0.45,-0.6,-0.4%,-6.68,
366,Ken Waldichuk*,28,WSN,NL,9.1,.235,.366,.588,.954,.182,9.8,19.5,14.6,82.6,36.0,11.5,34.6,34.6,0.64,-0.3,-0.2%,-3.03,
367,Jake Bird,30,NYY,AL,9.0,.297,.325,.459,.784,.370,2.5,25.0,2.5,90.5,39.3,17.9,50.0,21.4,1.00,-0.7,-0.4%,-3.39,
368,Ryan Borucki*,32,SFG,NL,9.0,.333,.395,.590,.985,.379,4.7,18.6,9.3,85.7,41.9,22.6,45.2,25.8,0.82,-0.7,-0.4%,-2.85,
369,Pete Fairbanks,32,MIA,NL,9.0,.257,.341,.457,.799,.364,2.4,31.7,9.8,90.9,45.5,21.7,8.7,52.2,0.10,-0.8,-0.6%,-4.53,
370,Didier Fuentes,21,ATL,NL,9.0,.250,.300,.361,.661,.333,2.5,30.0,7.5,90.6,36.0,24.0,36.0,36.0,0.56,-0.1,-0.2%,-0.54,
371,Connor Prielipp*,25,MIN,AL,9.0,.156,.222,.219,.441,.227,0.0,30.6,8.3,93.5,45.5,22.7,27.3,36.4,0.38,0.1,0.1%,0.56,
372,Chase Shugart,29,PHI,NL,9.0,.242,.324,.333,.658,.304,2.7,24.3,5.4,85.3,33.3,16.7,45.8,29.2,0.85,0.4,0.1%,3.61,
373,Devin Williams,31,NYM,NL,9.0,.375,.457,.525,.982,.583,2.1,31.9,12.8,86.5,30.8,30.8,34.6,23.1,0.56,-0.3,-0.1%,-5.46,
374,Kolby Allard*,28,CLE,AL,8.2,.390,.444,.659,1.103,.467,4.4,20.0,6.7,89.9,43.8,31.3,40.6,21.9,0.68,-0.2,-0.1%,-7.66,
375,Aroldis Chapman*,38,BOS,AL,8.2,.172,.273,.276,.549,.263,0.0,30.3,9.1,93.0,52.6,36.8,15.8,47.4,0.19,0.3,0.0%,2.11,
376,Raisel Iglesias,36,ATL,NL,8.2,.167,.194,.233,.427,.263,0.0,35.5,3.2,87.1,31.6,21.1,36.8,31.6,0.58,0.7,0.4%,5.41,
377,Tatsuya Imai,28,HOU,AL,8.2,.219,.432,.250,.682,.368,0.0,29.5,25.0,85.8,36.8,21.1,57.9,10.5,1.38,-0.4,-0.3%,-4.30,
378,Christian Roa,27,HOU,AL,8.2,.313,.465,.500,.965,.346,2.3,14.0,16.3,91.8,63.0,25.9,33.3,25.9,0.50,-0.1,0.0%,-2.28,
379,Caleb Thielbar*,39,CHC,NL,8.2,.182,.289,.364,.653,.200,5.3,28.9,13.2,87.9,31.8,18.2,22.7,40.9,0.29,-0.1,-0.1%,2.65,
380,Blake Treinen,38,LAD,NL,8.2,.306,.359,.611,.970,.360,5.1,23.1,7.7,87.0,46.2,14.8,55.6,29.6,1.25,-0.1,-0.1%,0.86,
381,Tim Herrin*,29,CLE,AL,8.1,.207,.324,.241,.566,.222,0.0,10.8,13.5,80.8,11.1,11.1,51.9,22.2,1.08,0.0,-0.1%,1.94,
382,Riley Martin*,28,CHC,NL,8.1,.179,.233,.286,.519,.235,3.2,32.3,6.5,87.7,42.1,15.8,31.6,31.6,0.50,0.4,0.2%,2.23,
383,Tyler Samaniego*,27,BOS,AL,8.1,.143,.250,.179,.429,.200,0.0,25.0,12.5,89.8,35.0,15.0,45.0,30.0,0.82,0.1,0.0%,4.15,
384,Shane Smith,26,CHW,AL,8.1,.316,.458,.500,.958,.423,2.0,22.4,18.4,82.2,33.3,29.6,44.4,22.2,0.80,-0.6,-0.3%,-8.30,
385,Jason Adam,34,SDP,NL,8.0,.172,.250,.276,.526,.167,3.1,12.5,6.3,80.9,24.0,12.0,52.0,28.0,1.08,0.6,0.4%,3.36,
386,Jack Anderson,26,BOS,AL,8.0,.267,.313,.400,.713,.304,3.1,18.8,6.3,85.2,45.8,20.8,37.5,33.3,0.64,0.0,0.0%,1.23,
387,Hunter Bigge,28,TBR,AL,8.0,.107,.286,.250,.536,.091,2.9,14.3,20.0,88.7,34.8,13.0,30.4,43.5,0.44,0.6,0.3%,0.19,
388,Jonathan Bowlan,29,PHI,NL,8.0,.290,.324,.387,.711,.391,0.0,26.5,5.9,87.2,30.4,17.4,39.1,39.1,0.64,-0.3,-0.1%,-0.91,
389,Enmanuel De Jesus*,29,DET,AL,8.0,.400,.478,.525,1.003,.516,0.0,19.1,12.8,89.3,37.5,37.5,28.1,25.0,0.41,-0.3,-0.2%,-7.77,
390,Mitch Farris*,25,LAA,AL,8.0,.276,.364,.414,.777,.318,3.0,18.2,12.1,84.2,26.1,34.8,43.5,13.0,0.77,0.2,0.1%,1.41,
391,Robert Garcia*,30,TEX,AL,8.0,.185,.353,.222,.575,.238,0.0,17.6,20.6,88.8,33.3,14.3,57.1,23.8,1.33,-0.3,-0.1%,0.16,
392,Jordan Romano,33,LAA,AL,8.0,.314,.429,.514,.943,.455,2.4,28.6,14.3,88.9,43.5,30.4,34.8,21.7,0.53,-1.3,-0.6%,-5.11,
393,Cameron Foster,27,BAL,AL,7.2,.364,.462,.394,.855,.500,0.0,23.1,15.4,86.8,25.0,16.7,50.0,4.2,1.00,0.0,0.0%,-1.63,
394,Joel Payamps,32,ATL,NL,7.2,.281,.361,.594,.955,.333,5.6,25.0,11.1,92.5,39.1,26.1,21.7,52.2,0.28,-0.6,-0.4%,-3.85,
395,Danny Coulombe*,36,BOS,AL,7.1,.276,.364,.379,.743,.304,3.0,15.2,9.1,84.5,29.2,25.0,45.8,25.0,0.85,-0.1,-0.1%,0.44,
396,Cade Horton,24,CHC,NL,7.1,.167,.231,.292,.522,.158,3.8,15.4,7.7,85.8,36.8,30.0,55.0,15.0,1.22,0.1,0.1%,0.97,
397,Kenley Jansen,38,DET,AL,7.1,.267,.353,.567,.920,.278,8.8,26.5,11.8,87.8,33.3,28.6,19.0,47.6,0.24,-1.7,-1.3%,-3.07,
398,Luis Morales,23,ATH,AL,7.1,.394,.524,.818,1.342,.375,9.5,11.9,19.0,90.8,46.4,28.6,28.6,25.0,0.40,-0.5,-0.2%,-5.29,
399,Kyle Nicolas,27,CIN,NL,7.1,.276,.500,.414,.914,.333,2.4,16.7,31.0,87.1,35.0,27.3,27.3,31.8,0.38,0.0,0.0%,-6.80,
400,Zach Pop,29,PHI,NL,7.1,.200,.290,.320,.610,.238,0.0,19.4,9.7,93.3,47.6,19.0,52.4,28.6,1.10,0.0,0.0%,1.23,
401,Luis García,39,2TM,2LG,7.1,.371,.421,.571,.992,.419,0.0,10.5,5.3,89.2,55.2,41.9,38.7,19.4,0.63,0.0,0.0%,-4.13,
401,Luis García,39,NYM,NL,6.1,.367,.406,.567,.973,.423,0.0,12.5,6.3,87.5,50.0,38.5,42.3,19.2,0.73,0.0,0.0%,-2.64,
401,Luis García,39,MIN,AL,1.0,.400,.500,.600,1.100,.400,0.0,0.0,0.0,97.7,80.0,60.0,20.0,20.0,0.25,0.0,0.0%,-1.49,
402,Luinder Avila,24,KCR,AL,7.0,.471,.526,.765,1.291,.600,2.6,21.1,10.5,91.5,50.0,26.9,42.3,30.8,0.73,-0.4,-0.2%,-5.37,
403,Jeremiah Estrada,27,SDP,NL,7.0,.208,.345,.292,.636,.313,0.0,26.7,16.7,81.4,47.1,29.4,29.4,29.4,0.45,-0.1,0.0%,0.61,
404,Cole Henry,26,WSN,NL,7.0,.276,.382,.448,.831,.350,2.9,23.5,11.8,89.7,38.1,19.0,23.8,42.9,0.31,-1.2,-0.8%,-3.79,
405,Cal Quantrill,31,TEX,AL,7.0,.280,.321,.480,.801,.333,3.6,25.0,7.1,92.2,52.6,36.8,21.1,21.1,0.27,0.1,0.0%,-1.30,
406,Garrett Acton,28,MIN,AL,6.2,.174,.286,.261,.547,.267,0.0,32.1,10.7,95.6,40.0,26.7,33.3,33.3,0.50,-0.4,-0.3%,-0.68,
407,Wilber Dotel,23,PIT,NL,6.2,.091,.200,.227,.427,.059,4.0,16.0,12.0,92.3,50.0,0.0,50.0,44.4,1.00,0.2,0.2%,1.56,
408,Jhoan Duran,28,PHI,NL,6.2,.208,.208,.250,.458,.313,0.0,33.3,0.0,89.9,50.0,12.5,62.5,18.8,1.67,0.7,0.2%,2.25,
409,J.P. France,31,HOU,AL,6.2,.240,.387,.400,.787,.250,3.2,12.9,16.1,89.9,42.9,14.3,47.6,33.3,0.91,-0.1,0.0%,-2.60,
410,Andre Granillo,26,WSN,NL,6.1,.273,.433,.455,.888,.250,3.2,6.5,22.6,90.9,40.9,22.7,27.3,40.9,0.40,-0.2,-0.1%,-1.17,
411,Colin Holderman,30,CLE,AL,6.1,.091,.167,.227,.394,.067,4.2,25.0,8.3,91.3,68.8,18.8,56.3,18.8,1.29,0.0,0.1%,0.49,
412,Cody Laweryson,28,MIN,AL,6.1,.143,.269,.238,.507,.214,0.0,30.8,7.7,89.5,42.9,35.7,42.9,7.1,0.75,0.3,0.1%,0.99,
413,Chris Martin,40,TEX,AL,6.1,.393,.414,.643,1.057,.500,3.4,24.1,0.0,95.7,52.4,57.1,19.0,19.0,0.22,-0.7,-0.3%,-3.71,
414,José Urquidy,31,PIT,NL,6.1,.441,.472,.647,1.119,.519,2.8,16.7,5.6,89.2,44.4,28.6,46.4,17.9,0.87,-0.2,-0.2%,-7.47,
415,Edwin Díaz,32,LAD,NL,6.0,.333,.455,.444,.899,.500,3.0,30.3,15.2,89.2,37.5,29.4,29.4,35.3,0.45,0.1,0.0%,-4.39,
416,Carl Edwards Jr.,34,NYM,NL,6.0,.143,.280,.286,.566,.222,4.0,44.0,16.0,93.6,40.0,20.0,40.0,40.0,0.67,0.1,0.0%,1.69,
417,Kyle Hurt,28,LAD,NL,6.0,.143,.182,.143,.325,.214,0.0,31.8,0.0,87.2,14.3,14.3,42.9,28.6,0.75,0.1,0.0%,2.44,
418,Chris Murphy*,28,CHW,AL,6.0,.333,.438,.556,.993,.400,3.1,18.8,15.6,85.9,38.1,33.3,38.1,4.8,0.67,-0.5,-0.3%,-2.84,
419,Jayden Murray,29,HOU,AL,6.0,.318,.429,.364,.792,.389,0.0,17.9,17.9,91.4,33.3,16.7,38.9,38.9,0.64,0.0,0.0%,-0.20,
420,Ryan Rolison*,28,CHC,NL,6.0,.158,.158,.211,.368,.188,0.0,15.8,0.0,89.7,31.3,18.8,37.5,37.5,0.60,0.2,0.1%,3.10,
421,Carter Baumler,24,TEX,AL,5.2,.200,.407,.400,.807,.231,3.7,22.2,22.2,91.8,50.0,21.4,28.6,42.9,0.40,0.0,0.0%,0.45,
422,Ryan Fernandez,28,STL,NL,5.2,.292,.346,.333,.679,.467,0.0,34.6,7.7,82.0,33.3,20.0,53.3,20.0,1.14,0.0,0.0%,-0.94,
423,Nick Sandlin,29,LAA,AL,5.2,.286,.429,.476,.905,.333,3.6,21.4,10.7,91.4,50.0,12.5,43.8,43.8,0.78,-0.7,-0.2%,-4.56,
424,Gavin Collyer,25,TEX,AL,5.1,.125,.364,.125,.489,.167,0.0,18.2,13.6,89.3,16.7,8.3,66.7,16.7,2.00,0.1,0.1%,2.14,
425,Coleman Crow,25,MIL,NL,5.1,.211,.238,.368,.607,.250,0.0,19.0,4.8,88.5,31.3,12.5,43.8,25.0,0.78,0.2,0.1%,1.34,
426,Hunter Gaddis,28,CLE,AL,5.1,.286,.304,.571,.876,.286,8.7,26.1,4.3,93.1,43.8,12.5,50.0,31.3,1.00,-0.2,-0.2%,-1.42,
427,Craig Kimbrel,38,NYM,NL,5.1,.278,.333,.278,.611,.417,0.0,33.3,9.5,90.2,33.3,41.7,16.7,41.7,0.20,-0.2,0.0%,1.67,
428,Burch Smith,36,DET,AL,5.1,.222,.333,.333,.667,.400,0.0,36.4,13.6,79.8,30.0,27.3,36.4,27.3,0.67,0.0,0.0%,1.24,
429,Trey Yesavage,22,TOR,AL,5.1,.200,.200,.250,.450,.235,0.0,15.0,0.0,82.7,17.6,17.6,29.4,35.3,0.45,0.3,0.1%,2.85,
430,Steven Cruz,27,KCR,AL,5.0,.318,.423,.864,1.287,.273,15.4,26.9,15.4,87.5,33.3,6.7,40.0,40.0,0.67,-0.1,-0.1%,-4.23,
431,Luis Curvelo,25,TEX,AL,5.0,.300,.364,.650,1.014,.267,9.1,13.6,9.1,91.3,47.1,23.5,23.5,47.1,0.31,0.0,0.0%,-0.72,
432,Phil Maton,33,CHC,NL,5.0,.391,.500,.696,1.196,.500,3.3,23.3,13.3,90.6,41.2,29.4,47.1,23.5,0.89,-0.6,-0.3%,-6.55,
433,Daniel Palencia,26,CHC,NL,5.0,.176,.263,.235,.498,.250,0.0,26.3,10.5,84.6,41.7,33.3,33.3,33.3,0.50,0.6,0.3%,2.95,
434,Zack Wheeler,36,PHI,NL,5.0,.188,.300,.250,.550,.273,0.0,30.0,15.0,93.1,45.5,18.2,54.5,18.2,1.20,0.1,0.0%,0.56,
435,Mason Black,26,KCR,AL,4.2,.300,.364,.350,.714,.400,0.0,22.7,9.1,88.2,33.3,40.0,20.0,33.3,0.25,0.0,0.0%,2.56,
436,Ben Casparius,27,LAD,NL,4.2,.316,.435,.474,.908,.357,4.3,17.4,17.4,88.8,26.7,20.0,26.7,53.3,0.36,-0.3,-0.1%,-1.92,
437,George Klassen,24,LAA,AL,4.2,.318,.531,.545,1.077,.400,3.1,18.8,31.3,87.5,50.0,25.0,50.0,18.8,1.14,-0.5,-0.2%,-5.45,
438,Andrew Alvarez*,27,WSN,NL,4.1,.250,.250,.375,.625,.364,0.0,31.3,0.0,82.2,27.3,27.3,54.5,9.1,1.20,0.2,0.1%,2.11,
439,Hunter Dobbins,26,STL,NL,4.1,.143,.368,.214,.583,.200,0.0,21.1,26.3,90.1,50.0,10.0,60.0,20.0,1.50,0.1,0.1%,0.70,
440,Dietrich Enns*,35,BAL,AL,4.1,.143,.350,.143,.493,.250,0.0,35.0,25.0,94.5,50.0,37.5,37.5,25.0,0.60,0.0,0.0%,0.24,
441,Michael Kelly,33,ATH,AL,4.1,.333,.455,.611,1.066,.385,4.5,18.2,18.2,85.6,42.9,35.7,28.6,14.3,0.40,-0.1,-0.1%,-0.28,
442,Trevor Martin,25,TBR,AL,4.1,.316,.381,.579,.960,.357,4.8,19.0,4.8,91.5,53.3,13.3,53.3,33.3,1.14,-0.1,-0.1%,-2.16,
443,Dylan Dodd*,28,ATL,NL,4.0,.200,.250,.267,.517,.273,0.0,25.0,6.3,88.8,27.3,27.3,36.4,27.3,0.57,-0.1,-0.1%,0.98,
444,Lázaro Estrada,27,TOR,AL,4.0,.000,.143,.000,.143,.000,0.0,21.4,14.3,72.6,22.2,33.3,44.4,0.0,1.00,0.2,0.1%,1.99,
445,Julian Fernández,30,WSN,NL,4.0,.200,.278,.400,.678,.167,5.6,16.7,11.1,86.9,53.8,0.0,23.1,61.5,0.33,0.0,0.0%,-1.01,
446,Peyton Gray,31,TEX,AL,4.0,.154,.353,.231,.584,.200,0.0,16.7,22.2,88.3,45.5,27.3,27.3,18.2,0.43,0.1,0.0%,1.75,
447,Hunter Harvey,31,CHC,NL,4.0,.294,.333,.647,.980,.273,11.1,22.2,5.6,93.2,38.5,7.7,46.2,46.2,0.86,-0.3,-0.2%,-2.77,
448,Corbin Martin,30,CHC,NL,4.0,.077,.294,.077,.371,.091,0.0,11.8,23.5,92.7,54.5,27.3,36.4,18.2,0.57,-0.2,-0.1%,0.08,
449,James McCann,36,ARI,NL,4.0,.474,.522,.737,1.259,.421,4.3,0.0,13.0,94.9,42.1,15.0,55.0,30.0,1.22,0.0,0.0%,-4.56,
450,Roddery Muñoz,26,HOU,AL,4.0,.368,.520,.947,1.467,.400,12.0,24.0,24.0,95.5,76.9,30.8,23.1,38.5,0.30,-0.3,-0.2%,-6.78,
451,Carlos Rodriguez,24,MIL,NL,4.0,.294,.294,.529,.824,.364,5.9,29.4,0.0,85.3,25.0,16.7,33.3,41.7,0.50,0.0,0.0%,1.05,
452,Elmer Rodríguez,22,NYY,AL,4.0,.267,.450,.267,.717,.333,0.0,15.0,20.0,90.2,33.3,41.7,25.0,25.0,0.33,-0.1,-0.1%,-1.22,
453,Mitch Spence,28,KCR,AL,4.0,.267,.429,.600,1.029,.250,4.8,14.3,23.8,90.8,38.5,15.4,53.8,23.1,1.17,0.0,0.0%,-3.95,
454,Zach Eflin,32,BAL,AL,3.2,.267,.353,.533,.886,.429,5.9,41.2,11.8,99.1,75.0,12.5,62.5,25.0,1.67,0.0,0.0%,0.53,
455,Seth Johnson,27,PHI,NL,3.2,.294,.429,.353,.782,.385,0.0,19.0,14.3,84.9,30.8,30.8,38.5,15.4,0.63,0.0,0.0%,-3.37,
456,Zak Kent,28,MIN,AL,3.2,.267,.450,.800,1.250,.182,10.0,10.0,25.0,94.7,61.5,30.8,38.5,30.8,0.63,0.0,0.0%,-4.33,
457,Brendon Little*,29,TOR,AL,3.2,.500,.565,1.100,1.665,.636,12.5,25.0,12.5,89.6,53.3,26.7,46.7,20.0,1.00,-1.1,-0.6%,-10.22,
458,Johan Oviedo,28,BOS,AL,3.2,.400,.444,.933,1.378,.364,11.1,16.7,5.6,92.4,61.5,7.7,46.2,38.5,0.86,0.0,0.0%,-2.06,
459,Taylor Rashi,30,ARI,NL,3.2,.214,.267,.429,.695,.222,6.7,26.7,6.7,85.3,40.0,20.0,50.0,30.0,1.00,0.0,0.1%,-2.23,
460,Joe Ross,33,ARI,NL,3.2,.389,.500,.667,1.167,.400,4.5,9.1,18.2,87.9,37.5,25.0,43.8,18.8,0.78,0.0,0.0%,-5.29,
461,Chris Roycroft,29,STL,NL,3.2,.421,.542,.579,1.121,.467,4.0,12.0,20.0,80.2,29.4,17.6,64.7,11.8,2.20,-0.3,-0.1%,-6.23,
462,Jared Shuster*,27,STL,NL,3.2,.154,.267,.231,.497,.167,0.0,6.7,13.3,88.1,50.0,0.0,58.3,33.3,1.40,0.0,0.0%,0.30,
463,Justin Verlander,43,DET,AL,3.2,.353,.421,.706,1.127,.333,5.3,5.3,10.5,93.5,56.3,37.5,18.8,37.5,0.23,-0.3,-0.1%,-3.29,
464,Austin Warren,30,NYM,NL,3.2,.154,.154,.462,.615,.143,7.7,38.5,0.0,91.1,37.5,12.5,37.5,50.0,0.60,0.1,0.0%,2.59,
465,Bailey Falter*,29,KCR,AL,3.1,.444,.500,.722,1.222,.538,5.0,20.0,10.0,86.9,21.4,50.0,21.4,28.6,0.27,0.0,0.0%,-3.99,
466,Nolan Hoffman,28,PHI,NL,3.1,.385,.400,.385,.785,.417,0.0,13.3,6.7,84.0,25.0,25.0,41.7,16.7,0.71,0.0,0.0%,0.83,
467,Ryan Johnson,23,LAA,AL,3.1,.438,.524,.688,1.211,.429,4.8,9.5,19.0,93.7,60.0,26.7,26.7,40.0,0.36,-0.3,-0.2%,-5.45,
468,Joey Lucchesi*,33,LAA,AL,3.1,.412,.583,.647,1.230,.500,4.2,16.7,25.0,95.2,69.2,15.4,69.2,15.4,2.25,-1.0,-0.6%,-6.99,
469,Eduardo Rivera*,23,BOS,AL,3.1,.100,.100,.100,.200,.143,0.0,30.0,0.0,95.5,42.9,0.0,71.4,14.3,2.50,0.0,0.0%,1.56,
470,Justin Slaten,28,BOS,AL,3.1,.167,.286,.167,.452,.286,0.0,35.7,14.3,88.5,14.3,28.6,28.6,42.9,0.40,0.0,0.0%,0.67,
471,Charlie Barnes*,30,CHC,NL,3.0,.308,.471,.385,.855,.333,0.0,5.9,17.6,92.5,41.7,41.7,41.7,8.3,0.71,0.0,0.0%,-2.41,
472,Jake Eder*,27,LAD,NL,3.0,.222,.273,.222,.495,.222,0.0,9.1,9.1,97.2,66.7,22.2,33.3,44.4,0.50,0.0,0.0%,0.59,
473,Josh Fleming*,30,TOR,AL,3.0,.429,.500,.643,1.143,.385,5.6,5.6,11.1,92.4,64.3,7.1,64.3,28.6,1.80,-0.2,-0.1%,-2.43,
474,Tyler Heineman,35,TOR,AL,3.0,.438,.471,.813,1.283,.400,5.9,0.0,5.9,93.7,62.5,43.8,18.8,31.3,0.23,0.0,0.0%,-3.47,
475,Andrew Kittredge,36,BAL,AL,3.0,.182,.250,.273,.523,.286,0.0,33.3,8.3,85.6,14.3,14.3,71.4,0.0,2.50,0.1,0.0%,1.48,
476,Jedixson Páez,22,CHW,AL,3.0,.333,.438,.833,1.271,.182,12.5,0.0,18.8,95.3,46.2,7.7,30.8,53.8,0.44,0.0,0.0%,-4.16,
477,Alan Rangel,28,PHI,NL,3.0,.250,.250,.333,.583,.429,0.0,41.7,0.0,86.1,14.3,28.6,28.6,14.3,0.40,0.0,0.0%,0.43,
478,Cam Sanders,29,PIT,NL,3.0,.333,.429,.500,.929,.500,0.0,26.7,13.3,85.2,22.2,22.2,22.2,22.2,0.33,-0.1,-0.1%,-0.27,
479,José Fermin,24,LAA,AL,2.2,.000,.200,.000,.200,.000,0.0,30.0,0.0,90.0,60.0,20.0,60.0,20.0,1.50,0.0,0.0%,1.56,
480,Tyler Gilbert*,32,CHW,AL,2.2,.333,.467,.917,1.383,.250,13.3,13.3,20.0,95.3,50.0,20.0,30.0,50.0,0.43,-0.1,0.0%,-4.50,
481,Ethan Roberts,28,CHC,NL,2.2,.125,.300,.125,.425,.167,0.0,20.0,0.0,98.0,66.7,33.3,50.0,16.7,1.00,0.0,0.0%,1.12,
482,Tyler Uberstine,27,BOS,AL,2.2,.300,.364,.700,1.064,.286,9.1,18.2,9.1,87.4,37.5,37.5,12.5,50.0,0.14,-0.2,-0.1%,-0.13,
483,Austin Voth,34,TOR,AL,2.2,.273,.333,.364,.697,.300,0.0,8.3,8.3,91.9,40.0,30.0,30.0,20.0,0.43,-0.1,0.0%,-0.38,
484,Philip Abner*,24,ARI,NL,2.1,.143,.250,.143,.393,.167,0.0,12.5,12.5,83.6,16.7,33.3,50.0,16.7,1.00,0.0,0.0%,1.62,
485,Angel Chivilli,23,NYY,AL,2.1,.222,.462,.667,1.128,.200,7.7,23.1,23.1,82.9,33.3,0.0,50.0,33.3,1.00,-0.1,-0.1%,-0.16,
486,Garrett Cleavinger*,32,TBR,AL,2.1,.333,.500,.333,.833,.429,0.0,21.4,28.6,86.3,57.1,28.6,14.3,42.9,0.20,0.0,-0.1%,-0.34,
487,Brandon Eisert*,28,CHW,AL,2.1,.545,.583,.818,1.402,.667,0.0,14.3,7.1,81.4,54.5,27.3,54.5,0.0,2.00,-0.2,-0.1%,-1.61,
488,Brian Fitzpatrick*,26,MIL,NL,2.1,.222,.364,.222,.586,.286,0.0,18.2,18.2,74.2,14.3,14.3,42.9,14.3,0.75,0.1,0.0%,1.48,
489,Jared Koenig*,32,MIL,NL,2.1,.273,.385,.455,.839,.429,0.0,30.8,15.4,98.5,71.4,28.6,57.1,14.3,1.33,-0.1,0.0%,-2.56,
490,Cody Ponce,32,TOR,AL,2.1,.111,.200,.222,.422,.167,0.0,30.0,10.0,87.9,33.3,33.3,50.0,16.7,1.00,0.0,0.0%,-0.02,
491,Trevor Richards,33,PHI,NL,2.1,.300,.364,.400,.764,.429,0.0,27.3,9.1,84.9,14.3,42.9,28.6,0.0,0.40,-0.1,0.0%,-0.54,
492,Vince Velasquez,34,CHC,NL,2.1,.125,.125,.250,.375,.143,0.0,12.5,0.0,85.4,14.3,14.3,14.3,57.1,0.17,0.0,0.0%,0.38,
493,Keegan Akin*,31,BAL,AL,2.0,.538,.538,.923,1.462,.667,7.7,23.1,0.0,92.8,40.0,40.0,30.0,20.0,0.43,0.0,0.0%,-4.40,
494,Jason Alexander,33,HOU,AL,2.0,.250,.455,.625,1.080,.167,9.1,9.1,27.3,87.1,28.6,0.0,57.1,28.6,1.33,0.0,0.0%,-4.02,
495,Mason Barnett,25,ATH,AL,2.0,.143,.333,.143,.476,.167,0.0,11.1,22.2,89.4,33.3,16.7,66.7,16.7,2.00,0.0,0.0%,0.05,
496,Brady Basso*,28,ATH,AL,2.0,.286,.250,.857,1.107,.143,12.5,0.0,0.0,96.1,75.0,50.0,12.5,37.5,0.14,-0.1,0.0%,-0.74,
497,José Buttó,28,SFG,NL,2.0,.500,.625,1.083,1.708,.800,12.5,31.3,25.0,84.2,42.9,42.9,14.3,42.9,0.17,-0.1,-0.1%,-5.68,
498,Riley Cornelio,26,WSN,NL,2.0,.400,.545,.400,.945,.333,0.0,8.3,33.3,75.7,42.9,0.0,14.3,57.1,0.25,-0.6,-0.2%,-1.98,
499,Tyler Davis,27,CHW,AL,2.0,.000,.167,.000,.167,.000,0.0,33.3,16.7,95.6,66.7,0.0,66.7,0.0,2.00,0.1,0.1%,1.37,
500,Yerry de los Santos,28,NYY,AL,2.0,.429,.556,.857,1.413,.400,11.1,11.1,22.2,88.1,16.7,0.0,83.3,16.7,5.00,0.0,0.0%,0.02,
501,Chris Devenski,35,PIT,NL,2.0,.400,.400,.400,.800,.571,0.0,30.0,0.0,94.8,57.1,42.9,42.9,0.0,0.75,-0.2,-0.1%,-2.98,
502,Joey Gerber,29,NYM,NL,2.0,.250,.333,.375,.708,.667,0.0,55.6,11.1,98.1,66.7,66.7,0.0,33.3,0.00,0.0,0.0%,0.97,
503,Seth Halvorsen,26,COL,NL,2.0,.000,.250,.000,.250,.000,0.0,25.0,25.0,95.0,50.0,25.0,75.0,0.0,3.00,0.1,0.0%,1.08,
504,Logan Henderson,24,MIL,NL,2.0,.375,.444,.500,.944,.600,0.0,33.3,11.1,88.0,40.0,40.0,20.0,40.0,0.25,-0.1,-0.1%,-1.00,
505,Alek Jacob,28,SDP,NL,2.0,.143,.333,.286,.619,.250,0.0,33.3,11.1,92.4,50.0,0.0,25.0,50.0,0.33,0.0,0.0%,1.04,
506,Luis Mey,25,CIN,NL,2.0,.143,.333,.571,.905,.000,11.1,44.4,11.1,94.3,66.7,33.3,33.3,33.3,0.50,0.0,0.0%,0.11,
507,Rolddy Muñoz,26,ATL,NL,2.0,.455,.500,.727,1.227,.571,8.3,25.0,8.3,94.2,62.5,0.0,75.0,25.0,3.00,-0.2,-0.2%,-2.01,
508,Doug Nikhazy*,26,CHW,AL,2.0,.143,.333,.143,.476,.167,0.0,11.1,22.2,89.0,33.3,0.0,83.3,16.7,5.00,0.0,0.0%,0.08,
509,Orlando Ribalta,28,WSN,NL,2.0,.167,.167,.167,.333,.200,0.0,16.7,0.0,72.1,20.0,0.0,40.0,20.0,0.67,0.5,0.2%,1.66,
510,Kendry Rojas*,23,MIN,AL,2.0,.400,.625,.600,1.225,.400,0.0,0.0,37.5,88.2,40.0,20.0,60.0,20.0,1.50,0.1,0.0%,1.00,
511,Sam Aldegheri*,24,LAA,AL,1.2,.286,.375,.714,1.089,.250,12.5,25.0,12.5,88.5,20.0,40.0,0.0,40.0,0.00,0.0,0.0%,-0.23,
512,Yaramil Hiraldo,30,BAL,AL,1.2,.375,.583,1.125,1.708,.250,16.7,16.7,33.3,92.7,66.7,33.3,0.0,66.7,0.00,-0.5,-0.3%,-3.78,
513,Alex Hoppe,27,SEA,AL,1.2,.286,.500,.286,.786,.500,0.0,30.0,30.0,100.0,75.0,50.0,50.0,0.0,1.00,0.0,0.0%,-1.57,
514,Dylan Moore,33,PHI,NL,1.2,.167,.375,.167,.542,.167,0.0,0.0,12.5,73.0,20.0,16.7,66.7,0.0,2.00,0.0,0.0%,-0.57,
515,Nick Raquet*,30,BAL,AL,1.2,.375,.500,.875,1.375,.286,10.0,0.0,10.0,91.8,37.5,25.0,12.5,62.5,0.14,-0.1,0.0%,-2.24,
516,Yacksel Ríos,33,CHC,NL,1.2,.000,.000,.000,.000,.000,0.0,40.0,0.0,90.8,33.3,33.3,33.3,33.3,0.50,0.0,0.0%,0.78,
517,Chase Lee,27,TOR,AL,1.1,.200,.200,.800,1.000,.000,20.0,20.0,0.0,87.1,50.0,25.0,25.0,50.0,0.33,0.0,0.0%,-0.24,
518,Jackson Rutledge,27,WSN,NL,1.1,.600,.667,.900,1.567,.750,0.0,16.7,16.7,85.1,37.5,12.5,75.0,12.5,3.00,0.0,0.0%,-4.91,
519,Tyler Schweitzer*,25,CHW,AL,1.1,.333,.429,.667,1.095,.400,0.0,14.3,14.3,93.2,40.0,40.0,20.0,40.0,0.25,0.0,0.0%,-0.27,
520,Christian Scott,27,NYM,NL,1.1,.000,.600,.000,.600,.000,0.0,10.0,50.0,80.6,0.0,33.3,0.0,33.3,0.00,-0.1,0.0%,-0.92,
521,Bennett Sousa*,31,HOU,AL,1.1,.250,.625,.250,.875,1.000,0.0,37.5,50.0,95.2,100.0,100.0,0.0,0.0,0.00,-0.2,-0.1%,-1.76,
522,Carlos Carrasco,39,ATL,NL,1.0,.000,.000,.000,.000,.000,0.0,33.3,0.0,103.0,100.0,50.0,50.0,0.0,1.00,0.0,0.0%,0.50,
523,Duncan Davitt,26,CHW,AL,1.0,.000,.333,.000,.333,.000,0.0,0.0,33.3,101.4,100.0,0.0,50.0,50.0,1.00,0.0,0.0%,0.49,
524,Jose Espada,29,BAL,AL,1.0,.500,.500,.500,1.000,.500,0.0,0.0,0.0,95.4,50.0,25.0,50.0,25.0,1.00,0.0,0.0%,0.49,
525,Ryan Gusto,27,MIA,NL,1.0,.000,.000,.000,.000,.000,0.0,33.3,0.0,103.6,100.0,50.0,50.0,0.0,1.00,0.1,0.0%,0.50,
526,Ian Hamilton,31,ATL,NL,1.0,.400,.571,.600,1.171,.500,0.0,14.3,28.6,94.2,50.0,50.0,50.0,0.0,1.00,-0.1,-0.1%,-2.50,
527,Brenan Hanifee,28,DET,AL,1.0,.250,.250,.250,.500,.250,0.0,0.0,0.0,92.3,33.3,0.0,50.0,25.0,1.00,0.0,0.0%,0.55,
528,P.J. Higgins,33,CIN,NL,1.0,.000,.000,.000,.000,.000,0.0,33.3,0.0,78.1,0.0,0.0,0.0,50.0,0.00,0.0,0.0%,0.54,
529,Christian Koss,28,SFG,NL,1.0,.000,.000,.000,.000,.000,0.0,0.0,0.0,86.9,33.3,0.0,33.3,66.7,0.50,0.0,0.0%,0.48,
530,Luke Little*,25,CHC,NL,1.0,.400,.400,1.000,1.400,.333,20.0,20.0,0.0,90.1,50.0,0.0,75.0,25.0,3.00,0.0,0.0%,-0.47,
531,Easton McGee,28,MIL,NL,1.0,.333,.333,.667,1.000,.333,0.0,0.0,0.0,94.7,66.7,33.3,66.7,0.0,2.00,0.0,0.0%,0.48,
532,Reese McGuire,31,CHW,AL,1.0,.000,.000,.000,.000,.000,0.0,0.0,0.0,84.0,0.0,0.0,0.0,66.7,0.00,0.0,0.0%,0.50,
533,Matt Pushard,28,STL,NL,1.0,.600,.571,.600,1.171,.600,0.0,14.3,14.3,85.2,40.0,20.0,20.0,60.0,0.25,-0.1,-0.1%,-2.52,
534,Jake Rogers,31,DET,AL,1.0,.400,.400,.400,.800,.500,0.0,20.0,0.0,85.5,50.0,25.0,50.0,0.0,1.00,0.0,0.0%,0.52,
535,Miguel Rojas,37,LAD,NL,1.0,.250,.500,.500,1.000,.250,0.0,0.0,16.7,88.9,50.0,25.0,50.0,0.0,1.00,0.0,0.0%,-0.48,
536,Jose Trevino,33,CIN,NL,1.0,.667,.667,.778,1.444,.667,0.0,0.0,0.0,91.7,55.6,55.6,33.3,11.1,0.50,0.0,0.0%,-4.45,
537,Joey Wiemer,27,WSN,NL,1.0,.500,.571,.500,1.071,.400,0.0,0.0,14.3,91.2,20.0,20.0,40.0,40.0,0.67,0.0,0.0%,-0.49,
538,Ben Williamson,25,TBR,AL,1.0,.250,.250,1.000,1.250,.000,25.0,0.0,0.0,91.7,25.0,0.0,25.0,50.0,0.33,0.0,0.0%,-0.50,
539,Weston Wilson,31,BAL,AL,1.0,.500,.500,1.250,1.750,.333,25.0,0.0,0.0,88.5,37.5,25.0,12.5,62.5,0.14,0.0,0.0%,-4.13,
540,Tyler Tolbert,28,KCR,AL,0.2,.500,.500,.500,1.000,.500,0.0,0.0,0.0,85.7,0.0,50.0,50.0,0.0,1.00,0.0,0.0%,0.27,
541,Carlos Estévez,33,KCR,AL,0.1,.800,.857,1.400,2.257,.750,14.3,0.0,28.6,94.7,80.0,40.0,20.0,20.0,0.25,-0.9,-0.3%,-5.77,
542,Adam Frazier,34,LAA,AL,0.1,.500,.667,.500,1.167,.500,0.0,0.0,33.3,81.5,50.0,0.0,50.0,50.0,1.00,0.0,0.0%,-1.23,
543,Austin Hedges,33,CLE,AL,0.1,.000,.000,.000,.000,.000,0.0,0.0,0.0,93.8,0.0,100.0,0.0,0.0,0.00,0.0,0.0%,0.43,
544,Jonathan Cannon,25,CHW,AL,0.0,,1.000,,,,0.0,0.0,100.0,,,,,,,-0.3,-0.1%,-2.66,
,MLB Average,,,,,.243,.323,.393,.715,.291,2.8,22.2,9.6,88.4,40.0,23.1,41.9,26.3,0.74,,,,
