ranker,name_display,age,team_name_abbr,comp_name_abbr,b_war,b_games,b_pa,b_ab,b_r,b_h,b_doubles,b_triples,b_hr,b_rbi,b_sb,b_cs,b_bb,b_so,b_batting_avg,b_onbase_perc,b_slugging_perc,b_onbase_plus_slugging,b_onbase_plus_slugging_plus,b_roba,b_rbat_plus,b_tb,b_gidp,b_hbp,b_sh,b_sf,b_ibb,pos,awards
1,James Wood*,23,WSN,NL,1.0,32,155,122,30,29,7,0,10,24,5,1,31,50,.238,.400,.541,.941,165,.408,161,66,1,2,0,0,6,*9/7D,
2,Zach Neto,25,LAA,AL,1.2,32,150,129,21,30,8,0,5,15,5,3,20,47,.233,.340,.411,.751,111,.342,115,53,0,1,0,0,1,*6,
3,Drake Baldwin*,25,ATL,NL,1.3,32,146,130,30,40,4,0,7,25,1,0,14,28,.308,.384,.500,.884,147,.395,150,65,4,2,0,0,1,*2D,
4,Nico Hoerner,29,CHC,NL,1.8,31,146,127,16,37,8,0,4,26,7,0,13,14,.291,.370,.449,.819,137,.386,144,57,1,4,0,2,0,*4/6,
5,Ronald Acuña Jr.,28,ATL,NL,0.2,32,145,121,15,29,8,1,2,9,6,4,19,31,.240,.352,.372,.724,104,.329,107,45,0,3,0,2,1,*9/D,
6,Gunnar Henderson*,25,BAL,AL,0.7,31,145,131,22,28,6,1,9,19,5,1,12,44,.214,.283,.481,.764,111,.342,109,63,1,1,0,1,0,*6/D,
7,Mike Trout,34,LAA,AL,1.8,31,144,109,29,27,5,0,10,21,5,0,32,30,.248,.431,.569,.999,180,.458,190,62,2,3,0,0,3,*8/D,
8,Taylor Ward,32,BAL,AL,1.4,31,144,115,18,35,13,0,1,11,1,1,27,21,.304,.438,.443,.881,149,.399,153,51,1,1,0,1,0,*7/D,
9,Yordan Alvarez*,29,HOU,AL,2.0,32,143,118,25,42,9,0,12,27,1,0,21,14,.356,.462,.737,1.199,230,.507,230,87,1,3,0,1,6,*D/7,
10,Alex Bregman,32,CHC,NL,0.6,31,143,124,10,32,3,1,3,11,1,0,17,21,.258,.350,.371,.721,110,.339,118,46,6,1,0,1,1,*5/DH,
11,Iván Herrera,26,STL,NL,1.0,31,143,109,18,27,7,0,4,14,1,0,25,22,.248,.420,.422,.842,144,.383,148,46,2,8,0,1,4,D2,
12,Matt Olson*,32,ATL,NL,2.0,32,143,125,27,37,13,0,9,28,0,0,16,34,.296,.371,.616,.987,172,.421,170,77,2,0,0,2,1,*3,
13,JJ Wetherholt*,23,STL,NL,1.5,31,143,117,27,30,5,0,7,16,4,0,17,25,.256,.378,.479,.856,145,.384,143,56,0,7,0,2,0,*4/H,
14,Cal Raleigh#,29,SEA,AL,0.6,32,142,125,13,24,4,0,7,18,2,1,15,41,.192,.275,.392,.667,90,.296,87,49,2,0,0,2,0,*2/DH,
15,Bryan Reynolds#,31,PIT,NL,0.5,32,142,114,21,28,4,1,3,19,1,0,25,38,.246,.387,.377,.765,114,.354,118,43,1,2,0,1,2,*79/DH,
16,Jakob Marsee*,25,MIA,NL,-0.3,31,141,118,18,21,3,2,1,8,10,1,19,34,.178,.300,.263,.563,60,.281,60,31,1,2,1,1,0,*8/DH,
17,Daylen Lile*,23,WSN,NL,0.4,31,140,128,20,33,7,0,3,14,1,3,12,25,.258,.321,.383,.704,99,.303,94,49,2,0,0,0,1,*7/D9,
18,Brandon Nimmo*,33,TEX,AL,1.0,31,140,124,14,36,7,1,4,12,1,1,12,27,.290,.364,.460,.824,144,.359,140,57,3,3,0,1,1,*9/8D,
19,Julio Rodríguez,25,SEA,AL,0.4,32,140,126,14,32,6,0,2,12,3,1,12,31,.254,.329,.349,.678,96,.320,103,44,2,2,0,0,1,*8,
20,Jo Adell,27,LAA,AL,-0.2,32,139,130,13,34,2,0,4,19,2,0,4,28,.262,.302,.369,.671,89,.304,84,48,4,4,0,1,0,*9/7D8,
21,Nick Kurtz*,23,ATH,AL,1.1,30,139,106,18,25,5,0,5,15,3,1,33,45,.236,.417,.425,.842,131,.387,137,45,0,0,0,0,4,*3,
22,Shohei Ohtani*,31,LAD,NL,0.9,29,139,110,21,30,6,0,6,13,4,0,23,33,.273,.406,.491,.897,153,.402,154,54,3,3,0,2,6,*D/1,
23,Kyle Schwarber*,33,PHI,NL,1.1,31,139,111,21,25,6,1,11,20,0,0,24,40,.225,.381,.595,.976,163,.417,160,66,1,4,0,0,0,*D/7,
24,Trea Turner,33,PHI,NL,0.3,31,139,127,20,32,5,0,4,11,3,0,12,28,.252,.317,.386,.702,92,.326,92,49,3,0,0,0,0,*6,
25,Bobby Witt Jr.,26,KCR,AL,1.7,31,139,121,10,35,9,1,2,15,10,2,16,23,.289,.367,.430,.797,124,.365,121,52,4,0,0,2,2,*6,
26,Elly De La Cruz#,24,CIN,NL,1.4,31,138,124,26,35,5,0,10,24,8,3,14,40,.282,.355,.565,.920,146,.400,145,70,1,0,0,0,0,*6,
27,José Ramírez#,33,CLE,AL,1.0,32,138,117,19,26,7,0,6,12,12,0,21,18,.222,.341,.436,.776,116,.363,111,51,1,0,0,0,3,*5/D,
28,Oneil Cruz*,27,PIT,NL,0.5,30,137,125,23,32,5,0,9,26,10,2,11,48,.256,.321,.512,.833,127,.374,126,64,1,1,0,0,2,*8/H,
29,Gleyber Torres,29,DET,AL,1.1,30,137,110,18,28,2,0,2,10,0,0,24,21,.255,.387,.327,.714,101,.346,112,36,2,1,0,2,0,*4/D,
30,Ozzie Albies#,29,ATL,NL,1.5,32,136,124,23,40,6,0,7,20,0,2,9,16,.323,.368,.540,.908,152,.391,153,67,1,1,0,2,0,*4,
31,Bo Bichette,28,NYM,NL,-0.3,31,136,126,15,29,5,0,2,14,1,0,8,27,.230,.272,.317,.590,67,.266,61,40,5,0,0,2,0,*5/6D,
32,Shea Langeliers,28,ATH,AL,1.6,30,136,125,21,41,9,0,8,15,0,0,11,31,.328,.382,.592,.974,162,.427,165,74,3,0,0,0,1,*2/D,
33,Kevin McGonigle*,21,DET,AL,2.0,31,136,116,22,38,11,2,2,13,2,0,19,17,.328,.426,.509,.935,159,.425,164,59,0,1,0,0,0,65,
34,Munetaka Murakami*,26,CHW,AL,1.0,31,136,110,22,26,0,0,12,23,0,1,25,46,.236,.375,.564,.939,160,.394,152,62,1,0,0,1,3,*3/DH,
35,Alec Burleson*,27,STL,NL,0.7,30,135,119,15,33,8,0,4,25,1,0,15,18,.277,.356,.445,.801,129,.349,123,53,4,0,0,1,2,*3/H,
36,Aaron Judge,34,NYY,AL,1.7,31,135,111,25,28,5,0,12,20,5,2,21,37,.252,.381,.622,1.002,175,.437,176,69,2,2,0,0,1,*9/D,
37,Austin Riley,29,ATL,NL,-0.1,32,135,121,15,23,6,0,3,17,2,0,12,33,.190,.274,.314,.588,65,.278,66,38,4,2,0,0,0,*5/H,
38,Pete Alonso,31,BAL,AL,0.5,31,134,116,17,23,7,0,4,13,1,0,17,33,.198,.306,.362,.668,87,.308,87,42,3,1,0,0,0,*3/D,
39,Randy Arozarena,31,SEA,AL,1.2,32,134,114,22,33,9,1,2,11,7,0,15,29,.289,.381,.439,.819,136,.379,135,50,0,3,0,2,0,*7,
40,Byron Buxton,32,MIN,AL,0.9,29,134,123,23,31,5,1,8,11,1,0,8,36,.252,.306,.504,.810,121,.351,114,62,0,2,0,1,0,*8/D,
41,Ian Happ#,31,CHC,NL,1.1,29,134,113,20,26,5,0,7,14,1,0,19,39,.230,.351,.460,.811,134,.371,140,52,3,2,0,0,1,*7/D,
42,Matt McLain,26,CIN,NL,-0.4,31,134,114,13,24,6,0,2,9,5,2,18,34,.211,.328,.316,.644,77,.301,76,36,3,2,0,0,0,*4/H,
43,Sal Stewart,22,CIN,NL,1.2,31,134,114,20,32,6,0,9,29,7,0,18,24,.281,.373,.570,.943,153,.434,163,65,1,0,0,2,1,*3/54D,
44,Miguel Vargas,26,CHW,AL,1.3,30,134,107,22,23,4,1,6,15,5,0,24,22,.215,.366,.439,.805,126,.375,129,47,2,2,0,1,1,*5/3DH,
45,Matt Chapman,33,SFG,NL,1.3,31,133,118,16,32,6,1,1,12,0,1,14,29,.271,.353,.364,.718,107,.328,110,43,4,1,0,0,0,*5/D,
46,Yandy Díaz,34,TBR,AL,1.1,30,133,115,18,38,3,1,4,20,1,0,13,16,.330,.421,.478,.899,152,.408,156,55,2,5,0,0,2,*D,
47,Xavier Edwards#,26,MIA,NL,1.3,31,133,113,22,38,6,2,1,9,4,1,19,15,.336,.432,.451,.883,148,.400,151,51,3,0,1,0,0,*4/D,
48,Riley Greene*,25,DET,AL,1.0,32,133,113,21,32,8,0,4,18,1,1,20,35,.283,.391,.460,.851,136,.378,136,52,2,0,0,0,0,*7/DH,
49,Kyle Tucker*,29,LAD,NL,0.2,30,133,116,21,28,6,0,3,15,3,0,16,29,.241,.331,.371,.702,98,.330,102,43,0,0,0,1,0,*9/H,
50,Jonathan Aranda*,28,TBR,AL,0.0,30,132,109,17,24,4,0,7,25,0,0,19,33,.220,.333,.450,.783,117,.343,112,49,1,1,0,3,1,*3/H,
51,Michael Busch*,28,CHC,NL,0.0,30,132,114,14,22,4,0,2,11,0,0,15,30,.193,.295,.281,.576,69,.282,79,32,2,2,0,1,0,*3/H,
52,Bryce Harper*,33,PHI,NL,0.3,31,132,114,16,30,6,1,6,19,1,1,17,22,.263,.356,.491,.847,130,.371,130,56,3,0,0,1,1,*3/D,
53,CJ Abrams*,25,WSN,NL,1.3,31,131,108,16,32,4,0,8,26,5,2,15,23,.296,.405,.556,.960,170,.420,171,60,2,6,0,2,2,*6/H,
54,Junior Caminero,22,TBR,AL,0.3,30,131,117,17,30,3,0,8,15,0,1,13,22,.256,.328,.487,.815,125,.354,122,57,3,0,0,1,0,*5/3,
55,Luke Keaschall,23,MIN,AL,-0.2,31,131,120,12,26,4,0,1,14,7,0,8,21,.217,.267,.275,.542,51,.274,53,33,2,1,0,2,0,*4/H,
56,Trevor Story,33,BOS,AL,-0.1,30,131,122,11,24,6,0,2,17,2,0,7,40,.197,.237,.295,.532,50,.263,57,36,4,0,0,2,0,*6/D,
57,Fernando Tatis Jr.,27,SDP,NL,0.1,30,131,112,11,28,4,0,0,13,8,2,13,32,.250,.323,.286,.609,71,.291,69,32,2,1,1,4,1,*9/4H,
58,Christian Walker,35,HOU,AL,1.4,32,131,116,19,34,9,0,7,24,0,0,13,23,.293,.366,.552,.918,154,.412,160,64,4,1,0,1,1,*3/H,
59,Jacob Wilson,24,ATH,AL,0.2,30,131,128,15,37,7,0,2,15,1,0,2,15,.289,.298,.391,.688,87,.312,84,50,3,0,0,1,0,*6,
60,Ernie Clement,30,TOR,AL,0.8,31,130,126,10,38,13,0,1,9,1,0,4,9,.302,.323,.429,.752,105,.335,101,54,3,0,0,0,0,*4/56,
61,Vladimir Guerrero Jr.,27,TOR,AL,1.1,31,130,113,18,40,7,0,2,15,2,0,15,15,.354,.438,.469,.907,151,.408,152,53,2,2,0,0,3,*3/D,
62,Steven Kwan*,28,CLE,AL,-0.1,30,130,113,11,25,5,0,1,8,2,1,14,15,.221,.310,.292,.602,70,.285,72,33,3,1,1,1,1,*8/7,
63,Corey Seager*,32,TEX,AL,0.7,30,130,111,19,23,5,0,6,17,1,0,16,34,.207,.308,.414,.722,113,.318,108,46,3,1,0,2,2,*6,
64,Jordan Walker,24,STL,NL,1.6,30,130,116,23,33,4,0,9,23,5,1,12,41,.284,.354,.552,.906,156,.409,163,64,2,1,0,1,0,*9/H,
65,Willy Adames,30,SFG,NL,-0.1,30,129,122,12,24,10,0,3,6,0,2,6,40,.197,.240,.352,.593,68,.258,64,43,1,1,0,0,0,*6,
66,Jose Altuve,36,HOU,AL,0.5,29,129,112,20,28,7,0,3,8,1,2,17,24,.250,.349,.393,.742,108,.340,114,44,3,0,0,0,1,*4/D,
67,Jake Burger,30,TEX,AL,0.1,31,129,122,11,26,4,0,5,19,0,0,5,39,.213,.248,.369,.617,81,.280,83,45,3,1,0,1,0,*3/H,
68,Rafael Devers*,29,SFG,NL,-1.0,31,129,121,8,25,4,0,2,11,0,0,7,40,.207,.248,.289,.537,54,.239,44,35,5,0,0,1,1,3D,
69,Chandler Simpson*,25,TBR,AL,0.7,30,129,118,14,37,1,2,0,6,11,3,7,10,.314,.349,.356,.705,98,.323,92,42,0,0,3,1,0,*7/H,
70,Brice Turang*,26,MIL,NL,1.7,28,129,103,26,30,8,1,4,20,7,2,24,28,.291,.422,.505,.927,159,.418,164,52,3,0,1,1,1,*4,
71,Luis Arraez*,29,SFG,NL,1.0,30,128,118,11,36,3,2,0,11,4,0,6,6,.305,.333,.364,.698,100,.334,106,43,1,0,2,2,0,*4/D,
72,Cody Bellinger*,30,NYY,AL,1.2,30,128,108,18,26,4,1,3,15,3,1,18,18,.241,.344,.380,.723,102,.338,107,41,2,0,0,2,0,*7/89H,
73,Willson Contreras,34,BOS,AL,1.3,30,128,107,16,28,3,0,7,20,0,0,14,36,.262,.375,.486,.861,143,.382,142,52,2,6,0,1,0,*3/D,
74,Pete Crow-Armstrong*,24,CHC,NL,1.5,31,128,116,19,28,3,1,3,13,6,3,9,38,.241,.307,.362,.669,94,.294,88,42,2,2,1,0,1,*8/H,
75,Freddie Freeman*,36,LAD,NL,0.4,29,128,116,11,30,7,1,3,15,0,0,11,14,.259,.328,.414,.742,109,.327,104,48,5,1,0,0,1,*3,
76,Jackson Merrill*,23,SDP,NL,0.0,30,128,115,19,23,6,0,3,15,5,0,10,31,.200,.270,.330,.600,66,.277,57,38,4,1,2,0,1,*8,
77,Colson Montgomery*,24,CHW,AL,1.3,31,128,111,13,26,5,0,8,21,1,0,10,38,.234,.336,.495,.831,131,.364,127,55,2,7,0,0,2,*6/5DH,
78,Josh Bell#,33,MIN,AL,-0.1,31,127,111,21,25,5,0,3,17,0,0,14,23,.225,.315,.351,.666,85,.306,84,39,2,1,0,1,0,*D/3H,
79,Otto Lopez,27,MIA,NL,1.6,30,127,118,20,38,7,2,3,12,5,1,6,26,.322,.362,.492,.854,137,.398,148,58,0,2,0,1,0,*6,
80,Chase Meidroth,24,CHW,AL,0.2,29,127,109,18,28,6,0,1,3,1,0,14,27,.257,.339,.339,.678,92,.313,91,37,3,0,2,1,0,*4/6H,
81,Ryan O'Hearn*,32,PIT,NL,0.5,30,127,108,16,33,4,0,5,20,1,0,15,23,.306,.394,.481,.875,142,.392,145,52,7,2,0,2,1,93/DH,
82,Salvador Perez,36,KCR,AL,-0.2,30,127,120,10,24,3,0,5,11,0,0,4,25,.200,.236,.350,.586,63,.254,51,42,5,2,0,1,1,2D/3,
83,TJ Rumfield*,26,COL,NL,0.3,32,127,114,10,30,6,1,3,16,0,0,11,20,.263,.331,.412,.743,97,.330,93,47,1,1,0,1,0,*3/DH,
84,Wilyer Abreu*,27,BOS,AL,1.7,30,126,114,15,35,6,1,4,13,1,1,12,22,.307,.373,.482,.855,141,.377,140,55,3,0,0,0,0,*9,
85,Maikel Garcia,26,KCR,AL,1.2,29,126,113,17,31,8,1,3,11,3,2,12,22,.274,.341,.442,.784,119,.342,114,50,2,0,0,1,0,*5/H,
86,Ketel Marte#,32,ARI,NL,0.3,29,126,116,17,27,3,0,5,11,0,0,10,23,.233,.294,.388,.682,87,.302,81,45,3,0,0,0,0,*4/DH,
87,Josh Naylor*,29,SEA,AL,-0.4,29,126,113,8,24,2,0,4,15,4,2,11,21,.212,.286,.336,.622,79,.279,75,38,4,1,0,1,1,*3,
88,Nolan Schanuel*,24,LAA,AL,0.1,29,126,113,10,27,6,0,3,19,0,1,10,19,.239,.302,.372,.673,89,.305,90,42,8,1,0,2,0,*3/H,
89,Cole Young*,22,SEA,AL,1.9,32,126,112,20,32,4,1,3,19,2,2,11,27,.286,.357,.420,.777,124,.346,124,47,1,2,0,1,0,*4,
90,Adolis García,33,PHI,NL,0.1,31,125,111,10,27,5,1,3,11,1,0,11,32,.243,.320,.387,.707,93,.322,92,43,1,2,0,1,0,*9/H,
91,William Contreras,28,MIL,NL,0.9,28,124,111,18,32,7,0,3,20,0,0,13,14,.288,.363,.432,.795,122,.366,129,48,2,0,0,0,1,*2/DH,
92,Vinnie Pasquantino*,28,KCR,AL,0.0,29,124,103,11,17,3,2,3,14,0,0,16,24,.165,.274,.320,.595,67,.278,68,33,1,1,0,4,0,*3/H,
93,Cam Smith,23,HOU,AL,0.4,31,124,105,16,23,5,0,4,15,4,0,14,34,.219,.317,.381,.698,95,.322,91,40,2,2,0,2,0,*9/H,
94,Tyler Soderstrom*,24,ATH,AL,0.1,29,124,109,14,23,10,1,3,18,1,0,14,25,.211,.298,.404,.702,90,.318,87,44,4,0,0,1,1,*7/D,
95,Kazuma Okamoto,30,TOR,AL,0.2,30,123,110,12,24,2,0,5,15,0,0,13,38,.218,.301,.373,.674,85,.306,82,41,3,0,0,0,0,*5/3D,
96,Andy Pages,25,LAD,NL,1.8,31,123,112,16,36,7,0,5,25,4,1,8,28,.321,.366,.518,.884,147,.393,148,58,0,1,0,2,0,*8/H,
97,Xander Bogaerts,33,SDP,NL,0.7,29,122,109,14,30,2,0,5,17,3,0,13,17,.275,.352,.431,.784,117,.371,126,47,1,0,0,0,0,*6,
98,Carlos Correa,31,HOU,AL,1.0,28,122,106,20,29,7,0,2,14,1,0,15,21,.274,.361,.396,.757,112,.349,114,42,5,0,0,1,1,65,
99,TJ Friedl*,30,CIN,NL,-0.1,29,122,107,11,20,4,0,2,7,4,0,10,28,.187,.269,.280,.549,50,.261,41,30,1,2,3,0,0,*87/H,
100,Jung Hoo Lee*,27,SFG,NL,0.7,31,122,111,14,33,8,1,2,11,0,0,9,17,.297,.344,.441,.786,124,.353,125,49,3,0,0,2,0,*9/8H,
101,Ben Rice*,27,NYY,AL,1.5,30,122,98,26,32,8,0,10,23,1,0,21,31,.327,.443,.714,1.157,217,.485,210,70,1,1,0,2,2,*3/HD,
102,Dansby Swanson,32,CHC,NL,0.8,30,122,98,23,21,2,1,6,23,2,0,20,28,.214,.344,.439,.783,126,.356,128,43,1,1,0,3,0,*6/D,
103,Jazz Chisholm Jr.*,28,NYY,AL,-0.1,30,121,109,13,22,5,0,3,10,9,1,11,35,.202,.281,.330,.611,70,.292,66,36,0,1,0,0,0,*4/HD,
104,Hunter Goodman,26,COL,NL,1.0,29,121,109,23,28,6,0,9,14,1,1,9,46,.257,.331,.560,.890,133,.378,129,61,1,3,0,0,1,2/DH,
105,Brandon Lowe*,31,PIT,NL,1.1,27,121,107,16,27,8,0,8,20,0,0,13,29,.252,.339,.551,.890,143,.397,149,59,0,1,0,0,0,*4/D,
106,Marcus Semien,35,NYM,NL,-0.3,31,121,110,7,24,5,0,1,9,3,1,8,24,.218,.275,.291,.566,61,.265,60,32,2,1,1,1,0,*4,
107,Jorge Soler,34,LAA,AL,0.4,28,121,102,15,24,5,0,6,23,0,0,13,38,.235,.331,.461,.791,121,.355,122,47,4,3,0,3,0,*D/9,
108,Ezequiel Tovar,24,COL,NL,-0.6,32,121,114,9,23,8,0,1,8,2,0,5,35,.202,.248,.298,.546,45,.257,38,34,1,2,0,0,0,*6/H,
109,Brady House,23,WSN,NL,0.1,29,120,111,14,25,4,0,4,14,1,0,9,38,.225,.283,.369,.653,84,.314,95,41,3,0,0,0,0,*5/DH,
110,Ramón Laureano,31,SDP,NL,0.5,28,120,107,14,27,4,2,4,18,3,0,10,35,.252,.317,.439,.756,108,.333,100,47,1,1,0,2,0,*7/HD,
111,Spencer Torkelson,26,DET,AL,-0.2,31,120,101,11,23,6,0,5,12,0,1,18,34,.228,.350,.436,.786,117,.350,118,44,1,1,0,0,0,*3/H,
112,Alec Bohm,29,PHI,NL,-0.6,29,119,106,6,16,3,0,1,13,0,0,8,20,.151,.218,.208,.426,18,.230,28,22,1,2,0,3,0,*5/H,
113,Manny Machado,33,SDP,NL,0.2,28,118,99,18,22,4,0,4,16,1,1,17,24,.222,.331,.384,.714,98,.332,105,38,3,0,0,2,1,*5/D,
114,Heliot Ramos,26,SFG,NL,0.3,30,118,110,12,31,7,0,3,15,0,0,7,37,.282,.322,.427,.749,113,.334,112,47,0,0,0,1,1,*7/H,
115,Mauricio Dubón,31,ATL,NL,0.8,30,117,109,16,30,8,1,2,15,0,1,6,20,.275,.325,.422,.747,109,.334,111,46,2,2,0,0,0,*6/785,
116,Nolan Gorman*,26,STL,NL,0.2,30,117,103,12,23,2,0,4,19,0,0,11,33,.223,.291,.359,.650,86,.286,79,37,0,0,0,3,1,5D/H,
117,Agustín Ramírez,24,MIA,NL,-0.4,28,117,104,14,24,5,1,2,12,3,1,10,25,.231,.308,.356,.663,86,.296,78,37,4,2,0,1,1,2D/H,
118,Corbin Carroll*,25,ARI,NL,1.5,28,116,98,20,29,7,4,4,18,4,0,16,32,.296,.397,.571,.968,165,.419,158,56,1,1,0,1,0,*9/D,
119,Chase DeLauter*,24,CLE,AL,0.6,29,116,101,12,26,6,1,5,18,0,0,14,13,.257,.345,.485,.830,130,.366,128,49,3,0,0,1,0,9D/H,
120,Roman Anthony*,22,BOS,AL,0.6,26,115,96,11,20,3,1,1,5,2,0,18,32,.208,.339,.292,.631,81,.301,83,28,0,1,0,0,1,7D/9H,
121,Max Muncy*,35,LAD,NL,1.5,29,115,101,23,29,4,0,9,11,0,0,14,28,.287,.374,.594,.968,169,.410,163,60,1,0,0,0,1,*5/H,
122,Trent Grisham*,29,NYY,AL,-0.1,30,114,93,15,14,1,1,4,16,1,1,20,21,.151,.298,.312,.610,71,.283,71,29,2,0,0,1,0,*8/H,
123,Josh Jung,28,TEX,AL,1.1,28,113,101,12,32,11,0,4,17,1,1,10,19,.317,.381,.545,.925,172,.400,168,55,4,1,0,1,0,*5,
124,Brayan Rocchio#,25,CLE,AL,1.5,31,113,99,13,28,3,0,3,17,2,2,10,11,.283,.360,.404,.764,114,.356,124,40,2,2,2,0,0,*64,
125,Masyn Winn,24,STL,NL,0.9,26,113,99,14,25,5,1,1,13,4,0,11,25,.253,.336,.354,.690,99,.331,105,35,1,2,0,1,0,*6,
126,José Caballero,29,NYY,AL,1.2,30,112,105,12,28,5,0,3,11,12,4,4,25,.267,.313,.400,.713,98,.339,103,42,5,3,0,0,0,*6,
127,Nick Gonzales,27,PIT,NL,0.9,29,112,104,13,33,5,0,0,15,2,1,6,21,.317,.366,.365,.731,105,.342,111,38,4,2,0,0,0,54/6H,
128,Kyle Karros,23,COL,NL,-0.1,32,112,92,14,19,3,0,1,4,2,0,18,25,.207,.330,.272,.602,64,.291,62,25,1,0,0,2,0,*5/H,
129,Isaac Paredes,27,HOU,AL,0.4,27,112,99,15,25,4,0,3,15,0,0,9,18,.253,.339,.384,.723,102,.341,110,38,2,4,0,0,0,5/34DH,
130,Caleb Durbin,26,BOS,AL,0.4,29,111,99,12,17,6,0,1,11,3,1,10,16,.172,.261,.263,.524,49,.255,52,26,3,2,0,0,0,*5/H,
131,Andrés Giménez*,27,TOR,AL,0.0,29,111,105,9,28,6,1,3,16,4,0,4,17,.267,.291,.429,.719,96,.324,89,45,3,0,1,1,0,*6/H,
132,Nasim Nuñez#,25,WSN,NL,0.5,29,111,94,15,19,1,0,0,10,14,2,14,22,.202,.312,.213,.525,53,.286,60,20,0,1,2,0,0,*4/6HD,
133,Geraldo Perdomo#,26,ARI,NL,0.4,27,111,89,11,21,3,3,1,6,6,3,18,14,.236,.358,.371,.729,103,.326,99,33,5,0,2,2,0,*6,
134,Evan Carter*,23,TEX,AL,1.0,31,110,90,10,17,4,0,3,9,5,0,15,26,.189,.308,.333,.642,91,.308,94,30,0,1,3,1,0,*8/H,
135,Spencer Steer,28,CIN,NL,-0.3,29,110,97,13,23,6,0,5,10,1,0,9,28,.237,.318,.454,.772,108,.338,102,44,2,3,0,1,0,*7/395H,
136,Jake Bauers*,30,MIL,NL,0.3,28,109,100,19,26,5,0,5,19,3,1,9,22,.260,.321,.460,.781,116,.343,112,46,1,0,0,0,3,*3/H7,
137,Sal Frelick*,26,MIL,NL,-0.1,29,109,90,15,19,2,0,3,9,1,1,13,13,.211,.311,.333,.645,81,.295,81,30,2,1,0,2,1,*9/HD,
138,Teoscar Hernández,33,LAD,NL,0.2,27,109,98,16,23,4,0,4,17,1,0,10,31,.235,.303,.398,.701,97,.311,91,39,4,0,0,1,0,*7,
139,Connor Norby,26,MIA,NL,0.1,28,109,93,7,21,5,0,3,10,2,1,11,32,.226,.330,.376,.707,98,.319,96,35,2,4,0,1,0,*3/D5,
140,Daulton Varsho*,29,TOR,AL,0.6,29,109,98,12,23,5,0,4,8,2,0,9,20,.235,.312,.408,.720,97,.324,92,40,0,2,0,0,1,*8/H,
141,Matt Wallner*,28,MIN,AL,-0.7,27,109,95,12,16,2,0,3,7,0,1,10,41,.168,.275,.284,.559,56,.260,56,27,2,4,0,0,0,*9/H,
142,Jarren Duran*,29,BOS,AL,-0.1,26,108,100,15,17,5,0,1,11,5,0,7,28,.170,.231,.250,.481,37,.234,31,25,0,1,0,0,0,*7/8DH,
143,Michael Harris II*,25,ATL,NL,1.3,30,108,101,11,32,4,0,6,20,2,0,6,18,.317,.352,.535,.887,146,.389,143,54,1,0,0,1,0,*8/DH,
144,Brooks Lee#,25,MIN,AL,0.3,29,108,99,12,24,2,0,5,17,2,1,8,20,.242,.306,.414,.720,98,.338,106,41,0,1,0,0,0,*6/H,
145,Jacob Young,26,WSN,NL,-0.1,30,108,101,11,24,5,0,2,15,1,1,5,19,.238,.280,.347,.627,77,.293,83,35,1,1,1,0,0,*8/H,
146,Marcell Ozuna,35,PIT,NL,-0.9,26,107,99,6,16,2,0,2,8,0,0,7,29,.162,.224,.242,.467,30,.224,27,24,3,1,0,0,0,*D/H,
147,Dillon Dingler,27,DET,AL,1.0,27,106,93,11,23,6,0,5,20,0,0,7,19,.247,.327,.473,.800,120,.371,130,44,5,4,0,0,0,*2/HD,
148,Troy Johnston*,29,COL,NL,0.1,28,106,96,9,30,7,0,2,16,1,1,8,22,.313,.371,.448,.819,118,.361,117,43,1,1,1,0,0,93/7DH,
149,Nolan Arenado,35,ARI,NL,0.7,28,105,98,15,27,2,0,5,17,0,0,6,20,.276,.314,.449,.763,109,.352,117,44,4,0,0,1,0,*5,
150,Jake Cronenworth*,32,SDP,NL,-0.3,29,105,89,13,13,2,0,1,4,1,0,14,21,.146,.276,.202,.478,36,.247,42,18,1,2,0,0,0,*4/56H,
151,Francisco Lindor#,32,NYM,NL,0.5,24,105,93,14,21,2,2,2,5,2,1,11,19,.226,.314,.355,.669,90,.310,93,33,2,1,0,0,0,*6,
152,Brandon Marsh*,28,PHI,NL,0.7,28,105,99,13,30,6,0,4,17,3,0,4,23,.303,.324,.485,.809,119,.365,119,48,2,0,0,2,0,*7/89H,
153,Jeff McNeil*,34,ATH,AL,0.5,30,105,91,9,26,6,0,1,7,1,2,10,12,.286,.365,.385,.750,106,.333,105,35,1,2,1,1,0,*4/H935,
154,Cedric Mullins*,31,TBR,AL,-0.6,27,105,95,8,12,2,1,2,8,6,1,5,22,.126,.184,.232,.416,16,.208,10,22,1,2,1,1,0,*8/H,
155,Ceddanne Rafaela,25,BOS,AL,0.3,29,105,95,13,25,4,2,1,10,0,3,6,24,.263,.333,.379,.712,102,.307,100,36,4,4,0,0,0,*8/H,
156,Lawrence Butler*,25,ATH,AL,-0.3,29,104,94,10,17,2,0,3,12,4,2,10,28,.181,.260,.298,.557,52,.261,49,28,3,0,0,0,1,*98/H,
157,Luis García Jr.*,26,WSN,NL,0.0,30,104,99,14,25,6,1,1,16,2,0,4,16,.253,.279,.364,.642,81,.298,81,36,0,0,0,1,0,*3/DH,
158,Liam Hicks*,27,MIA,NL,1.2,29,104,92,18,29,3,0,7,28,1,0,7,8,.315,.365,.576,.941,159,.400,152,53,0,2,0,3,1,2/3DH,
159,Jeremiah Jackson,26,BAL,AL,0.7,29,104,100,10,27,3,0,6,24,1,1,2,24,.270,.288,.480,.768,112,.348,118,48,5,1,0,1,0,*4/H,
160,Max Muncy,23,ATH,AL,-0.1,26,104,92,15,22,5,2,2,7,2,1,6,37,.239,.308,.402,.710,93,.321,92,37,3,4,0,2,0,*5/D,
161,Carter Jensen*,22,KCR,AL,0.5,29,103,90,13,23,2,0,6,16,0,0,11,30,.256,.340,.478,.818,128,.369,131,43,1,1,0,1,0,D2/H,
162,Spencer Horwitz*,28,PIT,NL,0.6,29,102,84,11,21,2,0,3,10,0,0,15,15,.250,.363,.381,.744,107,.346,113,32,5,1,0,2,0,*3/H,
163,Casey Schmitt,27,SFG,NL,0.4,25,102,93,12,28,8,1,4,14,1,0,4,19,.301,.353,.538,.891,151,.388,148,50,2,4,0,1,0,D/35,
164,J.P. Crawford*,31,SEA,AL,0.2,24,101,80,13,16,3,0,2,7,1,1,19,16,.200,.366,.313,.679,99,.323,107,25,3,2,0,0,0,*6/DH,
165,Angel Martínez#,24,CLE,AL,0.4,29,101,94,12,25,6,0,5,15,5,2,3,20,.266,.303,.489,.792,118,.349,115,46,1,2,2,0,0,*7/98H,
166,Jesús Sánchez*,28,TOR,AL,-0.1,30,101,91,11,23,4,0,4,15,1,0,5,18,.253,.297,.429,.726,98,.315,87,39,1,2,0,3,1,*79/HD,
167,Konnor Griffin,20,PIT,NL,0.4,26,100,91,10,21,2,1,2,13,7,0,6,30,.231,.290,.341,.631,75,.308,74,31,1,2,0,1,0,*6/H,
168,Eugenio Suárez,34,CIN,NL,-0.1,25,100,91,10,21,3,0,3,11,0,0,9,30,.231,.300,.363,.663,80,.315,87,33,1,0,0,0,0,D/5H,
169,Mike Yastrzemski*,35,ATL,NL,0.1,29,100,91,12,19,4,1,0,6,1,0,8,25,.209,.280,.275,.555,57,.268,59,25,1,1,0,0,0,*7/H89,
170,Jac Caglianone*,23,KCR,AL,0.4,27,99,88,11,22,5,1,2,4,0,1,9,33,.250,.333,.398,.731,105,.324,103,35,1,2,0,0,0,*9/DH3,
171,Kerry Carpenter*,28,DET,AL,0.1,29,99,85,9,19,2,2,6,17,0,0,10,34,.224,.313,.506,.819,124,.354,117,43,0,2,0,2,0,9/DH7,
172,Justin Crawford*,22,PHI,NL,-0.2,27,99,90,8,24,5,2,0,5,2,2,7,19,.267,.333,.367,.700,92,.315,92,33,0,2,0,0,0,*8/H,
173,Garrett Mitchell*,27,MIL,NL,0.5,28,99,78,14,19,5,1,1,20,5,3,19,36,.244,.398,.372,.770,118,.345,118,29,0,1,1,0,1,*8/HD,
174,Yoán Moncada#,31,LAA,AL,0.1,28,99,82,9,15,0,1,3,9,0,0,15,33,.183,.323,.317,.640,82,.302,85,26,1,2,0,0,0,*5/HD,
175,Will Smith,31,LAD,NL,0.2,27,99,89,11,24,1,0,3,15,0,0,9,16,.270,.333,.382,.715,102,.317,97,34,1,0,0,1,0,*2/H,
176,Francisco Alvarez,24,NYM,NL,-0.1,29,98,84,8,19,3,0,4,7,0,0,9,21,.226,.313,.405,.717,102,.326,104,34,6,2,0,1,0,*2/HD,
177,Brett Baty*,26,NYM,NL,-0.1,28,98,90,11,19,4,1,1,12,2,0,6,27,.211,.255,.311,.566,60,.276,65,28,2,0,0,2,0,9/3DH54,
178,Luis Robert Jr.,28,NYM,NL,0.2,24,98,85,10,19,3,0,2,8,2,2,13,17,.224,.327,.329,.656,87,.307,94,28,2,0,0,0,0,*8/H,
179,Josh Smith*,28,TEX,AL,-0.4,28,98,83,6,16,2,0,0,6,2,1,13,18,.193,.306,.217,.523,59,.259,68,18,1,1,0,1,1,*4/HD,
180,Carson Benge*,23,NYM,NL,-0.3,28,97,90,9,17,2,0,2,6,6,0,7,23,.189,.247,.278,.525,49,.275,57,25,1,0,0,0,0,*79/8H,
181,Andrew Benintendi*,31,CHW,AL,-0.6,29,97,90,10,19,5,2,2,14,0,0,6,34,.211,.258,.378,.636,77,.278,68,34,1,0,0,1,0,D/7H9,
182,Yainer Diaz,27,HOU,AL,-0.3,23,97,92,7,23,4,0,2,14,0,1,3,15,.250,.268,.359,.627,74,.269,64,33,3,0,0,2,0,2/D,
183,Kyle Manzardo*,25,CLE,AL,-0.8,28,97,86,3,16,2,0,1,7,0,0,8,34,.186,.268,.244,.512,45,.244,43,21,4,2,0,1,0,3/DH,
184,Mickey Moniak*,28,COL,NL,0.7,25,97,89,15,28,6,0,8,17,1,0,6,25,.315,.361,.652,1.013,164,.431,163,58,2,1,0,1,0,79/8DH,
185,Owen Caissie*,23,MIA,NL,-0.5,29,96,87,10,18,6,0,2,15,1,0,5,41,.207,.250,.345,.595,65,.273,62,30,1,1,0,3,0,*9/HD,
186,Ryan Jeffers,29,MIN,AL,0.9,24,96,79,17,23,2,1,4,20,1,0,15,17,.291,.411,.494,.904,150,.417,160,39,1,1,0,0,0,2/DH,
187,Colt Keith*,24,DET,AL,0.4,29,96,92,14,30,7,0,0,6,0,0,4,19,.326,.354,.402,.756,110,.341,108,37,2,0,0,0,0,5D/H3,
188,Giancarlo Stanton,36,NYY,AL,0.2,24,96,90,8,23,6,0,3,14,1,0,6,29,.256,.302,.422,.724,100,.333,102,38,2,0,0,0,0,*D/H,
189,Luis Rengifo#,29,MIL,NL,-0.4,26,95,85,9,16,8,0,0,9,1,0,7,12,.188,.255,.282,.538,51,.242,39,24,1,1,1,1,1,*5/H3,
190,Bryson Stott*,28,PHI,NL,-0.2,25,95,87,5,18,2,2,0,5,5,0,5,18,.207,.258,.276,.534,47,.257,37,24,1,1,2,0,0,*4/H,
191,Ildemaro Vargas#,34,ARI,NL,1.4,23,95,90,19,34,6,2,6,20,0,0,3,11,.378,.398,.689,1.087,194,.474,205,62,0,0,1,0,0,3/4567DH,
192,Victor Caratini#,32,MIN,AL,-0.1,23,93,77,5,17,1,0,1,12,0,0,8,15,.221,.312,.273,.585,64,.294,76,21,3,4,0,4,0,2/3DH,
193,Isaac Collins#,28,KCR,AL,-0.4,26,93,79,12,17,1,0,2,8,1,2,12,28,.215,.333,.304,.637,81,.304,91,24,1,2,0,0,0,*7/DH,
194,Brenton Doyle,28,COL,NL,-0.1,31,93,84,14,18,3,0,1,3,7,2,9,32,.214,.290,.286,.576,55,.283,55,24,0,0,0,0,0,*8/H,
195,Logan O'Hoppe,26,LAA,AL,0.5,26,93,78,9,16,1,0,1,8,0,0,11,23,.205,.323,.256,.579,66,.279,70,20,2,3,0,1,0,*2/H,
196,Luke Raley*,31,SEA,AL,0.1,29,93,86,11,21,4,1,5,13,0,1,5,35,.244,.301,.488,.789,124,.339,121,42,0,2,0,0,0,*9/HD,
197,Samuel Basallo*,21,BAL,AL,0.5,23,92,82,10,19,2,0,5,9,0,0,10,24,.232,.315,.439,.754,110,.332,105,36,0,0,0,0,1,2/D3H,
198,Nathan Church*,25,STL,NL,1.0,28,92,85,13,20,2,0,5,15,3,0,4,22,.235,.272,.435,.707,100,.321,99,37,2,1,0,2,0,*7/8H9,
199,Oswald Peraza,26,LAA,AL,0.9,29,92,82,10,23,4,0,4,8,5,1,7,24,.280,.352,.476,.827,132,.373,130,39,1,2,1,0,0,54/H,
200,Victor Scott II*,25,STL,NL,-0.3,30,92,78,10,14,1,0,1,5,5,2,6,25,.179,.244,.231,.475,38,.223,28,18,2,1,6,1,0,*8/DH,
201,David Hamilton*,28,MIL,NL,0.4,25,91,75,14,18,2,0,0,7,5,2,11,16,.240,.345,.267,.611,75,.297,79,20,1,1,3,0,0,56/4H,
202,Edouard Julien*,27,COL,NL,0.0,27,91,79,13,24,3,1,2,12,2,2,11,22,.304,.396,.443,.839,124,.369,125,35,4,1,0,0,0,4/D3H,
203,Gavin Sheets*,30,SDP,NL,-0.5,28,91,86,11,20,9,0,4,12,1,0,4,20,.233,.275,.477,.751,104,.325,97,41,3,1,0,0,0,3/DH7,
204,Dylan Beavers*,24,BAL,AL,-0.4,24,90,79,11,18,3,0,2,9,1,1,9,21,.228,.303,.342,.645,81,.289,77,27,1,0,1,1,0,9/D87H,
205,Alek Thomas*,26,ARI,NL,0.3,24,90,85,10,16,8,0,2,10,4,0,3,19,.188,.225,.353,.578,57,.262,45,30,1,1,1,0,0,*8,
206,Ben Williamson,25,TBR,AL,-0.1,27,89,80,13,20,5,1,0,10,3,0,8,19,.250,.318,.338,.656,84,.308,82,27,3,0,1,0,0,4/H651D,
207,Carson Kelly,31,CHC,NL,0.9,23,88,75,12,23,4,0,2,10,0,0,12,15,.307,.409,.440,.849,147,.391,156,33,2,1,0,0,0,2/H3D,
208,Leo Rivas#,28,SEA,AL,-0.5,26,88,74,6,11,1,1,0,7,1,0,10,27,.149,.264,.189,.454,34,.230,38,14,1,2,1,1,0,5/6DH,
209,Alex Freeland#,24,LAD,NL,0.4,26,87,77,8,18,4,0,1,6,0,0,7,26,.234,.294,.325,.619,75,.279,69,25,1,0,2,1,0,*4/H,
210,Daniel Schneemann*,29,CLE,AL,1.3,26,87,78,12,25,7,0,4,14,2,2,9,26,.321,.391,.564,.955,164,.408,162,44,0,0,0,0,0,8/54H6,
211,Austin Wells*,26,NYY,AL,0.7,24,87,70,6,14,1,0,3,5,0,0,16,15,.200,.345,.343,.688,93,.311,88,24,3,0,0,1,2,*2/H,
212,José Fernández,22,ARI,NL,0.7,25,86,83,18,27,3,0,3,12,1,1,3,19,.325,.349,.470,.819,125,.373,134,39,1,0,0,0,0,/D356H,
213,Austin Martin,27,MIN,AL,1.0,28,86,64,11,20,4,0,1,7,4,3,19,13,.313,.477,.422,.899,152,.421,169,27,1,2,0,1,0,*7/H98,
214,Coby Mayo,24,BAL,AL,-0.6,26,86,77,9,13,3,0,3,12,1,0,8,25,.169,.244,.325,.569,59,.260,54,25,1,0,0,1,0,*5/3DH,
215,Tyler Stephenson,29,CIN,NL,0.3,25,86,73,5,13,3,0,2,6,0,0,12,25,.178,.291,.301,.592,62,.285,65,22,1,0,0,1,0,*2,
216,Willi Castro#,29,COL,NL,0.3,24,85,77,12,19,5,0,1,10,2,2,7,29,.247,.318,.351,.668,79,.299,76,27,1,1,0,0,0,*4/5637H,
217,Rhys Hoskins,33,CLE,AL,-0.1,24,85,69,12,14,5,0,1,6,0,0,16,24,.203,.353,.319,.672,90,.320,96,22,2,0,0,0,0,3/DH,
218,Trevor Larnach*,29,MIN,AL,0.9,25,85,67,13,18,4,1,1,8,1,0,18,15,.269,.424,.403,.827,131,.401,149,27,3,0,0,0,1,7/HD,
219,Brandon Lockridge,29,MIL,NL,0.3,24,85,74,7,19,3,0,0,8,5,0,10,24,.257,.345,.297,.643,83,.311,80,22,0,0,1,0,0,*7/8H3,
220,Josh Lowe*,28,LAA,AL,-0.4,28,85,77,7,14,1,0,4,10,1,0,5,24,.182,.238,.351,.589,64,.265,57,27,0,1,1,1,0,*7/H89,
221,Marcelo Mayer*,23,BOS,AL,0.2,27,85,75,7,19,6,0,1,7,2,0,7,13,.253,.321,.373,.695,97,.319,94,28,3,1,0,1,0,*4/H,
222,Joc Pederson*,34,TEX,AL,0.1,29,85,71,11,16,1,0,2,5,0,0,12,21,.225,.341,.324,.665,99,.311,104,23,3,1,0,1,0,*D/H3,
223,Wyatt Langford,24,TEX,AL,0.6,20,84,80,9,19,3,2,1,4,3,0,4,19,.238,.274,.363,.636,88,.290,84,29,2,0,0,0,0,7/8D,
224,Ke'Bryan Hayes,29,CIN,NL,-0.3,28,83,77,6,10,1,1,1,1,0,0,6,11,.130,.193,.208,.401,9,.208,11,16,0,0,0,0,0,*5/H,
225,Kyle Isbel*,29,KCR,AL,0.7,25,83,72,11,21,3,0,3,8,5,0,4,19,.292,.354,.458,.813,127,.376,127,33,0,3,4,0,0,*8/H,
226,Edgar Quero#,23,CHW,AL,-0.2,24,83,69,3,11,1,0,0,4,1,0,9,17,.159,.272,.174,.446,29,.230,30,12,3,2,2,1,0,*2/H,
227,Mark Vientos,26,NYM,NL,-0.3,24,83,76,7,18,3,0,2,8,0,0,6,19,.237,.289,.355,.644,82,.286,76,27,2,0,0,1,0,*3/HD,
228,Javier Báez,33,DET,AL,-0.3,24,82,78,10,20,5,0,2,6,1,1,2,16,.256,.280,.397,.678,86,.297,80,31,2,1,0,1,0,68/4,
229,Kody Clemens*,30,MIN,AL,0.1,22,82,71,6,14,3,0,3,8,4,2,8,24,.197,.296,.366,.662,83,.301,81,26,0,2,1,0,0,3/47H,
230,Ryan McMahon*,31,NYY,AL,-0.4,29,82,72,6,12,0,0,2,7,0,0,10,27,.167,.268,.250,.518,46,.259,53,18,3,0,0,0,0,*5/6H,
231,Luisangel Acuña,24,CHW,AL,-0.4,25,81,72,7,13,1,0,0,3,6,1,6,11,.181,.250,.194,.444,27,.223,20,14,3,1,1,1,0,8/6H,
232,Patrick Bailey#,27,SFG,NL,-0.2,25,81,74,5,11,0,0,1,5,2,0,7,19,.149,.222,.189,.411,20,.201,14,14,3,0,0,0,0,*2,
233,Nick Fortes,29,TBR,AL,0.1,24,81,76,5,21,5,0,1,8,0,0,2,10,.276,.321,.382,.703,96,.317,94,29,4,3,0,0,0,*2/H,
234,Matt Shaw,24,CHC,NL,0.9,28,80,73,10,22,6,0,3,10,2,1,5,14,.301,.342,.507,.849,143,.374,145,37,1,0,1,1,0,9H/D45378,
235,Moisés Ballesteros*,22,CHC,NL,0.9,27,79,71,12,24,5,0,5,16,0,0,7,12,.338,.392,.620,1.012,189,.433,185,44,0,0,0,1,0,*D/H2,
236,Seiya Suzuki,31,CHC,NL,1.1,18,79,67,14,22,1,0,5,9,0,0,10,19,.328,.430,.567,.998,187,.435,188,38,2,2,0,0,1,9/DH,
237,Leody Taveras#,27,BAL,AL,0.5,25,79,66,10,19,3,1,2,17,1,1,12,16,.288,.397,.455,.852,139,.379,141,30,0,0,1,0,0,*8/H9,
238,Carlos Cortes*,29,ATH,AL,1.1,25,78,69,8,27,5,1,4,13,0,0,8,7,.391,.462,.667,1.128,205,.489,207,46,2,1,0,0,0,9/D7H,
239,Nick Yorke,24,PIT,NL,-0.1,23,78,68,6,15,3,0,1,6,0,0,7,15,.221,.308,.309,.617,72,.286,71,21,3,2,0,1,0,5/H93D,
240,Jake Mangum#,30,PIT,NL,0.2,26,77,70,12,19,2,0,0,3,5,0,6,17,.271,.329,.300,.629,77,.311,77,21,3,0,1,0,1,*7/H98,
241,Gary Sánchez,33,MIL,NL,0.4,20,77,61,10,14,2,1,5,14,0,0,15,16,.230,.390,.541,.931,158,.404,156,33,2,1,0,0,0,D/23H,
242,Royce Lewis,27,MIN,AL,0.0,20,76,66,7,13,2,0,3,10,2,0,9,21,.197,.303,.364,.666,84,.323,92,24,1,1,0,0,0,5,
243,Joey Ortiz,27,MIL,NL,0.1,25,76,66,11,13,0,0,0,6,4,2,8,16,.197,.284,.197,.481,38,.234,35,13,0,0,2,0,0,*6/HD,
244,Jorbit Vivas*,25,WSN,NL,0.2,25,76,63,12,18,3,0,0,3,0,1,6,8,.286,.378,.333,.712,105,.324,108,21,2,4,2,1,0,5/4HD,
245,Dominic Canzone*,28,SEA,AL,0.5,26,74,67,10,19,7,0,3,12,1,1,5,17,.284,.338,.522,.860,145,.371,141,35,0,1,0,1,0,D/H9,
246,Henry Davis,26,PIT,NL,-0.3,25,74,65,7,10,3,0,0,3,1,0,6,15,.154,.247,.200,.447,26,.220,21,13,2,2,1,0,0,*2/H,
247,Heriberto Hernández,26,MIA,NL,-0.5,22,74,63,4,10,0,1,0,9,3,1,10,14,.159,.284,.190,.474,36,.252,47,12,0,1,0,0,0,*7/H9,
248,Danny Jansen,31,TEX,AL,0.2,21,74,67,5,14,4,1,1,7,0,1,6,23,.209,.284,.343,.627,86,.277,86,23,3,1,0,0,0,2/H,
249,Lane Thomas,30,KCR,AL,0.1,25,74,60,6,14,1,0,1,5,3,1,13,13,.233,.378,.300,.678,94,.330,102,18,1,1,0,0,0,*8/79HD,
250,Bo Naylor*,26,CLE,AL,-0.4,23,73,68,1,8,1,0,1,3,0,0,5,18,.118,.178,.176,.355,0,.170,-8,12,2,0,0,0,0,*2/H,
251,Pedro Pagés,27,STL,NL,0.3,20,72,65,7,17,2,0,3,8,2,0,3,16,.262,.310,.431,.741,111,.330,106,28,3,2,1,1,0,2,
252,Graham Pauley*,25,MIA,NL,-0.4,24,72,67,7,13,6,0,1,9,1,1,4,19,.194,.239,.328,.568,58,.248,48,22,3,0,1,0,0,*5/3H,
253,Tristan Peters*,26,CHW,AL,0.5,28,72,66,6,18,1,1,0,3,3,0,4,18,.273,.324,.318,.642,82,.302,77,21,0,1,1,0,0,*8/9H7,
254,Taylor Walls#,29,TBR,AL,0.2,19,72,59,9,11,2,0,0,4,4,1,8,21,.186,.294,.220,.514,47,.258,45,13,1,1,4,0,0,6,
255,Miguel Andujar,31,SDP,NL,0.3,20,71,67,7,21,6,1,1,7,1,1,3,13,.313,.352,.478,.830,128,.371,133,32,0,1,0,0,0,D/5H3,
256,Brendan Donovan*,29,SEA,AL,0.7,18,71,56,7,17,3,0,3,8,1,1,9,12,.304,.437,.518,.954,175,.422,177,29,0,5,0,1,0,5/DH,
257,Curtis Mead,25,WSN,NL,0.4,23,71,63,12,14,4,0,4,12,2,0,7,11,.222,.310,.476,.786,120,.362,125,30,0,1,0,0,0,3H/4D5,
258,Everson Pereira,25,CHW,AL,0.0,18,71,64,7,16,4,0,3,7,1,0,4,21,.250,.310,.453,.763,112,.339,108,29,2,2,0,1,0,9/D8,
259,Dominic Smith*,31,ATL,NL,0.5,24,71,65,11,22,2,0,4,17,0,0,3,9,.338,.371,.554,.925,157,.401,156,36,1,1,1,1,0,D/H,
260,Blaze Alexander,27,BAL,AL,-0.3,25,70,62,8,11,2,0,0,1,3,1,5,20,.177,.250,.210,.460,31,.239,37,13,3,1,1,0,0,5/46897,
261,Matt Vierling,29,DET,AL,-0.3,25,70,62,7,14,6,0,1,11,1,0,6,11,.226,.286,.371,.657,81,.293,72,23,3,0,0,2,0,*8/97H,
262,Colton Cowser*,26,BAL,AL,-0.3,26,68,59,8,11,2,0,0,3,0,1,7,21,.186,.269,.220,.489,40,.222,34,13,1,0,1,1,0,*9/8H7D,
263,Javier Sanoja,23,MIA,NL,0.2,23,68,62,1,20,3,0,0,10,2,1,6,7,.323,.382,.371,.753,113,.352,120,23,0,0,0,0,0,5/7H468,
264,Juan Soto*,27,NYM,NL,0.9,16,68,58,7,20,4,0,3,8,0,1,10,8,.345,.441,.569,1.010,185,.432,186,33,0,0,0,0,1,/7D,
265,George Springer,36,TOR,AL,0.1,16,68,60,4,13,4,0,2,7,1,1,8,15,.217,.309,.383,.692,90,.337,107,23,0,0,0,0,0,D/H,
266,Jordan Beck,25,COL,NL,-0.4,22,67,62,4,10,2,0,1,8,2,1,4,15,.161,.209,.242,.451,20,.215,12,15,3,0,0,1,0,7/9H,
267,Jake Fraley*,31,TBR,AL,0.2,21,67,60,4,15,6,0,2,4,2,0,7,16,.250,.328,.450,.778,116,.352,113,27,1,0,0,0,0,*9/H,
268,Carlos Narváez,27,BOS,AL,-0.3,19,67,64,6,15,2,0,2,3,1,0,2,19,.234,.258,.359,.617,73,.277,66,23,2,0,1,0,0,2,
269,Jorge Barrosa#,25,ARI,NL,-0.1,23,66,60,7,12,7,1,1,6,0,0,3,22,.200,.250,.400,.650,77,.281,65,24,1,1,2,0,0,*/798H,
270,Joey Loperfido*,27,HOU,AL,0.2,20,66,58,7,16,5,0,0,7,1,1,6,19,.276,.348,.362,.711,100,.319,98,21,0,1,0,1,0,7/8H9,
271,Jake McCarthy*,28,COL,NL,0.2,24,66,56,5,15,5,1,0,7,6,2,5,12,.268,.333,.393,.726,94,.341,96,22,0,1,3,1,0,*78/9H,
272,Ezequiel Durán,27,TEX,AL,0.3,23,65,59,9,17,5,0,1,8,3,0,6,13,.288,.354,.424,.778,130,.361,131,25,1,0,0,0,0,/475H96,
273,Tyler Freeman,27,COL,NL,-0.2,18,65,56,4,16,1,0,1,9,2,1,2,7,.286,.355,.357,.712,91,.325,89,20,3,4,3,0,0,9/D4H,
274,Brice Matthews,24,HOU,AL,0.1,23,64,58,6,12,4,0,2,8,1,0,5,25,.207,.270,.379,.649,80,.304,82,22,0,0,1,0,0,7/84H5,
275,Adley Rutschman#,28,BAL,AL,1.1,16,64,59,9,21,6,0,4,17,0,0,5,8,.356,.406,.661,1.067,195,.462,196,39,0,0,0,0,0,2/DH,
276,Jonny DeLuca,27,TBR,AL,0.4,22,63,60,12,17,5,0,2,13,2,1,3,11,.283,.317,.467,.784,117,.342,111,28,3,0,0,0,0,9/H8D,
277,Brent Rooker,31,ATH,AL,-0.5,15,63,54,5,6,0,0,2,8,2,0,7,22,.111,.206,.222,.429,17,.226,19,12,2,0,0,2,0,D/9,
278,Amed Rosario,30,NYY,AL,-0.1,20,63,57,7,15,1,1,4,13,0,0,4,11,.263,.302,.526,.828,126,.352,117,30,1,0,0,2,0,5/49H7D,
279,Ramón Urías,32,STL,NL,0.3,23,63,53,9,9,3,0,2,5,0,1,6,12,.170,.286,.340,.625,79,.290,88,18,1,3,0,1,0,5/H36,
280,Joey Wiemer,27,WSN,NL,0.8,23,63,55,13,18,3,1,3,8,1,0,8,23,.327,.413,.582,.995,179,.425,172,32,2,0,0,0,0,9/8HD1,
281,Lenyn Sosa,26,2TM,AL,-0.4,22,63,61,4,13,5,0,0,7,0,0,0,13,.213,.210,.295,.505,39,.222,25,18,1,0,1,1,0,/D4H3,
281,Lenyn Sosa,26,CHW,AL,-0.3,12,33,33,2,7,3,0,0,3,0,0,0,7,.212,.212,.303,.515,43,.227,33,10,0,0,0,0,0,/DH34,
281,Lenyn Sosa,26,TOR,AL,-0.1,10,30,28,2,6,2,0,0,4,0,0,0,6,.214,.207,.286,.493,34,.215,16,8,1,0,1,1,0,/43DH,
282,Hyeseong Kim*,27,LAD,NL,0.6,21,62,54,7,16,2,0,1,7,5,1,7,13,.296,.371,.389,.760,116,.353,115,21,1,0,0,1,0,6/4,
283,Adrian Del Castillo*,26,ARI,NL,-0.1,16,61,58,6,12,3,0,2,11,0,0,3,19,.207,.246,.362,.608,66,.284,68,21,3,0,0,0,0,/2D3H,
284,Adam Frazier*,34,LAA,AL,0.7,24,61,52,12,14,4,1,1,5,0,0,6,17,.269,.356,.442,.798,124,.357,124,23,0,1,2,0,0,4/7H1,
285,Jorge Polanco#,32,NYM,NL,-0.3,14,61,56,3,10,3,0,1,2,0,0,5,11,.179,.246,.286,.532,51,.240,43,16,0,0,0,0,0,D/3,
286,J.T. Realmuto,35,PHI,NL,0.2,17,61,54,5,14,2,0,1,4,0,0,5,11,.259,.344,.352,.696,92,.315,89,19,1,2,0,0,0,2,
287,Davis Schneider,27,TOR,AL,0.0,24,61,48,12,6,2,0,1,5,0,0,13,18,.125,.311,.229,.541,52,.272,59,11,1,0,0,0,0,7H/4D,
288,Denzel Clarke,26,ATH,AL,-0.5,22,60,53,4,9,1,0,0,6,2,0,4,24,.170,.228,.189,.417,16,.207,1,10,1,0,3,0,0,*8/H,
289,Miguel Amaya,27,CHC,NL,0.7,19,59,50,10,12,1,0,2,6,0,0,7,13,.240,.356,.380,.736,114,.353,129,19,1,2,0,0,0,2/DH3,
290,Nick Castellanos,34,SDP,NL,-0.8,19,59,55,3,9,3,0,1,9,0,0,4,17,.164,.220,.273,.493,36,.232,31,15,1,0,0,0,1,/DH397,
291,Nathaniel Lowe*,30,CIN,NL,0.6,20,59,52,8,15,4,0,5,12,0,0,7,8,.288,.373,.654,1.027,173,.452,183,34,0,0,0,0,0,D/H3,
292,Richie Palacios*,29,TBR,AL,0.4,21,59,47,8,10,1,0,1,5,4,2,8,11,.213,.356,.298,.654,86,.311,91,14,0,3,0,1,0,4/H59,
293,Keibert Ruiz#,27,WSN,NL,-0.4,20,59,56,4,10,4,0,1,9,0,0,1,9,.179,.203,.304,.507,42,.219,28,17,1,1,0,1,0,2,
294,Masataka Yoshida*,32,BOS,AL,0.0,18,59,49,5,13,3,0,0,5,1,0,9,7,.265,.390,.327,.716,106,.344,113,16,0,1,0,0,0,D/H7,
295,Freddy Fermin,31,SDP,NL,0.3,23,58,47,10,8,3,0,0,3,0,1,7,13,.170,.293,.234,.527,49,.274,69,11,0,2,0,2,0,*2,
296,Tristan Gray*,30,MIN,AL,0.1,17,58,52,7,14,1,0,3,13,0,0,3,19,.269,.316,.462,.777,113,.343,110,24,1,1,1,1,0,5/6H34,
297,Jonathan India,29,KCR,AL,0.2,17,58,48,8,8,1,0,2,8,0,0,8,13,.167,.310,.313,.623,76,.310,90,15,0,2,0,0,0,4/H,
298,Drew Millas#,28,WSN,NL,-0.5,23,58,52,5,8,2,0,0,3,0,0,4,16,.154,.214,.192,.407,17,.193,7,10,0,0,1,0,0,*2,
299,Thomas Saggese,24,STL,NL,-0.3,18,57,53,5,9,2,0,0,2,0,1,4,19,.170,.228,.208,.436,27,.195,22,11,2,0,0,0,0,7/6H45,
300,Juan Brito#,24,CLE,AL,-0.5,15,56,51,7,9,4,0,0,3,0,0,4,17,.176,.250,.255,.505,42,.237,38,13,1,1,0,0,0,4/H,
301,Nathan Lukes*,31,TOR,AL,0.3,20,56,52,5,13,4,0,0,8,0,1,1,7,.250,.286,.327,.613,69,.285,75,17,3,2,0,1,0,9/7H8,
302,Christian Yelich*,34,MIL,NL,0.4,15,56,51,10,16,2,1,1,10,3,0,5,14,.314,.375,.451,.826,131,.363,118,23,0,0,0,0,2,D/7H,
303,Harrison Bader,32,SFG,NL,-0.3,15,55,52,4,6,1,0,1,3,0,0,2,17,.115,.145,.192,.338,-4,.151,-18,10,2,0,0,1,0,8/H,
304,Michael Massey*,28,KCR,AL,-0.1,20,55,50,5,11,5,0,1,7,0,0,3,13,.220,.255,.380,.635,76,.274,65,19,1,0,0,2,0,4/759H,
305,José Tena*,25,WSN,NL,-0.1,23,55,51,8,13,1,0,1,7,0,0,3,17,.255,.309,.333,.642,83,.295,82,17,2,1,0,0,0,D/H47,
306,Christian Vázquez,35,HOU,AL,0.7,15,55,49,6,16,4,0,2,11,0,0,5,8,.327,.389,.531,.920,155,.405,156,26,1,0,1,0,0,2/DH,
307,Myles Straw,31,TOR,AL,0.1,24,53,47,13,13,2,0,1,4,1,1,4,5,.277,.327,.383,.710,95,.313,91,18,1,0,1,1,0,*9/H78D,
308,Dane Myers,30,CIN,NL,0.1,27,52,42,12,12,0,0,1,4,2,0,9,9,.286,.423,.357,.780,116,.392,135,15,3,1,0,0,0,*8H,
309,Dalton Rushing*,25,LAD,NL,1.2,15,52,46,13,16,2,0,7,17,0,0,4,13,.348,.423,.848,1.271,249,.546,259,39,0,2,0,0,0,2/DH3,
310,Tyrone Taylor,32,NYM,NL,-0.1,23,52,49,4,11,1,0,2,7,0,0,1,9,.224,.240,.367,.607,70,.265,60,18,0,0,2,0,0,/9H78D,
311,Tim Tawa,27,ARI,NL,-0.4,18,51,44,2,7,2,0,1,6,0,1,5,11,.159,.240,.273,.513,42,.241,44,12,1,0,1,1,0,7/534DH,
312,Will Benson*,28,CIN,NL,-0.3,24,50,42,4,7,1,1,1,3,1,1,8,14,.167,.300,.310,.610,67,.270,58,13,0,0,0,0,1,9/H7D,
313,Luis Campusano,27,SDP,NL,0.7,16,50,46,8,15,7,0,3,10,0,0,4,13,.326,.380,.674,1.054,186,.466,198,31,0,0,0,0,0,2,
314,Tyler Heineman#,35,TOR,AL,-0.5,18,50,45,4,8,0,0,0,2,0,0,1,13,.178,.213,.178,.391,9,.183,-9,8,2,1,3,0,0,2/1H,
315,Kyle Higashioka,36,TEX,AL,0.0,14,50,45,5,10,1,0,1,3,0,0,5,15,.222,.300,.311,.611,82,.281,83,14,2,0,0,0,0,2/DH,
316,Rafael Marchán#,27,PHI,NL,-0.3,15,50,47,3,4,0,0,1,2,0,0,1,10,.085,.140,.149,.289,-20,.158,-23,7,1,2,0,0,0,2/H,
317,Wenceel Pérez#,26,DET,AL,-0.4,17,50,46,6,6,1,0,2,3,0,0,4,5,.130,.200,.283,.483,33,.220,25,13,0,0,0,0,0,9/8H,
318,Sam Antonacci*,23,CHW,AL,0.2,14,49,40,5,9,1,2,1,6,0,2,4,3,.225,.347,.425,.772,116,.344,128,17,0,4,0,1,0,7/4H,
319,James McCann,36,ARI,NL,-0.5,16,49,47,3,9,3,0,0,6,0,0,1,16,.191,.208,.255,.464,28,.208,13,12,3,0,1,0,0,2/13DH,
320,Miguel Rojas,37,LAD,NL,0.7,18,49,44,4,15,3,0,1,5,0,1,3,7,.341,.375,.477,.852,139,.362,137,21,1,0,1,1,0,6/H415,
321,Ty France,31,SDP,NL,0.7,17,48,45,8,13,2,1,3,8,1,0,2,4,.289,.333,.578,.911,148,.393,143,26,0,1,0,0,0,3/5,
322,Andruw Monasterio,29,BOS,AL,0.1,15,48,44,5,10,4,0,1,8,1,1,4,8,.227,.292,.386,.678,91,.297,87,17,1,0,0,0,0,/H346D5,
323,Blake Perkins#,29,MIL,NL,0.2,17,48,41,4,5,3,0,0,5,1,0,5,12,.122,.234,.195,.429,22,.233,30,8,1,1,1,0,0,8/7H9,
324,Vaughn Grissom,25,LAA,AL,0.2,13,47,38,6,13,4,0,1,5,0,0,6,3,.342,.413,.526,.939,164,.400,154,20,2,0,0,2,0,4/3H5,
325,Tyler O'Neill,31,BAL,AL,-0.1,14,47,40,8,9,0,0,1,4,0,0,5,11,.225,.340,.300,.640,82,.306,87,12,0,2,0,0,0,9/HD,
326,Brett Sullivan*,32,COL,NL,0.0,17,47,45,2,13,6,0,0,7,0,0,2,9,.289,.319,.422,.741,96,.328,91,19,1,0,0,0,0,2/H,
327,Drew Gilbert*,25,SFG,NL,0.1,14,46,43,5,12,1,0,2,5,0,0,2,10,.279,.311,.442,.753,113,.329,109,19,0,0,1,0,0,8,
328,Zach McKinstry*,31,DET,AL,-0.3,14,46,43,2,9,2,0,1,5,0,0,3,10,.209,.261,.326,.586,62,.267,57,14,2,0,0,0,0,/459,
329,Jeremy Peña,28,HOU,AL,0.0,10,46,43,5,11,4,0,0,0,1,0,3,6,.256,.304,.349,.653,83,.321,93,15,0,0,0,0,0,6,
330,Joey Bart,29,PIT,NL,0.0,16,45,41,5,8,1,0,1,3,0,0,2,17,.195,.244,.293,.537,49,.241,39,12,0,1,0,1,0,2/HD,
331,Darell Hernaiz,24,ATH,AL,0.1,18,45,39,3,10,0,0,1,4,2,0,5,6,.256,.341,.333,.674,85,.316,79,13,0,0,1,0,0,/546H9,
332,Andrew McCutchen,39,TEX,AL,-0.1,21,45,41,5,8,2,0,1,5,0,0,3,17,.195,.244,.317,.562,66,.268,75,13,0,0,0,1,0,DH/79,
333,Gabriel Moreno,26,ARI,NL,0.5,13,45,40,6,11,5,0,0,5,0,0,3,8,.275,.333,.400,.733,102,.326,98,16,0,1,0,1,0,2/DH,
334,David Fry,30,CLE,AL,0.0,17,44,36,7,8,1,0,1,1,0,0,8,15,.222,.364,.333,.697,97,.331,103,12,1,0,0,0,0,/9H2D3,
335,Edmundo Sosa,30,PHI,NL,-0.1,16,44,42,4,11,3,0,1,7,1,0,2,8,.262,.295,.405,.700,90,.311,82,17,1,0,0,0,0,4/H56,
336,Dustin Harris*,26,2TM,AL,-0.1,14,44,36,6,7,1,1,0,5,3,0,6,6,.194,.318,.278,.596,69,.301,72,10,0,1,0,1,0,/79H,
336,Dustin Harris*,26,CHW,AL,0.2,6,16,12,2,3,1,0,0,1,2,0,4,1,.250,.438,.333,.771,121,.404,134,4,0,0,0,0,0,/9H7,
336,Dustin Harris*,26,HOU,AL,-0.3,8,28,24,4,4,0,1,0,4,1,0,2,5,.167,.250,.250,.500,41,.242,36,6,0,1,0,1,0,/79H,
337,Derek Hill,30,CHW,AL,-0.2,24,43,37,5,9,0,0,1,1,4,3,5,14,.243,.333,.324,.658,86,.291,86,12,1,0,1,0,0,*9/H78D,
338,Jake Meyers,30,HOU,AL,0.2,12,43,37,5,9,2,0,1,4,1,2,4,8,.243,.326,.378,.704,97,.320,109,14,0,1,0,1,0,8,
339,Eli White,32,ATL,NL,0.0,18,43,41,5,8,1,0,2,7,0,0,1,8,.195,.209,.366,.575,58,.266,60,15,0,0,0,1,0,/78H9,
340,Connor Wong,30,BOS,AL,0.6,13,43,37,2,9,5,0,0,5,1,0,4,6,.243,.333,.378,.712,102,.328,101,14,1,1,1,0,0,2/H,
341,Rob Refsnyder,35,SEA,AL,0.0,17,42,37,4,5,0,0,2,3,0,0,4,9,.135,.214,.297,.512,46,.232,42,11,0,0,0,1,0,9/HD,
342,Brandon Valenzuela#,25,TOR,AL,0.2,15,42,40,5,8,0,0,2,3,0,0,2,14,.200,.238,.350,.588,60,.259,50,14,0,0,0,0,0,2/H,
343,Mitch Garver,35,SEA,AL,0.1,13,41,34,4,7,1,0,0,1,0,0,7,11,.206,.341,.235,.577,70,.302,91,8,0,0,0,0,0,/2DH,
344,Kyle Stowers*,28,MIA,NL,0.0,9,41,35,4,8,3,0,0,1,0,1,5,8,.229,.341,.314,.656,86,.283,79,11,3,1,0,0,1,/739D,
345,Austin Hays,30,CHW,AL,-0.4,11,40,39,2,9,1,0,1,6,0,1,1,13,.231,.250,.333,.583,63,.235,46,13,1,0,0,0,1,7/9DH,
346,Austin Hedges,33,CLE,AL,0.1,12,39,35,7,10,2,0,0,2,0,0,3,8,.286,.333,.343,.676,90,.333,105,12,0,0,0,1,0,2/1,
347,Parker Meadows*,26,DET,AL,0.3,12,39,36,3,9,1,1,0,2,3,0,2,10,.250,.308,.333,.641,78,.309,73,12,0,1,0,0,0,8/H,
348,Michael Conforto*,33,CHC,NL,0.1,17,38,30,5,9,4,0,0,5,0,0,7,10,.300,.421,.433,.854,149,.383,150,13,0,0,0,1,0,/H97D,
349,Hunter Feduccia*,29,TBR,AL,0.1,16,38,31,4,7,0,0,0,4,0,0,6,14,.226,.368,.226,.594,71,.293,77,7,0,1,0,0,0,2/H,
350,Zack Gelof,26,ATH,AL,-0.1,16,38,35,6,8,1,0,1,4,2,0,1,9,.229,.250,.343,.593,61,.271,44,12,1,0,2,0,0,8/4H9,
351,Lourdes Gurriel Jr.,32,ARI,NL,-0.3,9,38,36,2,7,1,0,0,4,0,0,2,6,.194,.237,.222,.459,28,.209,16,8,0,0,0,0,0,/7,
352,George Valera*,25,CLE,AL,-0.2,13,38,37,1,8,3,0,0,6,0,0,1,8,.216,.237,.297,.534,49,.265,58,11,1,0,0,0,0,/79HD,
353,Alex Call,31,LAD,NL,0.6,12,37,29,6,9,2,0,0,3,0,1,7,4,.310,.459,.379,.839,141,.378,150,11,1,1,0,0,0,/789H,
354,Jahmai Jones,28,DET,AL,-0.3,20,37,36,3,7,1,0,2,5,0,1,1,13,.194,.216,.389,.605,64,.251,56,14,2,0,0,0,0,DH/97,
355,Isiah Kiner-Falefa,31,BOS,AL,0.0,14,37,35,5,8,0,0,0,3,2,0,2,7,.229,.270,.229,.499,43,.243,36,8,1,0,0,0,0,4/56H,
356,Nick Loftin,27,KCR,AL,0.0,11,37,31,7,8,3,0,0,7,0,0,6,3,.258,.378,.355,.733,108,.365,128,11,0,0,0,0,0,/4537H,
357,Jonah Heim#,31,ATL,NL,-0.3,10,36,32,2,7,3,0,0,2,0,0,4,5,.219,.306,.313,.618,75,.285,73,10,1,0,0,0,0,2,
358,Bryce Teodosio,27,LAA,AL,-0.3,26,36,33,2,8,1,0,0,2,2,1,2,15,.242,.286,.273,.558,59,.246,46,9,1,0,1,0,0,*7/8H9,
359,Eloy Jiménez,29,TOR,AL,-0.1,12,35,31,2,9,0,0,0,3,0,0,3,7,.290,.343,.290,.633,77,.295,74,9,1,0,0,1,0,/DH,
360,Starling Marte,37,KCR,AL,-0.1,12,35,33,2,10,3,0,0,2,0,1,0,10,.303,.314,.394,.708,98,.300,93,13,1,1,0,1,0,/97HD,
361,Ryan Vilade,27,TBR,AL,0.2,15,35,32,4,11,2,0,0,5,1,0,3,7,.344,.400,.406,.806,127,.369,125,13,0,0,0,0,0,/H9374D,
362,Austin Wynns,35,ATH,AL,-0.4,11,35,32,2,3,0,0,0,0,0,0,2,6,.094,.147,.094,.241,-32,.150,-31,3,0,0,1,0,0,2,
363,José Fermín,27,STL,NL,-0.1,13,34,29,2,8,2,0,1,4,0,0,3,7,.276,.333,.448,.782,123,.341,119,13,2,0,0,1,0,/7H8,
364,Rece Hinds,25,CIN,NL,-0.3,10,34,31,2,4,3,0,0,5,0,0,1,16,.129,.176,.226,.402,9,.181,-8,7,0,1,0,1,0,/9H,
365,Reese McGuire*,31,CHW,AL,-0.4,11,34,29,1,5,0,0,0,3,0,0,2,9,.172,.273,.172,.445,29,.227,31,5,0,2,1,0,0,2/1H,
366,Jake Rogers,31,DET,AL,-0.3,10,34,30,2,4,2,0,0,4,1,0,1,10,.133,.176,.200,.376,5,.179,-9,6,0,1,0,2,0,2/1,
367,Paul Goldschmidt,38,NYY,AL,0.2,10,33,28,6,5,4,0,1,4,0,0,4,8,.179,.303,.429,.732,102,.326,99,12,0,1,0,0,0,/3H,
368,Randal Grichuk,34,NYY,AL,-0.3,16,33,31,8,6,4,0,0,2,0,0,1,10,.194,.212,.323,.535,47,.232,34,10,0,0,0,1,0,7/DH9,
369,MJ Melendez*,27,NYM,NL,0.3,11,33,29,4,10,3,0,2,6,0,1,3,12,.345,.406,.655,1.061,196,.436,197,19,0,0,1,0,0,/D7H,
370,Tanner Murray,26,CHW,AL,0.1,13,33,28,2,6,0,0,1,3,0,0,2,7,.214,.281,.321,.603,69,.312,91,9,0,1,1,1,1,/756H,
371,Taylor Trammell*,28,HOU,AL,0.2,10,33,29,4,10,1,1,0,4,1,0,4,9,.345,.424,.448,.873,145,.392,141,13,0,0,0,0,0,/8H,
372,Gabriel Arias,26,CLE,AL,0.2,10,32,30,2,6,1,0,2,4,0,0,2,12,.200,.250,.433,.683,88,.300,82,13,0,0,0,0,0,6,
373,Mookie Betts,33,LAD,NL,0.2,8,32,28,7,5,1,0,2,7,0,0,3,4,.179,.281,.429,.710,98,.314,95,12,2,1,0,0,0,/6,
374,J.C. Escarra*,31,NYY,AL,-0.2,10,32,31,3,6,2,1,0,5,0,0,1,10,.194,.219,.323,.541,49,.267,58,10,0,0,0,0,0,/2H,
375,Jorge Mateo,31,ATL,NL,0.2,17,32,30,9,8,1,0,1,3,2,1,2,13,.267,.313,.400,.713,99,.318,98,12,1,0,0,0,0,6/HD,
376,Jerar Encarnacion,28,SFG,NL,-0.3,15,31,30,1,6,1,0,0,0,0,0,1,7,.200,.226,.233,.459,32,.208,22,7,0,0,0,0,0,/9H3D7,
377,Noelvi Marté,24,CIN,NL,-0.2,11,31,29,2,4,0,0,0,0,1,1,2,10,.138,.194,.138,.331,-8,.175,-6,4,0,0,0,0,0,9/H,
378,Luis Torrens,30,NYM,NL,0.1,13,31,30,2,6,2,0,0,4,0,0,0,6,.200,.200,.267,.467,31,.203,14,8,0,0,1,0,0,2/H3D,
379,Travis d'Arnaud,37,LAA,AL,-0.1,9,30,25,4,4,1,0,0,0,0,0,3,5,.160,.300,.200,.500,45,.286,74,5,1,2,0,0,0,/2,
380,Austin Slater,33,2TM,NL,-0.1,14,30,25,1,4,0,0,0,1,1,0,4,9,.160,.267,.160,.427,23,.221,21,4,0,0,0,1,0,/9H7,
380,Austin Slater,33,MIA,NL,-0.1,12,28,23,1,4,0,0,0,1,1,0,4,9,.174,.286,.174,.460,33,.237,32,4,0,0,0,1,0,/9H,
380,Austin Slater,33,NYM,NL,-0.1,2,2,2,0,0,0,0,0,0,0,0,0,0,.000,.000,.000,.000,-100,.000,-126,0,0,0,0,0,0,/7H,
381,James Outman*,29,MIN,AL,-0.3,24,29,27,6,3,2,0,0,0,4,0,2,11,.111,.172,.185,.358,0,.203,-10,5,0,0,0,0,0,7/H89D,
382,Hao-Yu Lee,23,DET,AL,-0.1,9,27,24,2,5,2,0,1,3,0,0,3,8,.208,.296,.417,.713,96,.318,93,10,0,0,0,0,0,/54H,
383,Sam Haggerty#,32,TEX,AL,-0.1,18,26,25,2,5,0,0,0,1,1,0,1,11,.200,.231,.200,.431,30,.210,28,5,0,0,0,0,0,7H/8D,
384,Ronny Mauricio#,25,NYM,NL,-0.4,8,26,26,2,5,0,0,0,1,0,0,0,10,.192,.192,.192,.385,10,.175,-2,5,0,0,0,0,0,/65DH,
385,Carlos Santana#,40,ARI,NL,-0.5,8,26,24,1,2,1,0,0,0,0,0,2,8,.083,.154,.125,.279,-22,.138,-35,3,0,0,0,0,0,/3,
386,Jared Triolo,28,PIT,NL,-0.3,6,26,23,2,5,1,0,0,1,0,0,2,5,.217,.308,.261,.569,60,.268,58,6,2,1,0,0,0,/65,
387,Griffin Conine*,28,MIA,NL,0.4,11,25,22,6,6,1,0,2,4,2,0,2,6,.273,.360,.591,.951,162,.430,161,13,0,1,0,0,0,/7H93,
388,Santiago Espinal,31,LAD,NL,-0.1,13,25,23,3,5,2,0,0,2,0,0,0,2,.217,.217,.304,.522,46,.229,29,7,3,0,2,0,0,/45H3,
389,CJ Kayfus*,24,CLE,AL,0.0,9,25,22,4,4,1,0,1,2,0,0,2,8,.182,.280,.364,.644,79,.294,78,8,0,1,0,0,0,/79H,
390,Carson Williams,23,TBR,AL,-0.2,7,25,23,4,3,1,0,0,3,0,0,1,9,.130,.167,.174,.341,-4,.159,-20,4,0,0,1,0,0,/6H,
391,Daniel Susac,25,SFG,NL,0.3,11,24,23,1,11,2,1,0,5,0,1,1,3,.478,.500,.652,1.152,228,.484,233,15,1,0,0,0,0,/2H,
392,Addison Barger*,26,TOR,AL,-0.2,8,23,19,1,1,1,0,0,2,0,0,3,6,.053,.174,.105,.279,-21,.148,-27,2,1,0,0,1,0,/9H,
393,Jared Young*,30,NYM,NL,0.4,11,23,20,2,7,2,0,0,2,0,0,2,3,.350,.391,.450,.841,139,.361,129,9,0,0,0,1,0,/3H79D,
394,Nick Allen,27,HOU,AL,-0.1,14,22,20,5,5,1,0,0,0,0,0,2,5,.250,.318,.300,.618,75,.285,72,6,1,0,0,0,0,/6H54,
395,Bryce Johnson#,30,SDP,NL,-0.1,16,22,20,3,5,2,0,0,2,4,1,1,8,.250,.286,.350,.636,76,.303,66,7,1,0,1,0,0,H/79D8,
396,Greg Jones#,28,MIL,NL,-0.7,10,22,21,0,2,0,0,0,1,1,1,0,9,.095,.095,.095,.190,-46,.070,-79,2,0,0,1,0,0,/79H,
397,Otto Kemp,26,PHI,NL,-0.5,10,22,20,0,2,0,0,0,0,0,0,1,9,.100,.182,.100,.282,-20,.149,-29,2,0,1,0,0,0,/7H4,
398,Alejandro Kirk,27,TOR,AL,-0.1,5,22,20,2,3,1,0,1,2,0,0,2,2,.150,.227,.350,.577,57,.258,49,7,1,0,0,0,0,/2,
399,Luis Matos,24,MIL,NL,-0.1,9,21,20,1,4,0,0,0,0,0,0,1,7,.200,.238,.200,.438,25,.207,17,4,1,0,0,0,0,/9H7D,
400,Félix Reyes,25,PHI,NL,-0.2,6,21,21,2,3,0,0,1,1,0,0,0,3,.143,.143,.286,.429,14,.180,-7,6,0,0,0,0,0,/73,
401,Jeimer Candelario#,32,LAA,AL,-0.3,7,20,18,3,2,2,0,0,0,0,0,1,8,.111,.200,.222,.422,19,.200,15,4,1,1,0,0,0,/H35D,
402,Jordan Lawlar,23,ARI,NL,0.2,6,20,18,3,6,1,0,1,2,1,0,1,6,.333,.400,.556,.956,162,.433,165,10,0,1,0,0,0,/78,
403,Tyler Black*,25,MIL,NL,0.2,5,19,18,2,7,2,0,0,6,0,0,1,4,.389,.421,.500,.921,157,.400,154,9,1,0,0,0,0,/DH,
404,Andy Ibáñez,33,ATH,AL,-0.3,11,18,17,1,2,0,0,0,3,0,0,1,2,.118,.167,.118,.284,-21,.193,2,2,0,0,0,0,0,/4H53D,
405,Ryan Kreidler,28,MIN,AL,0.2,5,18,14,2,3,1,0,2,4,0,0,4,3,.214,.389,.714,1.103,200,.458,190,10,1,0,0,0,0,/58,
406,Leo Jiménez,25,MIA,NL,-0.1,8,17,13,1,3,0,0,0,0,0,0,3,2,.231,.412,.231,.643,86,.317,95,3,0,1,0,0,0,/4D56H,
407,Yohel Pozo,29,STL,NL,-0.2,9,17,17,0,2,1,0,0,3,0,0,0,0,.118,.118,.176,.294,-17,.182,6,3,3,0,0,0,0,/H2D,
408,Jose Trevino,33,CIN,NL,-0.1,5,17,16,0,2,0,0,0,0,0,0,1,4,.125,.176,.125,.301,-16,.149,-31,2,0,0,0,0,0,/21,
409,Weston Wilson,31,BAL,AL,0.2,6,17,13,4,4,1,0,0,2,1,1,3,5,.308,.471,.385,.855,144,.391,157,5,0,1,0,0,0,/5H17,
410,Daniel Johnson*,30,HOU,AL,-0.1,6,16,13,1,2,0,0,0,0,0,0,2,3,.154,.313,.154,.466,36,.250,47,2,1,1,0,0,0,/87,
411,Connor Joe,33,SEA,AL,0.0,5,15,14,1,3,1,0,0,2,1,0,1,5,.214,.267,.286,.552,60,.265,54,4,1,0,0,0,0,/39H,
412,Ryan Mountcastle,29,BAL,AL,-0.1,8,15,14,0,4,1,0,0,1,0,0,1,2,.286,.333,.357,.690,95,.310,90,5,0,0,0,0,0,/H3D,
413,Dylan Moore,33,PHI,NL,-0.1,12,14,11,3,0,0,0,0,0,1,0,3,5,.000,.214,.000,.214,-35,.169,-27,0,0,0,0,0,0,H/318D47,
414,Tommy Pham,38,NYM,NL,-0.3,9,14,13,1,0,0,0,0,0,0,0,1,7,.000,.071,.000,.071,-78,.050,-91,0,0,0,0,0,0,/7H,
415,Kyle Farmer,35,ATL,NL,0.0,7,13,12,1,4,1,0,0,3,0,0,0,2,.333,.308,.417,.724,102,.308,89,5,0,0,0,1,0,/HD5,
416,Alejandro Osuna*,23,TEX,AL,0.2,6,13,8,2,3,0,0,0,1,0,1,4,1,.375,.615,.375,.990,202,.448,228,3,0,1,0,0,0,/789,
417,Víctor Robles,29,SEA,AL,-0.2,5,13,13,0,3,1,0,0,1,1,0,0,3,.231,.231,.308,.538,54,.251,42,4,0,0,0,0,0,/9H,
418,Elias Díaz,35,KCR,AL,0.2,4,12,11,2,4,2,0,1,3,0,0,1,1,.364,.417,.818,1.235,239,.520,236,9,0,0,0,0,0,/2,
419,P.J. Higgins,33,CIN,NL,0.0,5,12,10,0,2,0,0,0,1,0,0,1,4,.200,.250,.200,.450,25,.211,13,2,0,0,0,1,0,/21,
420,Christian Koss,28,SFG,NL,-0.2,6,12,12,0,1,1,0,0,0,0,0,0,1,.083,.083,.167,.250,-30,.105,-49,2,0,0,0,0,0,/416H,
421,Shay Whitcomb,27,HOU,AL,-0.1,8,12,11,1,1,0,0,1,3,0,0,1,7,.091,.167,.364,.530,44,.231,34,4,0,0,0,0,0,/5H37,
422,Billy Cook,27,PIT,NL,0.1,19,11,11,5,3,0,0,0,0,2,1,0,4,.273,.273,.273,.545,53,.230,33,3,0,0,0,0,0,H/9783,
423,Johnathan Rodríguez,26,BAL,AL,-0.2,5,11,7,0,0,0,0,0,1,0,0,3,4,.000,.273,.000,.273,-16,.194,9,0,1,0,0,1,0,/9HD,
424,Garrett Stubbs*,33,PHI,NL,0.0,4,11,9,2,2,0,0,0,1,0,0,1,1,.222,.273,.222,.495,38,.221,22,2,0,0,0,1,0,/2H,
425,Colby Thomas,25,ATH,AL,0.0,3,11,9,0,2,0,0,0,1,0,0,2,4,.222,.364,.222,.586,65,.297,74,2,0,0,0,0,0,/98,
426,Andrés Chaparro,27,WSN,NL,0.0,4,10,9,1,2,1,0,0,0,0,0,1,2,.222,.300,.333,.633,80,.288,77,3,0,0,0,0,0,/3DH,
427,Jasson Domínguez#,23,NYY,AL,0.0,3,10,9,0,1,0,0,0,0,0,0,0,2,.111,.200,.111,.311,-10,.259,53,1,0,1,0,0,0,/D7,
428,Braden Shewmake*,28,HOU,AL,0.1,3,10,10,2,2,0,0,1,1,0,0,0,3,.200,.200,.500,.700,89,.298,81,5,0,0,0,0,0,/64H,
429,JJ Bleday*,28,CIN,NL,0.2,3,9,6,1,2,0,0,1,1,0,0,3,1,.333,.556,.833,1.389,273,.547,270,5,0,0,0,0,1,/7,
430,Sam Huff,28,BAL,AL,0.0,3,9,9,1,2,1,0,0,1,0,0,0,5,.222,.222,.333,.556,54,.244,45,3,0,0,0,0,0,/2,
431,Drew Romo#,24,CHW,AL,0.3,3,9,6,2,2,0,0,2,3,0,0,2,1,.333,.556,1.333,1.889,414,.699,359,8,0,1,0,0,0,/2,
432,Travis Bazzana*,23,CLE,AL,-0.1,2,8,6,0,0,0,0,0,0,0,0,2,1,.000,.250,.000,.250,-23,.102,-79,0,0,0,0,0,1,/4,
433,Will Brennan*,28,SFG,NL,-0.2,4,8,8,0,0,0,0,0,0,0,0,0,1,.000,.000,.000,.000,-100,.000,-124,0,1,0,0,0,0,/7DH,
434,Pavin Smith*,30,ARI,NL,-0.1,2,8,6,1,1,0,0,0,1,0,0,2,2,.167,.375,.167,.542,57,.290,73,1,0,0,0,0,0,/D,
435,Deyvison De Los Santos,23,MIA,NL,0.0,3,7,7,0,2,1,0,0,0,0,0,0,3,.286,.286,.429,.714,97,.297,80,3,0,0,0,0,0,/3D,
436,Jared Oliva,30,SFG,NL,0.0,7,7,7,1,1,0,0,0,0,1,0,0,1,.143,.143,.143,.286,-18,.166,-31,1,1,0,0,0,0,/8H7,
437,Yohendrick Pinango*,24,TOR,AL,0.0,4,7,6,0,2,0,0,0,1,0,0,1,0,.333,.429,.333,.762,114,.364,123,2,0,0,0,0,0,/7DH,
438,Ryan Ritter,25,COL,NL,-0.1,6,7,7,1,1,0,0,0,0,0,0,0,3,.143,.143,.143,.286,-23,.130,-49,1,0,0,0,0,0,/4H,
439,Eric Haase,33,SFG,NL,0.1,2,6,6,2,2,1,0,0,1,0,0,0,1,.333,.333,.500,.833,135,.347,120,3,0,0,0,0,0,/2,
440,Esteury Ruiz,27,MIA,NL,0.1,5,6,6,1,2,0,0,1,1,1,0,0,1,.333,.333,.833,1.167,215,.535,220,5,0,0,0,0,0,/978,
441,Ryan Ward*,28,LAD,NL,0.0,2,6,6,0,2,0,0,0,1,0,0,0,1,.333,.333,.333,.667,90,.304,87,2,0,0,0,0,0,/3H,
442,Will Wilson,27,SEA,AL,0.0,2,6,5,1,1,0,0,1,2,0,0,1,1,.200,.333,.800,1.133,217,.462,201,4,0,0,0,0,0,/5,
443,Luken Baker,29,ARI,NL,-0.1,3,5,5,0,1,0,0,0,0,0,0,0,3,.200,.200,.200,.400,11,.183,-4,1,0,0,0,0,0,/3H,
444,Braxton Fulford,27,COL,NL,0.1,3,5,5,2,2,0,0,1,2,0,0,0,2,.400,.400,1.000,1.400,259,.592,281,5,0,0,0,0,0,/HD2,
445,Tyler Tolbert,28,KCR,AL,-0.1,7,5,5,1,1,0,0,0,0,1,1,0,1,.200,.200,.200,.400,13,.130,3,1,1,0,0,0,0,/H46179,
446,Dylan Carlson#,27,CHC,NL,-0.2,3,4,4,1,0,0,0,0,0,0,0,0,2,.000,.000,.000,.000,-100,.000,-120,0,0,0,0,0,0,/H79D,
447,Scott Kingery,32,CHC,NL,-0.2,8,4,4,2,1,0,0,0,0,1,0,0,0,.250,.250,.250,.500,46,.290,41,1,0,0,0,0,0,/HD45,
448,Nicky Lopez*,31,CHC,NL,-0.1,2,4,4,1,0,0,0,0,0,0,0,0,2,.000,.000,.000,.000,-100,.000,-120,0,0,0,0,0,0,/45H,
449,Christopher Morel,27,MIA,NL,0.1,1,4,3,1,0,0,0,0,0,0,0,1,1,.000,.250,.000,.250,-22,.176,-4,0,0,0,0,0,0,/3,
450,Sebastián Rivero,27,LAA,AL,0.1,3,4,4,0,2,0,0,0,0,0,0,0,0,.500,.500,.500,1.000,184,.460,196,2,0,0,0,0,0,/2,
451,Andrew Vaughn,28,MIL,NL,0.0,1,4,4,0,1,0,0,0,1,0,0,0,0,.250,.250,.250,.500,41,.228,33,1,0,0,0,0,0,/3,
452,Aramis Garcia,33,ARI,NL,0.0,3,3,3,0,1,0,0,0,0,0,0,0,1,.333,.333,.333,.667,86,.304,82,1,0,0,0,0,0,/2,
453,Ryan Bliss,26,SEA,AL,-0.1,1,2,2,0,0,0,0,0,0,0,0,0,2,.000,.000,.000,.000,-100,.000,-122,0,0,0,0,0,0,/DH,
454,Jace Jung*,25,DET,AL,0.0,1,2,1,1,0,0,0,0,0,0,0,1,0,.000,.500,.000,.500,53,.356,117,0,0,0,0,0,0,/D,
455,Jarred Kelenic*,26,CHW,AL,0.0,1,2,1,0,0,0,0,0,0,0,0,1,1,.000,.500,.000,.500,55,.356,122,0,0,0,0,0,0,/9H,
456,Jeferson Quero,23,MIL,NL,0.0,1,2,1,0,0,0,0,0,0,0,0,1,0,.000,.500,.000,.500,55,.353,122,0,0,0,0,0,0,/2,
457,Max Schuemann,29,NYY,AL,0.0,1,2,1,0,0,0,0,0,0,0,0,1,0,.000,.500,.000,.500,53,.356,122,0,0,0,0,0,0,/7,
458,Luke Williams,29,ATL,NL,-0.1,2,1,0,0,0,0,0,0,0,0,0,1,0,,1.000,,,,.706,382,0,0,0,0,0,0,/47H,
459,Patrick Wisdom,34,SEA,AL,0.0,1,1,1,0,0,0,0,0,0,0,0,0,1,.000,.000,.000,.000,-100,.000,-108,0,0,0,0,0,0,/DH,
460,Paul Blackburn,32,NYY,AL,0.0,1,0,0,0,0,0,0,0,0,0,0,0,0,,,,,,,,0,0,0,0,0,0,/1,
461,Aroldis Chapman*,38,BOS,AL,0.0,1,0,0,0,0,0,0,0,0,0,0,0,0,,,,,,,,0,0,0,0,0,0,/1,
462,Carlos Estévez,33,KCR,AL,0.0,1,0,0,0,0,0,0,0,0,0,0,0,0,,,,,,,,0,0,0,0,0,0,/1,
463,J.T. Ginn,27,ATH,AL,0.0,1,0,0,0,0,0,0,0,0,0,0,0,0,,,,,,,,0,0,0,0,0,0,/1,
464,Raisel Iglesias,36,ATL,NL,0.0,1,0,0,0,0,0,0,0,0,0,0,0,0,,,,,,,,0,0,0,0,0,0,/1,
465,Reynaldo López,32,ATL,NL,0.0,1,0,0,0,0,0,0,0,0,0,0,0,0,,,,,,,,0,0,0,0,0,0,/1,
466,Brad Lord,26,WSN,NL,0.0,1,0,0,0,0,0,0,0,0,0,0,0,0,,,,,,,,0,0,0,0,0,0,1,
467,Trevor Megill*,32,MIL,NL,0.0,2,0,0,0,0,0,0,0,0,0,0,0,0,,,,,,,,0,0,0,0,0,0,1,
468,Jack Perkins,26,ATH,AL,0.0,1,0,0,0,0,0,0,0,0,0,0,0,0,,,,,,,,0,0,0,0,0,0,/1,
469,Sung-Mun Song*,29,SDP,NL,0.0,1,0,0,0,0,0,0,0,0,0,0,0,0,,,,,,,,0,0,0,0,0,0,/H,
470,George Soriano,27,STL,NL,0.0,1,0,0,0,0,0,0,0,0,0,0,0,0,,,,,,,,0,0,0,0,0,0,1,
471,Gabe Speier*,31,SEA,AL,0.0,1,0,0,0,0,0,0,0,0,0,0,0,0,,,,,,,,0,0,0,0,0,0,1,
472,Robert Suarez,35,ATL,NL,0.0,1,0,0,0,0,0,0,0,0,0,0,0,0,,,,,,,,0,0,0,0,0,0,1,
473,Caleb Thielbar,39,CHC,NL,0.0,1,0,0,0,0,0,0,0,0,0,0,0,0,,,,,,,,0,0,0,0,0,0,1,
474,Victor Vodnik,26,COL,NL,0.0,1,0,0,0,0,0,0,0,0,0,0,0,0,,,,,,,,0,0,0,0,0,0,1,
475,Luke Weaver,32,NYM,NL,0.0,1,0,0,0,0,0,0,0,0,0,0,0,0,,,,,,,,0,0,0,0,0,0,1,
476,Devin Williams,31,NYM,NL,0.0,1,0,0,0,0,0,0,0,0,0,0,0,0,,,,,,,,0,0,0,0,0,0,1,
,MLB Average,,,,,,,,,,,,,,,,,,.243,.323,.393,.715,100,.326,100,,,,,,,,
