"id","name","side","avg_bat_speed","swing_tilt","attack_angle","attack_direction","ideal_attack_angle_rate","avg_intercept_y_vs_plate","avg_intercept_y_vs_batter","avg_batter_y_position","avg_batter_x_position","competitive_swings"
691406,"Caminero, Junior","R","79.605564603",21.758805376397945,6.965168520199809,-4.855573143621811,0.5925925925925926,9.00352002964846,37.34540905608066,28.341889026432206,29.320498049897285,189
519317,"Stanton, Giancarlo","R","79.335077806",27.229663841871112,11.64019573395767,-0.861880897604786,0.7225806451612902,-1.6108280316386523,24.826678215106575,26.43750624674523,34.79565528751535,155
665833,"Cruz, Oneil","L","78.828183957",34.2444148715724,6.936385369395824,-5.585819848526029,0.4130434782608695,5.844476964428408,33.97580235901988,28.13132539459148,26.37240458438554,230
691023,"Walker, Jordan","R","78.121643318",31.713593393954703,8.6293114447696,-5.930584244939018,0.5794392523364484,5.216102154844585,32.044099527177934,26.827997372333353,31.33280235744944,214
701358,"Smith, Cam","R","77.704169953",36.46536627257752,11.69272371923528,-4.10161752661834,0.38139534883720927,0.7713510143316851,33.22923414304188,32.45788312871019,32.1639680325945,215
701762,"Kurtz, Nick","L","77.618406605",37.52073913600537,13.247284641524063,4.364107754824704,0.5255813953488373,0.09221021242517524,22.7005370162952,22.608326803870025,29.58245474474614,215
656941,"Schwarber, Kyle","L","76.94735199",29.07347526167636,13.867888355258724,-9.57429132336537,0.6990291262135923,15.050660737948387,35.67030543577406,20.61964469782567,25.279775042082594,206
666176,"Adell, Jo","R","76.93526845",34.790530064558574,11.267319286100859,-5.33449880204041,0.4728682170542636,1.0178333219959042,27.017250267482943,25.999416945487038,27.414888631798394,258
669003,"Mitchell, Garrett","L","76.721559937",32.597630061303406,11.691486414685384,8.050100361484184,0.60126582278481,-0.6386269256913674,27.522904075645528,28.16153100133689,29.201557510128442,158
641343,"Bauers, Jake","L","76.295151636",33.87892715248926,10.499294952429105,-0.9901241161775378,0.47878787878787876,-4.576474108622551,27.890666741489586,32.46714085011214,27.83441929818032,165
695578,"Wood, James","L","76.204547598",39.639104407644915,12.12105792531622,2.412981848314974,0.45098039215686275,2.5211997420508094,33.84665137359164,31.325451631540833,28.298172452122884,204
665489,"Guerrero Jr., Vladimir","R","76.162503892",28.805531435332107,2.870029186265394,-2.156606896950728,0.38423645320197053,5.316907378365056,34.04328675857515,28.72637938021009,28.408316758013992,203
695657,"Montgomery, Colson","L","76.152429091",33.70010353801047,12.042492980267983,-7.22862834712433,0.5311004784688994,3.4419132612805243,32.35842176454623,28.9165085032657,26.405705234888888,209
695506,"Caglianone, Jac","L","76.091259934",29.78728321992582,7.411538783022894,0.23500329136407894,0.41447368421052627,5.415334912868031,27.34484113576558,21.929506222897547,30.075331420834317,152
677594,"Rodríguez, Julio","R","76.083475866",31.051866373723655,7.234242311639264,-3.452204073533241,0.42519685039370075,11.259984974549843,32.14003416281657,20.880049188266725,30.310351255261804,254
575929,"Contreras, Willson","R","76.060925123",32.20015903177217,10.324363541222526,-5.137048261592137,0.5369458128078819,8.638183945536277,30.92392921328527,22.285745267748997,28.722071736370708,203
673357,"Robert Jr., Luis","R","76.022598481",34.88908011470361,9.830963992412453,-4.477309765887745,0.5126582278481012,0.1890566934148838,27.73569849140781,27.546641797992926,28.98476975741519,158
682663,"Ramírez, Agustín","R","75.95034935",24.455492130820343,8.785650987394007,-6.488556148077161,0.5099999999999999,6.797059243563121,33.352041652553936,26.55498240899081,32.02545484038368,200
592450,"Judge, Aaron","R","75.813843511",38.047047692358746,13.601310969799275,-6.689873653020678,0.4577777777777778,5.535029961473146,30.74366275329631,25.208632791823167,34.04278073401057,225
701350,"Anthony, Roman","L","75.656437885",33.505546460425414,12.052433843829075,-1.448239257896488,0.44871794871794873,7.803668039366588,37.625530267518336,29.821862228151744,24.54871220457444,156
656305,"Chapman, Matt","R","75.548937053",26.372306432457467,2.625085222635242,-1.090012955450539,0.38421052631578945,-2.4642461552639405,25.590719980551807,28.054966135815746,28.217850653275843,190
682985,"Greene, Riley","L","75.508210701",43.64975171049185,14.774777202709569,0.2930420937902743,0.46728971962616817,2.0369996378660122,33.08761539700545,31.05061575913944,24.81578145893079,214
660670,"Acuña Jr., Ronald","R","75.444667382",37.95731237839505,10.952523202159053,5.212261128066451,0.5751072961373389,0.10061340448409789,31.372778899913516,31.272165495429416,25.29129671120484,233
696100,"Goodman, Hunter","R","75.41282206",23.871988994312268,14.706568453799633,-8.252978258056926,0.64321608040201,11.711931567437388,39.65571747506542,27.94378590762803,30.49244819624661,199
670541,"Alvarez, Yordan","L","75.388744406",36.03034409390061,9.845801547393005,-6.90827199765377,0.5099009900990099,10.448673069316337,36.78169643902748,26.333023369711142,29.413534061666294,202
695600,"Jensen, Carter","L","75.363599636",24.659392157993132,6.118307037352166,-8.069096675402344,0.47878787878787876,13.259715258573825,39.398771872754025,26.139056614180195,26.96371881494609,165
670042,"Raley, Luke","L","75.351395148",32.154410782525844,15.816236814124188,-2.0779327371580867,0.5384615384615385,3.6683599954262034,32.001372218438625,28.333012223012418,28.995519360462726,169
694212,"Basallo, Samuel","L","75.293116486",32.80464748898403,12.394485930340988,-5.94221159587989,0.5067567567567568,1.8756733562113967,35.428652645024115,33.552979288812715,25.10803395547622,148
670242,"Wallner, Matt","L","75.154812537",27.412812353519772,10.718268368280926,-5.726777095660113,0.6097560975609756,9.261775538970094,35.84868708002403,26.58691154105393,31.972409606370082,205
545361,"Trout, Mike","R","75.067542965",34.552311852506726,7.364237874302387,-3.540826189672145,0.49246231155778897,-0.7042762490320752,26.91281210246016,27.617088351492228,24.661314878733535,199
669127,"Langeliers, Shea","R","75.063658093",30.874367085534075,11.32330022463019,-2.5177436432825178,0.6186440677966103,6.6640442488853315,34.535703963503856,27.871659714618527,30.77221493532346,236
683146,"Baty, Brett","L","75.05485512",37.2584086724442,10.246927598526229,1.682413049876098,0.46987951807228917,1.6513450334663713,30.267935486465785,28.616590452999414,28.816408655737455,166
682998,"Carroll, Corbin","L","75.037148187",27.249291628230303,12.224711791732805,0.5238881955966552,0.6432748538011696,3.8176734665183636,34.81824756990422,31.00057410338586,32.94586458581054,171
804606,"Griffin, Konnor","R","75.026647029",31.38370422630686,8.8333577236373,0.03836072832229098,0.4628571428571429,2.5819266287828375,31.58009284317434,28.998166214391503,30.413945605487935,175
699912,"Fernandez, Jose","R","75.02271093",32.54939205559521,8.156777619115003,-6.2396363222822275,0.5116279069767443,3.72437691797386,31.76088821032787,28.03651129235401,29.37980025941538,129
657757,"Sheets, Gavin","L","74.971554412",29.47657770964948,7.678573706560536,-4.872831205311289,0.45588235294117646,0.8523023061315282,30.857620149647325,30.005317843515805,27.322685365111123,136
671739,"Harris II, Michael","L","74.937175",31.289971974261316,7.182645007997662,-1.2967850021576195,0.45312499999999994,1.218193536124196,30.576179123580232,29.357985587456042,28.60720217743367,192
663586,"Riley, Austin","R","74.886108109",31.177331819219976,11.609756283699022,-4.246042919117169,0.46218487394957974,6.161747965185572,35.46950254788268,29.307754582697115,28.713409561217173,238
663728,"Raleigh, Cal","R","74.882417739",34.81784850437505,16.688651781932627,-4.422668286605686,0.48056537102473496,3.8407848868939745,33.48275373721738,29.641968850323405,24.665470272637123,283
682829,"De La Cruz, Elly","R","74.879466308",33.981572214976026,9.871583200592573,-2.107577899014799,0.5025641025641026,10.039755281573084,38.44001402442717,28.40025874285408,26.956054723818262,195
686948,"Baldwin, Drake","L","74.84061755",33.91451470971072,13.031270333896451,3.204576673311658,0.49799196787148586,1.8491359289502207,29.7819736173938,27.932837688443573,27.805088653860324,249
808959,"Murakami, Munetaka","L","74.816357212",34.539791997279394,18.476617747995913,-3.053500968821234,0.485576923076923,5.363741730163401,33.65696915109516,28.29322742093176,28.649455856046124,208
660271,"Ohtani, Shohei","L","74.619435143",37.718343706592265,13.359798845971916,-0.015116919638479054,0.5571428571428572,-3.692783320197178,26.839093798158846,30.531877118356025,31.559929273957117,210
691777,"Muncy, Max","R","74.597859348",31.134722244654174,11.206932664462713,-7.811933516773482,0.5652173913043479,8.837769266268912,34.0773264019576,25.23955713568868,27.253864147229816,184
682626,"Alvarez, Francisco","R","74.500294395",28.199840627392526,9.563619136140227,-2.1807686317405275,0.6369426751592356,2.5422851431780136,28.510376480364773,25.968091337186756,28.684354573203347,157
665487,"Tatis Jr., Fernando","R","74.489392169",30.045768787594337,6.312758873945377,4.603225508978029,0.5132275132275133,2.213011911740308,28.3054989320076,26.092487020267285,30.11394136968779,189
624585,"Soler, Jorge","R","74.48809215",33.91193854340252,13.415636346596482,-9.764956684561849,0.5233644859813084,2.6022842380378215,30.276421945955466,27.674137707917644,30.49411339434481,214
621566,"Olson, Matt","L","74.475803695",34.064749119638854,10.665833367877356,-2.1519074231759148,0.5301204819277108,6.257437086944346,36.411178921896166,30.15374183495183,31.199629168277763,249
683002,"Henderson, Gunnar","L","74.47125434",30.92727164354635,13.299560186959452,-2.9656950256992145,0.4981132075471698,8.688400637840529,35.36543478294346,26.677034145102933,24.129843921702367,265
683357,"Caissie, Owen","L","74.4304",35.86493862235702,11.004464740591274,-1.7664728122215525,0.3393939393939394,3.338090127709919,33.14775439217811,29.809664264468196,28.279931591618624,165
680776,"Duran, Jarren","L","74.38792526",26.84984203997739,7.703771062081679,-3.257726172484875,0.514450867052023,6.513201450573856,34.90070880394165,28.387507353367788,30.008260439525504,173
671056,"Herrera, Iván","R","74.367147184",29.401872688538855,8.48533146285704,-4.231329724319491,0.5388349514563108,4.0892772974933465,34.475235575606845,30.385958278113495,26.371185064776085,206
606466,"Marte, Ketel","R","74.329694574",31.658647195387093,9.145947842313545,-7.174251785669263,0.5638297872340424,5.417128526208783,36.431815601780364,31.01468707557158,22.575565744714634,188
572233,"Walker, Christian","R","74.065877814",28.648792112395736,7.503873957436266,-4.018032775333914,0.4790697674418605,1.8836921131714142,30.800186217794646,28.91649410462323,27.138003133716808,215
669394,"Burger, Jake","R","74.047173081",25.490487836073314,9.082041327223846,-7.847057722332232,0.6208530805687205,9.95399299413814,32.624944759276104,22.670951765137964,30.961437709202222,211
677800,"Abreu, Wilyer","L","74.028810887",32.90918171361687,7.1446164607661435,0.3646314591520097,0.4876847290640394,-1.3712225334496555,28.511103998853827,29.882326532303477,27.229340649803987,203
624413,"Alonso, Pete","R","73.998573366",33.58281072309529,10.600327176244894,2.3133362769760955,0.5853658536585366,2.3923119272060287,27.733023470053237,25.340711542847206,27.060243395852766,205
691016,"Soderstrom, Tyler","L","73.86044487",28.324816048901532,10.378956578919647,-2.8892026264019663,0.533678756476684,2.0383161851298093,29.265614020090307,27.227297834960503,31.741023214052227,193
666160,"Moniak, Mickey","L","73.79410558",32.74079289372626,14.178970268991236,-8.529962471434667,0.5524861878453039,5.979391244649579,31.46808453499195,25.48869329034237,30.402585123039266,181
671732,"Butler, Lawrence","L","73.784242924",31.425542078592493,5.29370421778531,5.063585708823404,0.3859649122807018,-0.9139339404067846,25.46963986053258,26.383573800939363,31.023394681365197,171
691718,"Crow-Armstrong, Pete","L","73.782001453",33.87885524708967,15.684231863076048,-7.205549750477047,0.5256410256410257,8.386585846793029,38.25610491875439,29.86951907196137,27.23210286843813,234
542303,"Ozuna, Marcell","R","73.70269453",36.58877224467,15.491788762541608,-5.136898704352812,0.5138121546961325,-0.7213808399876902,33.451588258693214,34.1729690986809,25.90438557472445,181
547180,"Harper, Bryce","L","73.584692315",37.2618337551632,14.145367492596007,-5.602790855759274,0.4722222222222222,10.692562674999708,35.34277416872811,24.650211493728406,30.116688684070244,216
621043,"Correa, Carlos","R","73.546028955",35.417408365724626,7.433849369275556,-1.4598278613106155,0.39303482587064675,1.743951680133487,28.113493158515872,26.369541478382388,29.823373350001393,201
701538,"Merrill, Jackson","L","73.538685023",39.500023466703894,10.209248814820116,-0.37452198083020527,0.4524886877828054,0.6163961139095301,28.211828089711364,27.59543197580183,27.816570264957047,221
666139,"Lowe, Josh","L","73.48015152",37.687373061722305,12.713787608977142,-3.268253388403256,0.43859649122807015,7.262872988733774,33.263590665471376,26.0007176767376,28.81171817051486,171
592518,"Machado, Manny","R","73.45442731",27.074195963480758,4.510726890453892,2.70902801432305,0.43859649122807015,-0.5467969357792084,27.702771219350943,28.24956815513015,30.725411807408584,171
694208,"Ballesteros, Moisés","L","73.442762366",29.442326205532517,9.003121129757842,2.162166844661364,0.6412213740458015,2.7767491316569384,35.44582936552387,32.669080233866936,29.666229756904922,131
671277,"García Jr., Luis","L","73.41890023",27.307540714278712,10.004338621190819,-3.3238430380349913,0.6609195402298851,5.028297475905399,33.715386786003705,28.68708931009831,27.401707403609834,174
661388,"Contreras, William","R","73.411739448",26.912234499080206,10.416382349218326,-0.9144610294673586,0.6519337016574586,3.930476758880422,31.624804039914093,27.694327281033672,29.054917362383367,181
681624,"Pages, Andy","R","73.309395812",41.53339231906066,6.418467905141639,-2.410376994745898,0.41452991452991456,-0.9573335111325871,28.992814183205272,29.950147694337858,27.948824295621037,234
677951,"Witt Jr., Bobby","R","73.242583014",28.051713318234324,5.681652546318685,-1.909044545384053,0.4840182648401827,2.3138245553051386,28.653662997076538,26.3398384417714,25.874785662623104,219
672960,"Okamoto, Kazuma","R","73.234027044",29.512131996838814,15.277777001641804,-5.317679418988864,0.5960591133004925,6.297326116611885,29.55764259830964,23.260316481697757,28.068694031153477,203
679529,"Torkelson, Spencer","R","73.179113222",37.403603395850034,15.620815574316067,-8.566158525202964,0.5111111111111112,-0.12538295435465316,31.189355805601544,31.314738759956203,28.543112937821228,180
662139,"Varsho, Daulton","L","73.177891649",28.009135031513022,8.85242466337331,-1.5373165802372901,0.5372340425531915,-1.354214386613362,27.06072680165599,28.414941188269346,28.15947539887758,188
621439,"Buxton, Byron","R","73.146610225",34.32287951523038,14.507862754697806,-10.685423915103835,0.545045045045045,5.366655471019231,29.909738896883688,24.54308342586446,26.53766044477225,222
691781,"House, Brady","R","73.133106439",37.08782835274894,7.915360198760329,4.937349784145098,0.4780487804878048,2.748480633268371,27.990076820957277,25.241596187688913,28.15105551175085,205
680777,"Jeffers, Ryan","R","73.122506284",29.075808873278707,9.26644420942091,-2.520055515059159,0.5135135135135136,-0.33108807138893886,30.471380193274197,30.80246826466314,25.87169496127979,148
678246,"Vargas, Miguel","R","73.101240808",34.52478097961558,11.168774421136716,-1.2951554016842457,0.6313131313131313,1.809263831738873,32.770353475837005,30.961089644098138,28.979907866795422,198
668901,"Vientos, Mark","R","73.07863902",31.86796844691899,12.96649031154211,-0.1167597405228954,0.6143790849673203,2.2609373239259067,29.959632578622724,27.69869525469682,27.173552973150738,153
672275,"Bailey, Patrick","R","73.051309478",32.97047354662835,4.980969568198126,-1.3121831007150642,0.34328358208955223,-1.8749103165268566,27.77882448808949,29.65373480461635,29.77789714004929,134
663604,"Lockridge, Brandon","R","72.987026906",29.495424260977337,4.592727472538957,7.625284404259005,0.4676258992805755,-2.1618543615273196,26.935741929730256,29.09759629125758,31.565687954307045,139
664040,"Lowe, Brandon","L","72.98683555",33.62459620745699,15.242537438052892,-2.5837807228477105,0.4724770642201835,7.495793081718118,34.70070802567433,27.204914943956215,25.408154637562898,218
596019,"Lindor, Francisco","R","72.973741351",34.19630375929119,12.969991715524129,-2.806002691933948,0.5513513513513513,3.951400686081708,31.01540901069757,27.064008324615862,25.45957596521393,185
669224,"Wells, Austin","L","72.966410432",31.831470880870516,11.259799945040267,-5.328632730420332,0.5323741007194244,-0.8696120066880567,28.562660594058016,29.43227260074607,23.955931395656123,139
665862,"Chisholm Jr., Jazz","L","72.944205105",31.33453435450826,14.48520140734186,-7.660714564877573,0.6578947368421053,1.6396782837116757,31.90270151080283,30.26302322709115,25.880381551925506,190
668804,"Reynolds, Bryan","R","72.887831878",38.645757684760326,9.46707891549187,3.6794210374094205,0.4272300469483568,-1.4638085862578984,24.589493878615503,26.053302464873404,28.376596450212777,213
669236,"Jackson, Jeremiah","R","72.829342796",26.364418789575573,10.039404260629965,-2.158999343573017,0.618279569892473,2.782791380229086,30.987322035843803,28.204530655614718,30.78094132910729,186
677942,"Alexander, Blaze","R","72.792615448",37.1736317632148,10.251338766781014,8.71111033191307,0.5149253731343284,-6.730569026284912,25.287571798282645,32.01814082456756,28.94262454474912,134
650490,"Díaz, Yandy","R","72.774651117",23.101451788986974,1.8452244699611957,8.93008606800247,0.324468085106383,-0.5874405621647278,27.85158591496462,28.439026477129346,30.229097592799242,188
660821,"Sánchez, Jesús","L","72.735064882",29.645001020099688,6.807004342679925,4.536801484320255,0.46470588235294114,6.527275197395784,33.293970900405036,26.766695703009248,28.113875589184335,170
690993,"Keith, Colt","L","72.635616165",32.1343249317889,11.652765456493842,-2.5590814836898566,0.5413533834586467,7.5718574033193935,31.093530358406124,23.521672955086732,29.340111487221897,133
694671,"Langford, Wyatt","R","72.605462979",30.95043360042968,8.40332734113257,-4.8473478687486775,0.46099290780141844,3.2581245565531667,31.20051818572503,27.942393629171864,28.68945357204935,141
595879,"Báez, Javier","R","72.501801733",28.791703203318104,8.25908885599741,-6.401926954850015,0.56,4.949297603552944,31.072037226739596,26.122739623186654,29.30502740056114,150
656555,"Hoskins, Rhys","R","72.501079197",32.34656915186273,16.100391189088054,-5.17131768945298,0.5766423357664233,2.1868918003249154,33.55691409722569,31.370022296900785,28.392426414118024,137
802139,"Wetherholt, JJ","L","72.49471296",31.942693245821836,14.303567272520064,1.7831080180360792,0.6547085201793722,-0.6128102806244233,31.171123615200987,31.783933895825406,26.481205440207827,223
700250,"Rice, Ben","L","72.328911813",31.943125779865124,11.62403134541515,-5.027584632285314,0.5497076023391813,-5.111689552810796,28.60266206797836,33.71435162078917,27.72877031431432,171
669357,"Gorman, Nolan","L","72.32816681",32.069406296489674,17.979296928591893,-7.885222723443264,0.4666666666666666,7.276602898556165,35.53924587054869,28.262642971992527,28.039828276319277,210
607043,"Nimmo, Brandon","L","72.223846682",29.589244449016018,6.985565843019765,0.6885595274203568,0.5227272727272727,2.3916934883693357,29.61064416785593,27.21895067948659,30.67795207999663,220
673237,"Diaz, Yainer","R","72.179745864",29.152287896971814,7.109503739403651,4.644471500148503,0.5308641975308642,0.9123040922303212,30.004865246462167,29.09256115423185,29.00605997901881,162
642715,"Adames, Willy","R","72.160070841",33.570350450570224,15.12900661939068,-2.1071728697901073,0.6542056074766355,-0.16883569553876818,29.063997360250493,29.232833055789264,29.283204128172287,214
681481,"Carpenter, Kerry","L","72.121134088",37.21035076620387,20.247076202453094,-2.1731822333213513,0.4150943396226414,-3.8536388631240017,27.83882504640988,31.692463909533878,29.984021668431623,159
630105,"Cronenworth, Jake","L","72.120578231",32.054269180456366,8.739506643106834,-2.0112894265825902,0.33333333333333337,0.25315597620591207,32.268320169943856,32.015164193737945,28.315373185178796,147
672580,"Garcia, Maikel","R","72.111898165",26.954406577537195,5.111177654051578,-0.4042033685192258,0.4873417721518987,3.7080039143999928,33.082051433857075,29.374047519457083,25.921468132817353,158
682928,"Abrams, CJ","L","72.068494078",29.73289734286387,12.814739755906082,-6.433104448621459,0.5776699029126213,4.424968227784481,32.49179603821759,28.06682781043311,29.44525505954127,206
606192,"Hernández, Teoscar","R","72.040392614",33.52637206090088,10.993125264666043,1.7660473487837285,0.5056818181818181,-1.5494670805389659,29.815182564143306,31.364649644682267,30.069775152913166,176
657656,"Laureano, Ramón","R","72.011476479",33.1626166678647,15.034327773605813,-2.2341629623699926,0.4647887323943662,6.104642794228246,34.03276370647985,27.928120912251607,32.264513489434954,213
660162,"Moncada, Yoán","R","72.006425368",37.82652405884288,10.429976541456712,-2.2118332201779287,0.375,14.378535964166488,32.359791911205626,17.98125594703914,26.00744873792529,136
592626,"Pederson, Joc","L","71.993177206",28.29185253172485,8.756798186886995,-0.10485685497717513,0.5147058823529411,-3.396968270836823,27.925846229515354,31.322814500352177,24.281666626924977,136
641487,"Crawford, J.P.","L","71.944307328",36.292490680518014,8.780007341349444,0.6182556373004475,0.5114503816793894,2.847307374275651,37.903945195760954,35.0566378214853,27.80291964984527,131
676475,"Burleson, Alec","L","71.929217184",35.47911433332263,11.514090595045927,5.200362903680645,0.5631067961165048,-2.5047643544268055,29.74669289583935,32.25145725026616,22.634427002283115,206
664023,"Happ, Ian","R","71.92140922",32.87512437978972,12.596140566855247,-7.524034504945094,0.47317073170731716,4.711729013132924,36.113939715958296,31.402210702825364,26.80152072112897,205
669477,"Schmitt, Casey","R","71.909037962",33.89381936358724,10.215705727177008,-7.8922081257692165,0.5286624203821656,4.792162457209126,32.75112915675233,27.958966699543193,22.947643742722676,157
686668,"Doyle, Brenton","R","71.907611",30.00830923103518,11.333129785098336,0.8293682729344475,0.5666666666666667,4.072266773742471,28.247527636972126,24.175260863229656,29.869257376317215,150
680574,"McLain, Matt","R","71.894525619",31.34689150473584,10.176619211381542,1.469101680552127,0.5824742268041238,7.072154080808875,30.352416143958713,23.280262063149838,26.863020396718635,194
702284,"Young, Cole","L","71.873018255",28.175500125537162,7.282385926143364,-3.64157594946707,0.570754716981132,2.4354626741982166,31.50112374279529,29.065661068597073,21.06071868216011,212
681351,"O'Hoppe, Logan","R","71.862100064",32.15920000091384,14.509258635970141,-7.49969184343897,0.5668789808917197,5.427397241662671,34.7496999762657,29.32230273460303,26.91343010612342,157
605137,"Bell, Josh","R","71.851907535",33.9201544488721,10.514976265662154,-3.6957027747352833,0.6232558139534883,-2.1233418810912124,27.23969630325973,29.363038184350938,27.69671907053395,215
608369,"Seager, Corey","L","71.849599174",33.48896060527243,15.335173219070294,1.1922819481462774,0.5826086956521738,7.433960349292593,34.06084986270745,26.62688951341486,28.181183425244534,230
663656,"Tucker, Kyle","L","71.848462368",35.221411015421,9.762338760827962,-7.642469125088688,0.44298245614035087,-1.4035807165621832,28.348358118030678,29.751938834592856,27.535570169626038,228
672724,"Peraza, Oswald","R","71.809859701",28.97486914984455,9.235469851135475,-4.59549819136498,0.5808383233532934,0.5813348151107389,30.14598330522072,29.564648490109985,27.983182966840022,167
672640,"Lopez, Otto","R","71.807724839",30.00544880646881,5.7378901446825505,-3.328259066032769,0.44623655913978494,4.78781380141799,32.377198482061225,27.589384680643235,27.836295898554553,186
665019,"Clemens, Kody","L","71.717428043",29.14609835824119,10.725899555827036,-1.6436354098826655,0.6304347826086956,0.0010367553781432115,33.651086551664335,33.6500497962862,26.567350294086303,138
687637,"Beavers, Dylan","L","71.715891837",38.002077943746514,8.976190500030137,-4.493643952272241,0.47619047619047616,-1.124814210218544,31.384440401850583,32.509254612069135,25.678325547320892,147
666969,"García, Adolis","R","71.684535171",28.933857883483203,9.808594519037182,-1.9085657582283038,0.5951219512195122,1.69460728282508,32.560088262155794,30.865480979330716,26.67544215787845,205
671218,"Ramos, Heliot","R","71.668692457",33.51452046054936,7.475224180726216,4.4852546407837846,0.4698275862068966,-0.9674357881567273,25.736497111826715,26.703932899983442,28.19027724672782,232
607208,"Turner, Trea","R","71.605756514",25.703468842511324,10.310478089678362,-7.614745576251317,0.6880733944954128,4.630772624312268,32.10100136858937,27.470228744277104,30.982755043013686,218
678662,"Tovar, Ezequiel","R","71.593763891",35.889295915631145,10.86773407592337,-2.2374330249850267,0.4686192468619247,1.8815732779860064,29.86373277572752,27.98215949774151,23.28571660096264,239
800050,"DeLauter, Chase","L","71.585511258",29.0484194376986,4.865003572508397,-2.0745152080322677,0.49056603773584906,3.9021650357609445,29.691100536688197,25.788935500927252,29.325980724863705,159
805808,"McGonigle, Kevin","L","71.556102535",37.97001728185472,16.55085442078482,-2.2459338240952835,0.5258215962441315,9.296048663053408,37.9746782582075,28.678629595154106,27.15531368819505,213
682177,"Schneemann, Daniel","L","71.455666774",31.8213421268172,13.804879834969782,-1.9763689812814662,0.5741935483870968,4.840823898922024,35.66655054921073,30.82572665028871,24.847622066634496,155
701807,"Benge, Carson","L","71.393447866",32.33704801921405,1.2652941738114931,7.679486703430463,0.3719512195121951,2.3316298347868414,30.80945502845239,28.477825193665552,26.969226281906103,164
663886,"Stephenson, Tyler","R","71.363535597",38.52522765336769,13.179074801396121,3.102512252165495,0.5970149253731344,0.9601416010405277,28.850081578852496,27.88993997781197,29.38413500239173,134
693307,"Dingler, Dillon","R","71.357183372",41.71693103056848,12.287892266953099,2.6554849460499623,0.6046511627906976,-1.025917810537009,27.33248177539361,28.358399585930623,28.84460678788706,172
521692,"Perez, Salvador","R","71.329195492",35.08694643365801,12.221164339592697,-5.840027045564734,0.5983606557377049,1.8179162794942112,31.217389678911506,29.39947339941729,27.04606200973347,244
650489,"Castro, Willi","R","71.321620062",37.545863562604126,7.707180012789871,0.36384314619216324,0.4567901234567901,-1.6012084976784422,28.996704859459484,30.597913357137926,24.842487604631668,162
593428,"Bogaerts, Xander","R","71.308359241",32.352846577595,11.688474932606946,-5.19754360682806,0.5655172413793104,8.96553884157965,33.658906567720585,24.693367726140934,28.9519371198816,145
571970,"Muncy, Max","L","71.270746384",33.169624069509275,15.55121065924296,-5.943674744527026,0.519774011299435,8.88221600707841,37.538876308028,28.656660300949596,29.49291678503725,177
701398,"Stewart, Sal","R","71.264127105",32.40248109589554,9.912171758182467,6.4116984089485864,0.5526315789473684,6.663236820866158,27.998019639030964,21.334782818164808,29.627840880056933,228
682657,"Martínez, Angel","R","71.222533315",33.50415173948214,9.77020118080553,-7.293380441221355,0.4831460674157303,4.286111645234218,36.17579016973841,31.889678524504202,24.850159912442997,178
596115,"Story, Trevor","R","71.201835614",28.60779699180115,9.86517000977241,-2.899585538004531,0.5482456140350876,8.589483469883454,34.63446563469623,26.044982164812765,29.915844650453426,228
673962,"Jung, Josh","R","71.179009709",36.07673505326662,12.092049804583855,0.8434151421394815,0.5872093023255813,9.972496481597053,30.681207101615836,20.70871062001878,24.82898126032735,172
668715,"Steer, Spencer","R","71.163099444",29.361386000359264,12.82233176439864,-2.101739580964853,0.5864197530864198,2.955716513400365,30.56622619481826,27.610509681417895,26.746314991884585,162
646240,"Devers, Rafael","L","71.158645021",31.026089467991998,9.097114666216726,5.775294987734682,0.6182572614107884,4.613929428804674,28.666243937049952,24.052314508245274,25.73219113071438,241
664761,"Bohm, Alec","R","71.14606239",29.413754768790735,5.965324458921374,3.39917732109547,0.5157232704402516,1.7821590949402586,27.528394291949223,25.74623519700896,29.60960985422422,159
608348,"Kelly, Carson","R","71.038592868",33.10044052533195,10.723292975977417,-4.878955270464031,0.4806201550387597,0.06522079740495118,30.832815918397284,30.76759512099233,30.022491300624583,129
669016,"Marsh, Brandon","L","71.035469942",37.47991987770422,9.430216344485936,-1.3910189488268563,0.4127906976744185,0.1835597301467243,27.842263809497247,27.65870407935052,30.95868867596471,172
701675,"Church, Nathan","L","71.008412905",30.814444220617677,7.704822862068765,-4.3245475099101105,0.41891891891891897,2.8439945618639846,31.866743291930256,29.022748730066276,28.16982944225099,148
621020,"Swanson, Dansby","R","70.996235165",34.33045608316066,14.875086751005641,-2.9140941181811226,0.6208791208791208,1.4420824314484462,33.14310679571738,31.70102436426894,27.065825364970323,182
670770,"Friedl, TJ","L","70.955238994",28.43332879498861,9.79432961569206,-6.003986269953062,0.6540880503144655,7.935380051183936,38.97843945063412,31.043059399450186,24.179753112379473,159
553993,"Suárez, Eugenio","R","70.938870191",38.24546731528969,16.61158924195822,-2.9213997702338035,0.464968152866242,14.648888136628035,32.92793939938596,18.279051262757935,24.001638279172322,157
518692,"Freeman, Freddie","L","70.904623333",42.57228248824621,8.315150393713997,0.09269420201865199,0.4504504504504504,-2.5078982689761604,27.3879986533998,29.895896922375965,31.075999149956058,222
666397,"Julien, Edouard","L","70.901059394",42.95478265138686,11.840199811670171,7.019710246755136,0.3787878787878788,-2.502179532553216,27.172304109651677,29.674483642204894,29.123652670102338,132
571448,"Arenado, Nolan","R","70.899334474",32.66199143979484,12.727756829651222,-10.889942641927952,0.5789473684210527,4.321253635696927,35.366470869715826,31.045217234018907,30.50664919090391,152
668930,"Turang, Brice","L","70.877403027",36.27209778320987,8.983669987339598,7.531684977902978,0.5243243243243243,-0.2887056275761424,31.761061538944514,32.04976716652067,25.197070835061098,185
573262,"Yastrzemski, Mike","L","70.709449618",30.710359978633043,10.297045930461787,-2.528182204327428,0.6305732484076433,0.4752149025294634,31.882894408319366,31.407679505789908,23.844515046697538,157
656811,"O'Hearn, Ryan","L","70.69243204",31.468435612698343,10.55298873192814,1.343145183157882,0.482587064676617,1.0757452695986964,25.668094313484005,24.59234904388531,31.69902295518334,201
656775,"Mullins, Cedric","L","70.608816082",30.1350742081034,12.551749202898455,-5.967714146479859,0.6023391812865497,-1.3430646146977163,30.02557844115659,31.36864305585431,24.292079415831513,171
605170,"Caratini, Victor","R","70.595310458",35.146467743544164,10.593212291062041,0.05548634157504084,0.5648854961832062,6.169125215580279,35.849967057108145,29.68084184152787,23.941157602945207,131
693304,"Gonzales, Nick","R","70.551795118",35.02043900834013,9.659399780713331,-0.3678060921338624,0.4834123222748815,-3.306978377931926,28.546855341545207,31.853833719477134,26.02748780173392,211
805300,"Marsee, Jakob","L","70.495426649",28.847746440538877,6.302159628402043,-6.3543234991523025,0.5051546391752577,7.101830318162772,35.51209041835447,28.41026010019169,27.561636238872744,194
666126,"Cortes, Carlos","L","70.430300391",25.93441122329616,6.67103624527905,1.473237362289951,0.46875000000000006,9.092045605541426,27.93225870148454,18.840213095943113,31.933640311684346,128
666018,"Aranda, Jonathan","L","70.419674313",34.228336735109096,8.710510336149241,2.8380622906411057,0.5023696682464455,0.31595652991572964,27.3679248446724,27.051968314756664,27.727722345243045,211
700932,"Manzardo, Kyle","L","70.41734982",37.626153719184245,16.44069417009833,0.4891145815341809,0.5389221556886228,10.309182588137515,33.915851821879144,23.606669233741627,31.673975138738413,167
694497,"Carter, Evan","L","70.407327917",31.948890645692206,6.6953614697937835,-5.5751936777143385,0.4305555555555556,4.216182121141778,32.53685433307307,28.3206722119313,25.72689560103238,144
695734,"Lile, Daylen","L","70.374136372",40.43484261697863,12.24185979221637,-1.1950856910103145,0.5309734513274337,0.11860214058308288,29.938304479177788,29.819702338594706,25.304800441932887,226
687859,"Johnston, Troy","L","70.289772179",34.66408053746882,11.35383361914337,-1.4131676892160627,0.5064102564102565,0.9351967796642425,34.155658619420386,33.22046183975613,26.418318975605413,156
681082,"Stott, Bryson","L","70.286812576",31.27973181308506,11.807744038860816,-4.626893319942449,0.6212121212121212,7.181269962123985,34.84659357668977,27.665323614565786,23.65501938477798,132
650859,"Rengifo, Luis","R","70.254699732",33.935699074420505,6.09172012830637,2.911913074013095,0.42953020134228187,7.970396468279902,27.454075325511504,19.483678857231602,26.26436211096834,149
608324,"Bregman, Alex","R","70.135810825",28.059931802594427,14.524381316849967,-4.812578255907204,0.6855670103092784,3.5922189889026157,32.69527408844586,29.103055099543244,25.0642085759534,194
647304,"Naylor, Josh","L","70.10050776",28.807967552968904,11.717781494023344,-12.047732214500288,0.5625000000000001,2.8704799787132775,29.200330228010973,26.329850249297696,25.25458436209798,192
608070,"Ramírez, José","R","70.024798834",31.402325582666094,9.72105673045633,-10.64391545566693,0.5829596412556054,3.66679980990297,33.781615098605236,30.114815288702268,22.790395744591795,223
681393,"Norby, Connor","R","69.994809674",40.17541658476595,16.35476118953698,5.343237095681791,0.33152173913043476,3.121081841954763,29.858048942280966,26.7369671003262,26.57922298002295,184
687263,"Neto, Zach","R","69.956910191",40.28459178063867,22.728688827450945,-6.74098526261681,0.3435114503816794,21.052996577249143,37.74099773842881,16.688001161179667,22.10016435420913,262
641355,"Bellinger, Cody","L","69.953290909",33.112056688324195,14.375113237599914,-2.5452967642961304,0.6306818181818182,-2.734982462189642,30.499522174094672,33.23450463628432,21.27986606751228,176
669257,"Smith, Will","R","69.92898425",33.49317351736741,11.4145891883081,3.8165138307240554,0.69375,-3.6145383948425085,28.707545710113433,32.32208410495595,28.508565091519056,160
686797,"Lee, Brooks","R","69.866424249",30.92415624693636,12.188492472068614,-7.497060703239693,0.5647668393782384,10.46895815649897,32.23945236061246,21.770494204113493,27.76586788513964,193
678882,"Rafaela, Ceddanne","R","69.853074412",31.997036651307774,10.60223691707983,0.7027505556583562,0.6529411764705882,1.182653757666354,30.63201583674176,29.449362079075406,26.702771295593486,170
677587,"Rocchio, Brayan","R","69.842769482",27.41391782310671,8.19878555502269,-7.329029247486876,0.528497409326425,6.671100204854095,33.145371782395166,26.47427157754107,23.468203399950646,193
691720,"Karros, Kyle","R","69.782988155",36.92342685190042,5.885606031696398,-5.105318436369318,0.4464285714285714,7.354854746929424,29.010662722585785,21.65580797565636,28.653732755365713,168
668227,"Arozarena, Randy","R","69.775010429",26.400890318957895,7.80690403734377,5.335750233003472,0.5904761904761904,4.358508914895932,28.231077491147406,23.872568576251478,23.75443645865944,210
691026,"Winn, Masyn","R","69.739588851",27.924101728333397,5.508549776987153,-1.6081151260475055,0.45402298850574707,-1.0804597956246305,32.96933114189328,34.04979093751792,24.06007622918639,174
807712,"Keaschall, Luke","R","69.70665289",36.113179681150775,9.193724856466382,-4.971724271522641,0.5664739884393063,9.02184240114043,33.78154184477528,24.759699443634858,27.682138574244973,173
696285,"Young, Jacob","R","69.699765455",30.70357506156558,9.97217624896108,2.1517308698630164,0.577922077922078,-2.8715271863722096,27.534723713430747,30.40625089980296,32.714376665926665,154
686469,"Pasquantino, Vinnie","L","69.594293704",28.215338296206053,11.381365794254215,-12.981056582510366,0.6157407407407406,4.849347605304041,33.855615496028456,29.00626789072441,30.337221824497384,216
643217,"Benintendi, Andrew","L","69.528463333",31.70760649720089,19.26096288336908,-8.913605033438282,0.453551912568306,8.423291255767685,36.797671641392775,28.374380385625088,23.99112752531552,183
681198,"Rumfield, TJ","L","69.510088295",35.70292263706821,10.681648917820421,-4.097143162840334,0.47926267281105994,4.74592650311885,33.09484049320306,28.34891399008421,24.96988015194027,217
645277,"Albies, Ozzie","R","69.495069174",34.76445103110231,11.270396642269969,-4.996180118491639,0.5826086956521739,3.2645718319253665,37.66460962711303,34.40003779518766,20.776702427523734,230
666182,"Bichette, Bo","R","69.390139783",36.58518910937638,0.9202656655388091,5.426541766369444,0.24782608695652175,-3.143465113085389,23.833385754433436,26.976850867518827,24.83529761320002,230
669701,"Smith, Josh","L","69.354445346",35.3621149920156,12.06148642584001,-7.064495885995706,0.5157232704402516,2.9517675411748256,34.68485573072193,31.733088189547107,25.665420257325803,159
677950,"Thomas, Alek","L","69.352561232",28.098518592786252,8.225055612563443,2.307265043676783,0.5797101449275361,8.970239420602285,29.902826566672314,20.93258714607003,27.51269326134184,138
514888,"Altuve, Jose","R","69.34588067",28.631778286925105,15.514399521651473,-4.096433310266712,0.4972067039106145,18.914524921485082,29.131983350872837,10.217458429387753,32.29838430806021,179
663757,"Grisham, Trent","L","69.287826434",27.93416992579849,16.183676252143783,0.933775697472635,0.5348837209302325,-7.395131457805552,25.816023360613308,33.21115481841886,30.654897893489792,129
643289,"Dubón, Mauricio","R","69.065785792",30.854441134044105,4.896999099895918,1.7416636330868251,0.37158469945355194,-3.325107761379122,28.788938809567583,32.114046570946705,27.49807485831761,183
676609,"Caballero, José","R","68.618139344",30.938872414521395,11.424231999767825,-0.5547182272654289,0.4808743169398907,15.128722607654183,33.29961468635404,18.170892078699865,23.8419432061902,183
702222,"Crawford, Justin","L","68.599890323",29.329001043998655,5.146419541354741,11.847203407953625,0.43870967741935485,-4.790299539341315,20.746646719731796,25.53694625907311,34.207377717143515,155
808982,"Lee, Jung Hoo","L","68.552386685",38.97158378491919,4.158414839554722,-4.192651589041279,0.33707865168539325,1.660982973360346,29.87083573692654,28.209852763566197,20.648156068743052,178
666152,"Hamilton, David","L","68.408943913",32.93883510335517,5.434150494985045,-2.1701524529256835,0.39855072463768115,7.214697224091803,27.141585467038627,19.92688824294683,29.099917848650268,138
543760,"Semien, Marcus","R","68.222487376",33.574686009705935,15.21729246390821,-4.295215126679493,0.6633663366336634,2.522792635424014,30.451573292038,27.928780656613984,23.305782878375243,202
700337,"Quero, Edgar","R","68.172216412",28.305529773933127,5.515467162712281,5.318348852291504,0.534351145038168,-3.0105941400283247,25.881926524095192,28.89252066412352,30.13297446322325,131
663538,"Hoerner, Nico","R","68.11716665",32.403565516190625,6.460908276194005,-3.1676270466953698,0.5025380710659898,-1.6497992864362754,26.56856793075964,28.21836721719591,28.41930757794579,197
807713,"Shaw, Matt","R","68.109252701",29.815675344137322,10.544747550219789,-0.5607091046187569,0.6496350364963503,-1.6224788068092353,30.871210184869135,32.49368899167837,27.591018969806196,137
643446,"McNeil, Jeff","L","68.07934086",35.80545416000447,5.634276646126123,-0.6381128463403868,0.3279569892473118,-4.640834495991406,27.629674280356845,32.27050877634826,25.10106101844188,186
702332,"Durbin, Caleb","R","68.0322974",27.837403763815377,8.341299611597266,-1.2431170397854665,0.6266666666666666,-2.504984128459055,28.23495373775598,30.73993786621504,26.575182704248427,150
687462,"Horwitz, Spencer","L","67.968960682",34.39116514672972,8.493400910855609,-1.8312497686061708,0.4772727272727273,-0.8672079887393975,29.21414209077401,30.08135007951341,25.332724857468392,132
621493,"Ward, Taylor","R","67.912199645",29.572986524215708,5.4006775779456975,1.4189389975030746,0.514792899408284,-1.7953588572404262,30.83010595943033,32.625464816670764,26.602785462554223,169
686217,"Frelick, Sal","L","67.885615096",26.77318850463029,6.281793431017003,-0.42236938462234885,0.5414012738853503,-5.7711509380619,25.59667711140615,31.367828049468052,27.290034184767425,157
665926,"Giménez, Andrés","L","67.882318324",32.547750838906914,7.998357770639915,3.3028376021501953,0.4219653179190751,1.78735242677309,27.617530547765874,25.830178120992787,31.512610454487827,173
689414,"Hicks, Liam","L","67.868879178",31.12856061665481,7.889360540486672,-4.057875691616161,0.5205479452054795,1.2668413296237964,29.96907253572968,28.702231206105882,24.568432396794346,146
683737,"Busch, Michael","L","67.645454508",34.53644814718679,16.300666567112614,-4.030303392908582,0.5129533678756477,3.5262509794818615,33.89382574381571,30.367574764333856,28.411877081953456,193
683083,"Nuñez, Nasim","R","67.415610663",31.770799884085488,4.521899740765162,9.712314339363774,0.43646408839779005,-0.6103029723702591,26.957087527888717,27.567390500258977,29.684839305933533,181
650402,"Torres, Gleyber","R","67.415106816",35.24783161832048,8.036694102905182,8.713012838743987,0.5621890547263682,-3.957161786371898,27.75254942993792,31.70971121630982,26.52795892827034,201
670623,"Paredes, Isaac","R","67.411193462",34.008789825285085,15.944524489738376,-14.012064279021535,0.5219780219780219,5.126711277158419,35.99108624537896,30.864374968220538,24.930669602917572,182
694384,"Schanuel, Nolan","L","67.373520546",33.66978786639333,6.035070603400286,-1.575262318896565,0.4808743169398907,1.2978715927030968,32.244407181640604,30.946535588937504,24.340759932754167,183
669364,"Edwards, Xavier","R","67.219626163",28.091292295978956,6.422176363470681,0.7577554143658605,0.5116279069767443,7.6303703812004535,30.341182644168622,22.710812262968172,25.50484795118487,172
805367,"Meidroth, Chase","R","66.984995852",31.568751765704526,8.820591726024004,5.090751234707761,0.5454545454545455,-1.752947691016661,28.348339577707524,30.101287268724185,27.294839467074706,176
676391,"Clement, Ernie","R","66.725346754",29.611936862214353,12.074997141534375,-5.80929520383753,0.6230366492146596,10.578724857269332,33.686117724017414,23.10739286674807,27.567296728413716,191
663968,"Mangum, Jake","R","66.448121575",32.443689777133955,0.9525831679219192,11.48740152074782,0.26027397260273977,-8.076144755126,19.861054650877886,27.937199406003888,28.02157845150954,146
672695,"Perdomo, Geraldo","R","65.562463784",36.667474852549816,6.498061911680693,1.0336305146920952,0.5067567567567567,5.974790469758687,24.618607446480613,18.643816976721926,25.854172634850194,148
802415,"Simpson, Chandler","L","65.028835217",28.56174203580782,2.3521892471242576,5.998845510804823,0.32919254658385094,-6.329034695013095,19.028811409556326,25.35784610456942,30.774067547404947,161
805779,"Wilson, Jacob","R","63.803628649",34.14954434902627,4.19208803843811,-0.19803075496270706,0.38288288288288286,3.4644138595715317,31.795531818183957,28.331117958612424,24.12862885296087,222
680757,"Kwan, Steven","L","62.595545455",35.529931654591245,3.2668801888807266,-3.6758568790776045,0.39610389610389607,4.644519360170665,29.70464240107894,25.06012304090827,23.916065726273875,154
650333,"Arraez, Luis","L","62.175782341",36.87936337257917,8.08324256157454,4.696938370985718,0.546341463414634,-2.422313906645727,32.15220132788458,34.5745152345303,26.0481189374987,205