"id","name","swings_competitive","percent_swings_competitive","contact","avg_bat_speed","hard_swing_rate","squared_up_per_bat_contact","squared_up_per_swing","blast_per_bat_contact","blast_per_swing","swing_length","swords","batter_run_value","whiffs","whiff_per_swing","batted_ball_events","batted_ball_event_per_swing"
691406,"Caminero, Junior",189,0.9174757281553398,147,"79.605564603",0.8518518518518519,0.2653061224489796,0.20634920634920634,0.23809523809523808,0.18518518518518517,"8.693839365",2,1.6998723995026652,42,0.2222222222222222,85,0.4497354497354497
519317,"Stanton, Giancarlo",155,0.9011627906976745,99,"79.335077806",0.9290322580645161,0.30303030303030304,0.1935483870967742,0.2222222222222222,0.14193548387096774,"8.440819226",3,-2.7548237177338395,56,0.36129032258064514,58,0.3741935483870968
665833,"Cruz, Oneil",230,0.905511811023622,137,"78.828183957",0.7826086956521738,0.38686131386861317,0.23043478260869565,0.2846715328467153,0.16956521739130434,"7.693758043",1,0.5566627351145239,93,0.4043478260869565,71,0.30869565217391304
691023,"Walker, Jordan",214,0.9029535864978903,147,"78.121643318",0.7850467289719625,0.3197278911564626,0.21962616822429906,0.24489795918367346,0.16822429906542055,"8.18946729",6,7.402386477619186,67,0.3130841121495327,71,0.3317757009345794
701358,"Smith, Cam",215,0.9033613445378151,150,"77.704169953",0.758139534883721,0.24,0.16744186046511628,0.16,0.11162790697674418,"7.850609395",3,-5.6257705797402835,65,0.3023255813953488,68,0.31627906976744186
701762,"Kurtz, Nick",215,0.9071729957805907,142,"77.618406605",0.758139534883721,0.2887323943661972,0.19069767441860466,0.21830985915492956,0.14418604651162792,"7.806863535",6,-4.838122947218053,73,0.3395348837209302,57,0.2651162790697674
656941,"Schwarber, Kyle",206,0.8995633187772926,156,"76.94735199",0.733009708737864,0.2564102564102564,0.1941747572815534,0.17307692307692307,0.13106796116504854,"7.465160534",9,2.323230568250872,50,0.24271844660194175,67,0.32524271844660196
666176,"Adell, Jo",258,0.9020979020979021,201,"76.93526845",0.7015503875968994,0.263681592039801,0.2054263565891473,0.13930348258706468,0.10852713178294573,"7.819570426",4,-3.5860520226967947,57,0.22093023255813954,91,0.35271317829457366
669003,"Mitchell, Garrett",158,0.8977272727272727,93,"76.721559937",0.7531645569620252,0.23655913978494625,0.13924050632911392,0.1827956989247312,0.10759493670886076,"7.237182405",3,-4.570051358763685,65,0.41139240506329117,37,0.23417721518987342
641343,"Bauers, Jake",165,0.9065934065934066,127,"76.295151636",0.7090909090909091,0.4015748031496063,0.3090909090909091,0.25984251968503935,0.2,"7.597769212",7,-1.1601210232046344,38,0.23030303030303031,73,0.44242424242424244
695578,"Wood, James",204,0.8986784140969163,141,"76.204547598",0.6323529411764706,0.3404255319148936,0.23529411764705882,0.2624113475177305,0.18137254901960784,"7.384163578",12,0.18772411657886223,63,0.3088235294117647,66,0.3235294117647059
665489,"Guerrero Jr., Vladimir",203,0.9103139013452914,164,"76.162503892",0.6157635467980296,0.3353658536585366,0.270935960591133,0.21951219512195122,0.17733990147783252,"7.441705813",1,1.1931043942945645,39,0.1921182266009852,94,0.4630541871921182
695657,"Montgomery, Colson",209,0.9008620689655172,139,"76.152429091",0.6220095693779903,0.23741007194244604,0.15789473684210525,0.18705035971223022,0.12440191387559808,"7.731493589",7,-1.1784483226161502,70,0.3349282296650718,70,0.3349282296650718
695506,"Caglianone, Jac",152,0.9047619047619048,103,"76.091259934",0.631578947368421,0.3592233009708738,0.24342105263157895,0.2621359223300971,0.17763157894736842,"7.838105329",3,-2.2445277978378235,49,0.3223684210526316,51,0.3355263157894737
677594,"Rodríguez, Julio",254,0.9071428571428571,186,"76.083475866",0.6417322834645668,0.22043010752688172,0.16141732283464566,0.13978494623655913,0.10236220472440945,"7.697622205",4,-7.000969731894406,68,0.2677165354330709,83,0.32677165354330706
575929,"Contreras, Willson",203,0.90625,138,"76.060925123",0.6551724137931033,0.2898550724637681,0.19704433497536947,0.21739130434782608,0.1477832512315271,"7.836846059",8,3.277264039486565,65,0.32019704433497537,72,0.35467980295566504
673357,"Robert Jr., Luis",158,0.9028571428571428,123,"76.022598481",0.6265822784810128,0.2926829268292683,0.22784810126582278,0.17886178861788618,0.13924050632911392,"7.702408291",3,-4.596120992328935,35,0.22151898734177214,63,0.3987341772151899
682663,"Ramírez, Agustín",200,0.9049773755656109,140,"75.95034935",0.61,0.2642857142857143,0.185,0.12857142857142856,0.09,"7.6645505",7,-10.81544821560678,60,0.3,73,0.365
592450,"Judge, Aaron",225,0.9,152,"75.813843511",0.5955555555555556,0.3092105263157895,0.2088888888888889,0.19736842105263158,0.13333333333333333,"8.146916622",7,6.388157102103014,73,0.3244444444444444,68,0.3022222222222222
701350,"Anthony, Roman",156,0.9122807017543859,110,"75.656437885",0.5320512820512819,0.34545454545454546,0.24358974358974358,0.20909090909090908,0.14743589743589744,"7.530176218",4,-6.268502313559555,46,0.2948717948717949,53,0.33974358974358976
656305,"Chapman, Matt",190,0.9047619047619048,145,"75.548937053",0.5684210526315789,0.2689655172413793,0.20526315789473684,0.14482758620689656,0.11052631578947368,"7.305274474",3,-4.538735568215749,45,0.23684210526315788,77,0.4052631578947368
682985,"Greene, Riley",214,0.9067796610169492,154,"75.508210701",0.5794392523364486,0.2922077922077922,0.2102803738317757,0.2077922077922078,0.14953271028037382,"7.280203879",5,-0.11716472965023228,60,0.2803738317757009,69,0.32242990654205606
660670,"Acuña Jr., Ronald",233,0.8996138996138996,174,"75.444667382",0.5665236051502145,0.2988505747126437,0.22317596566523606,0.16666666666666666,0.12446351931330472,"7.549925923",9,-9.947212216779487,59,0.2532188841201717,89,0.38197424892703863
696100,"Goodman, Hunter",199,0.9045454545454545,125,"75.41282206",0.5527638190954773,0.288,0.18090452261306533,0.176,0.11055276381909548,"7.428409045",7,1.7179481260293863,74,0.37185929648241206,55,0.27638190954773867
670541,"Alvarez, Yordan",202,0.9099099099099099,165,"75.388744406",0.5445544554455445,0.3333333333333333,0.2722772277227723,0.22424242424242424,0.18316831683168316,"7.664617079",2,9.586946201065107,37,0.18316831683168316,97,0.4801980198019802
695600,"Jensen, Carter",165,0.9016393442622951,113,"75.363599636",0.5393939393939394,0.2831858407079646,0.19393939393939394,0.1504424778761062,0.10303030303030303,"7.157458667",9,-3.1198674470165804,52,0.3151515151515151,56,0.3393939393939394
670042,"Raley, Luke",169,0.898936170212766,84,"75.351395148",0.5857988165680473,0.32142857142857145,0.15976331360946747,0.2261904761904762,0.11242603550295859,"7.283532189",1,-4.161177293508843,85,0.5029585798816568,44,0.2603550295857988
694212,"Basallo, Samuel",148,0.9079754601226994,98,"75.293116486",0.5270270270270271,0.37755102040816324,0.25,0.22448979591836735,0.14864864864864866,"7.613192027",5,-2.6740561432275634,50,0.33783783783783783,55,0.3716216216216216
670242,"Wallner, Matt",205,0.8991228070175439,125,"75.154812537",0.5512195121951219,0.232,0.14146341463414633,0.136,0.08292682926829269,"7.464114829",14,-9.83881005391045,80,0.3902439024390244,52,0.25365853658536586
545361,"Trout, Mike",199,0.9004524886877828,167,"75.067542965",0.5326633165829145,0.2874251497005988,0.24120603015075376,0.19760479041916168,0.1658291457286432,"7.466394925",8,2.6012015079419566,32,0.16080402010050251,75,0.3768844221105528
669127,"Langeliers, Shea",236,0.9182879377431906,175,"75.063658093",0.5084745762711863,0.30857142857142855,0.2288135593220339,0.17142857142857143,0.1271186440677966,"7.25557661",0,5.744277753578224,61,0.2584745762711864,84,0.3559322033898305
683146,"Baty, Brett",166,0.9021739130434783,124,"75.05485512",0.5542168674698795,0.33064516129032256,0.2469879518072289,0.1532258064516129,0.1144578313253012,"7.524280843",6,-6.823676015916938,42,0.25301204819277107,62,0.37349397590361444
682998,"Carroll, Corbin",171,0.9,118,"75.037148187",0.5438596491228069,0.2711864406779661,0.1871345029239766,0.13559322033898305,0.0935672514619883,"7.650625497",2,1.629565551110402,53,0.30994152046783624,58,0.3391812865497076
804606,"Griffin, Konnor",175,0.9020618556701031,119,"75.026647029",0.5314285714285715,0.2605042016806723,0.17714285714285713,0.1092436974789916,0.07428571428571429,"7.640859486",7,-3.873434592929336,56,0.32,57,0.32571428571428573
699912,"Fernandez, Jose",129,0.9148936170212766,98,"75.02271093",0.5193798449612401,0.32653061224489793,0.24806201550387597,0.20408163265306123,0.15503875968992248,"7.883658837",1,-1.35702494789109,31,0.24031007751937986,52,0.40310077519379844
657757,"Sheets, Gavin",136,0.9006622516556292,111,"74.971554412",0.5,0.3153153153153153,0.25735294117647056,0.14414414414414414,0.11764705882352941,"7.711646691",3,-1.0812311669079102,25,0.18382352941176472,57,0.41911764705882354
671739,"Harris II, Michael",192,0.9056603773584906,146,"74.937175",0.49479166666666663,0.3835616438356164,0.2916666666666667,0.2534246575342466,0.19270833333333334,"8.183033646",2,-0.10994264934516718,46,0.23958333333333334,75,0.390625
663586,"Riley, Austin",238,0.9049429657794676,166,"74.886108109",0.48739495798319327,0.3253012048192771,0.226890756302521,0.1566265060240964,0.1092436974789916,"7.506326975",4,-11.539244059724624,72,0.3025210084033613,83,0.3487394957983193
663728,"Raleigh, Cal",283,0.8984126984126984,200,"74.882417739",0.5088339222614839,0.205,0.14487632508833923,0.105,0.07420494699646643,"7.807414346",5,-9.78496680852484,83,0.29328621908127206,79,0.2791519434628975
682829,"De La Cruz, Elly",195,0.9027777777777778,136,"74.879466308",0.4923076923076922,0.3897058823529412,0.2717948717948718,0.27205882352941174,0.18974358974358974,"6.988776667",5,7.48293866647589,59,0.30256410256410254,78,0.4
686948,"Baldwin, Drake",249,0.8989169675090253,198,"74.84061755",0.5140562248995985,0.32323232323232326,0.2570281124497992,0.19696969696969696,0.1566265060240964,"7.31551992",4,4.3233161647885066,51,0.20481927710843373,95,0.3815261044176707
808959,"Murakami, Munetaka",208,0.9004329004329005,123,"74.816357212",0.5240384615384615,0.35772357723577236,0.21153846153846154,0.2682926829268293,0.15865384615384615,"7.888325529",5,0.10726832129655572,85,0.40865384615384615,60,0.28846153846153844
660271,"Ohtani, Shohei",210,0.9090909090909091,154,"74.619435143",0.49999999999999994,0.36363636363636365,0.26666666666666666,0.2012987012987013,0.14761904761904762,"7.793183286",3,-0.5285658081914204,56,0.26666666666666666,73,0.3476190476190476
691777,"Muncy, Max",184,0.9064039408866995,125,"74.597859348",0.5434782608695652,0.312,0.21195652173913043,0.216,0.14673913043478262,"7.66292587",6,-1.5321979635153045,59,0.32065217391304346,54,0.29347826086956524
682626,"Alvarez, Francisco",157,0.9075144508670521,119,"74.500294395",0.47133757961783435,0.31092436974789917,0.2356687898089172,0.16806722689075632,0.12738853503184713,"7.318730382",3,-4.315928049868756,38,0.24203821656050956,64,0.40764331210191085
665487,"Tatis Jr., Fernando",189,0.9,137,"74.489392169",0.5026455026455027,0.3795620437956204,0.2751322751322751,0.26277372262773724,0.19047619047619047,"7.262768201",5,-7.013674522183248,52,0.2751322751322751,72,0.38095238095238093
624585,"Soler, Jorge",214,0.9029535864978903,144,"74.48809215",0.49532710280373826,0.2361111111111111,0.1588785046728972,0.1388888888888889,0.09345794392523364,"7.983068178",2,-1.1229254861038673,70,0.32710280373831774,62,0.2897196261682243
621566,"Olson, Matt",249,0.9054545454545454,193,"74.475803695",0.4497991967871485,0.29533678756476683,0.2289156626506024,0.20725388601036268,0.1606425702811245,"7.567126988",7,4.124563836717193,56,0.2248995983935743,89,0.357429718875502
683002,"Henderson, Gunnar",265,0.8983050847457628,197,"74.47125434",0.46792452830188674,0.26903553299492383,0.2,0.14720812182741116,0.10943396226415095,"7.440801208",5,-1.7289896981563122,68,0.25660377358490566,83,0.3132075471698113
683357,"Caissie, Owen",165,0.9016393442622951,112,"74.4304",0.4727272727272727,0.26785714285714285,0.18181818181818182,0.16071428571428573,0.10909090909090909,"7.102584788",9,-3.589573184990401,53,0.3212121212121212,47,0.28484848484848485
680776,"Duran, Jarren",173,0.9057591623036649,114,"74.38792526",0.45664739884393063,0.34210526315789475,0.2254335260115607,0.20175438596491227,0.1329479768786127,"7.60909289",1,-12.035874802056124,59,0.34104046242774566,65,0.37572254335260113
671056,"Herrera, Iván",206,0.9035087719298246,170,"74.367147184",0.4611650485436892,0.3352941176470588,0.2766990291262136,0.17647058823529413,0.14563106796116504,"7.885210388",5,-4.819245831997714,36,0.17475728155339806,85,0.41262135922330095
606466,"Marte, Ketel",188,0.9038461538461539,142,"74.329694574",0.42021276595744683,0.323943661971831,0.24468085106382978,0.21830985915492956,0.16489361702127658,"7.725221702",1,-7.497695315671641,46,0.24468085106382978,75,0.39893617021276595
572233,"Walker, Christian",215,0.899581589958159,167,"74.065877814",0.39069767441860465,0.33532934131736525,0.26046511627906976,0.2155688622754491,0.16744186046511628,"7.334685116",9,5.052833806537322,48,0.22325581395348837,90,0.4186046511627907
669394,"Burger, Jake",211,0.9055793991416309,145,"74.047173081",0.44075829383886267,0.32413793103448274,0.22274881516587677,0.2,0.13744075829383887,"7.335204597",11,-3.8345880079173402,66,0.3127962085308057,77,0.36492890995260663
677800,"Abreu, Wilyer",203,0.90625,166,"74.028810887",0.3990147783251231,0.3253012048192771,0.2660098522167488,0.18072289156626506,0.1477832512315271,"7.166883547",3,-0.1459338407087577,37,0.18226600985221675,84,0.41379310344827586
624413,"Alonso, Pete",205,0.9111111111111111,152,"73.998573366",0.39512195121951216,0.375,0.2780487804878049,0.23684210526315788,0.17560975609756097,"7.151408146",5,-9.695415851944935,53,0.25853658536585367,79,0.3853658536585366
691016,"Soderstrom, Tyler",193,0.9061032863849765,149,"73.86044487",0.4196891191709845,0.3288590604026846,0.2538860103626943,0.18791946308724833,0.14507772020725387,"7.411283679",5,-6.082838095846595,44,0.22797927461139897,79,0.40932642487046633
666160,"Moniak, Mickey",181,0.900497512437811,139,"73.79410558",0.3977900552486188,0.302158273381295,0.23204419889502761,0.11510791366906475,0.08839779005524862,"7.821263094",3,11.330161519546845,42,0.23204419889502761,62,0.3425414364640884
671732,"Butler, Lawrence",171,0.9,121,"73.784242924",0.38596491228070173,0.2809917355371901,0.19883040935672514,0.1652892561983471,0.11695906432748537,"7.08834193",5,-8.944537532842109,50,0.29239766081871343,58,0.3391812865497076
691718,"Crow-Armstrong, Pete",234,0.9,175,"73.782001453",0.405982905982906,0.26285714285714284,0.19658119658119658,0.16,0.11965811965811966,"7.269312692",11,-7.285517196790268,59,0.25213675213675213,68,0.2905982905982906
542303,"Ozuna, Marcell",181,0.905,130,"73.70269453",0.34806629834254144,0.2923076923076923,0.20994475138121546,0.13846153846153847,0.09944751381215469,"7.456522376",1,-13.408952117810848,51,0.281767955801105,66,0.36464088397790057
547180,"Harper, Bryce",216,0.9037656903765691,155,"73.584692315",0.39814814814814814,0.2903225806451613,0.20833333333333334,0.14838709677419354,0.10648148148148148,"7.438651852",2,-2.8550144729741143,61,0.2824074074074074,84,0.3888888888888889
621043,"Correa, Carlos",201,0.9095022624434389,159,"73.546028955",0.38805970149253727,0.2830188679245283,0.22388059701492538,0.1761006289308176,0.13930348258706468,"7.249125423",1,-4.462018426465436,42,0.208955223880597,76,0.3781094527363184
701538,"Merrill, Jackson",221,0.9094650205761317,155,"73.538685023",0.31674208144796373,0.2129032258064516,0.1493212669683258,0.12903225806451613,0.09049773755656108,"7.693884299",3,-12.835075074511908,66,0.2986425339366516,65,0.29411764705882354
666139,"Lowe, Josh",171,0.9,126,"73.48015152",0.33918128654970764,0.23015873015873015,0.1695906432748538,0.07142857142857142,0.05263157894736842,"7.466678889",4,-8.872729813153013,45,0.2631578947368421,51,0.2982456140350877
592518,"Machado, Manny",171,0.9047619047619048,134,"73.45442731",0.2982456140350877,0.26119402985074625,0.2046783625730994,0.13432835820895522,0.10526315789473684,"7.716760468",4,-5.332478351584117,37,0.21637426900584794,63,0.3684210526315789
694208,"Ballesteros, Moisés",131,0.8972602739726028,103,"73.442762366",0.44274809160305345,0.3883495145631068,0.3053435114503817,0.20388349514563106,0.16030534351145037,"7.222288855",5,5.914741719247452,28,0.21374045801526717,58,0.44274809160305345
671277,"García Jr., Luis",174,0.9109947643979057,150,"73.41890023",0.3448275862068966,0.3333333333333333,0.28735632183908044,0.2,0.1724137931034483,"7.402012011",2,-1.4950791986943388,24,0.13793103448275862,78,0.4482758620689655
661388,"Contreras, William",181,0.900497512437811,152,"73.411739448",0.3480662983425415,0.3618421052631579,0.30386740331491713,0.17763157894736842,0.14917127071823205,"7.216665635",1,-4.271861394896292,29,0.16022099447513813,89,0.49171270718232046
681624,"Pages, Andy",234,0.9,184,"73.309395812",0.32051282051282054,0.28804347826086957,0.2264957264957265,0.1793478260869565,0.14102564102564102,"7.765562778",5,1.8048847707309088,50,0.21367521367521367,80,0.3418803418803419
677951,"Witt Jr., Bobby",219,0.9012345679012346,165,"73.242583014",0.3744292237442922,0.3333333333333333,0.2511415525114155,0.18787878787878787,0.1415525114155251,"7.029136438",5,-3.8527757339553097,54,0.2465753424657534,85,0.3881278538812785
672960,"Okamoto, Kazuma",203,0.8982300884955752,143,"73.234027044",0.33497536945812806,0.35664335664335667,0.2512315270935961,0.1958041958041958,0.13793103448275862,"7.905903399",3,-6.528925186016374,60,0.2955665024630542,67,0.33004926108374383
679529,"Torkelson, Spencer",180,0.9090909090909091,139,"73.179113222",0.25,0.31654676258992803,0.24444444444444444,0.16546762589928057,0.12777777777777777,"7.804807611",2,-4.789639787815569,41,0.22777777777777777,65,0.3611111111111111
662139,"Varsho, Daulton",188,0.9038461538461539,146,"73.177891649",0.30851063829787234,0.21232876712328766,0.16489361702127658,0.0821917808219178,0.06382978723404255,"7.57772734",0,-5.056363937862413,42,0.22340425531914893,68,0.3617021276595745
621439,"Buxton, Byron",222,0.8987854251012146,160,"73.146610225",0.3333333333333333,0.2875,0.2072072072072072,0.15625,0.11261261261261261,"7.985059685",7,0.5571980908410956,62,0.27927927927927926,81,0.36486486486486486
691781,"House, Brady",205,0.9030837004405287,140,"73.133106439",0.2731707317073171,0.2714285714285714,0.18536585365853658,0.12857142857142856,0.08780487804878048,"7.489941366",6,-3.6942506236669748,65,0.3170731707317073,67,0.32682926829268294
680777,"Jeffers, Ryan",148,0.9024390243902439,124,"73.122506284",0.37837837837837834,0.3064516129032258,0.25675675675675674,0.14516129032258066,0.12162162162162163,"7.207340068",5,3.1848235490700514,24,0.16216216216216217,59,0.39864864864864863
678246,"Vargas, Miguel",198,0.9041095890410958,164,"73.101240808",0.3434343434343434,0.32926829268292684,0.2727272727272727,0.15853658536585366,0.13131313131313133,"7.578983586",2,-4.394533300865465,34,0.1717171717171717,78,0.3939393939393939
668901,"Vientos, Mark",153,0.9161676646706587,105,"73.07863902",0.2549019607843137,0.3333333333333333,0.22875816993464052,0.1523809523809524,0.10457516339869281,"7.452365033",2,-4.951222801986111,48,0.3137254901960784,54,0.35294117647058826
672275,"Bailey, Patrick",134,0.9178082191780822,97,"73.051309478",0.30597014925373134,0.36082474226804123,0.26119402985074625,0.12371134020618557,0.08955223880597014,"7.280258209",2,-12.360008254013081,37,0.27611940298507465,52,0.3880597014925373
663604,"Lockridge, Brandon",139,0.896774193548387,102,"72.987026906",0.38129496402877705,0.19607843137254902,0.14388489208633093,0.11764705882352941,0.08633093525179857,"6.912562662",3,-4.5876502290866155,37,0.26618705035971224,46,0.33093525179856115
664040,"Lowe, Brandon",218,0.9008264462809917,150,"72.98683555",0.36697247706422015,0.32666666666666666,0.22477064220183487,0.17333333333333334,0.11926605504587157,"7.007168532",8,4.995893356429788,68,0.3119266055045872,74,0.3394495412844037
596019,"Lindor, Francisco",185,0.9113300492610837,138,"72.973741351",0.2756756756756757,0.2898550724637681,0.21621621621621623,0.14492753623188406,0.10810810810810811,"7.498161838",3,-9.171072401012658,47,0.25405405405405407,69,0.372972972972973
669224,"Wells, Austin",139,0.896774193548387,111,"72.966410432",0.23021582733812954,0.3333333333333333,0.26618705035971224,0.14414414414414414,0.11510791366906475,"7.580918129",4,-6.671733737488603,28,0.2014388489208633,53,0.381294964028777
665862,"Chisholm Jr., Jazz",190,0.9090909090909091,139,"72.944205105",0.25263157894736843,0.33093525179856115,0.24210526315789474,0.15827338129496402,0.11578947368421053,"7.849132737",5,-9.3630429109219,51,0.26842105263157895,66,0.3473684210526316
668804,"Reynolds, Bryan",213,0.8987341772151899,156,"72.887831878",0.2863849765258215,0.28846153846153844,0.2112676056338028,0.1346153846153846,0.09859154929577464,"7.002177887",7,-4.689203968628142,57,0.2676056338028169,67,0.3145539906103286
669236,"Jackson, Jeremiah",186,0.9117647058823529,134,"72.829342796",0.2849462365591398,0.3805970149253731,0.27419354838709675,0.14925373134328357,0.10752688172043011,"7.658534946",7,-0.41412377157452873,52,0.27956989247311825,73,0.3924731182795699
677942,"Alexander, Blaze",134,0.8993288590604027,92,"72.792615448",0.29850746268656714,0.2826086956521739,0.19402985074626866,0.11956521739130435,0.08208955223880597,"7.547757612",5,-8.01324092763619,42,0.31343283582089554,41,0.30597014925373134
650490,"Díaz, Yandy",188,0.9082125603864735,166,"72.774651117",0.2978723404255319,0.3253012048192771,0.2872340425531915,0.18072289156626506,0.1595744680851064,"7.881131064",2,1.7657341422558022,22,0.11702127659574468,88,0.46808510638297873
660821,"Sánchez, Jesús",170,0.8994708994708994,131,"72.735064882",0.3941176470588235,0.3435114503816794,0.2647058823529412,0.16030534351145037,0.12352941176470589,"6.794255",1,-6.419233476811934,39,0.22941176470588234,62,0.36470588235294116
690993,"Keith, Colt",133,0.910958904109589,105,"72.635616165",0.2105263157894737,0.5333333333333333,0.42105263157894735,0.26666666666666666,0.21052631578947367,"7.006751053",4,-1.948446677421634,28,0.21052631578947367,70,0.5263157894736842
694671,"Langford, Wyatt",141,0.9096774193548387,106,"72.605462979",0.24113475177304966,0.3867924528301887,0.2907801418439716,0.12264150943396226,0.09219858156028368,"6.804061135",3,-3.881935929517236,35,0.24822695035460993,56,0.3971631205673759
595879,"Báez, Javier",150,0.9036144578313253,110,"72.501801733",0.22666666666666666,0.2818181818181818,0.20666666666666667,0.11818181818181818,0.08666666666666667,"8.4820584",2,-3.7270342189927534,40,0.26666666666666666,57,0.38
656555,"Hoskins, Rhys",137,0.9013157894736842,98,"72.501079197",0.18248175182481755,0.2857142857142857,0.20437956204379562,0.14285714285714285,0.10218978102189781,"8.358075328",2,-5.070513704149233,39,0.2846715328467153,40,0.291970802919708
802139,"Wetherholt, JJ",223,0.902834008097166,181,"72.49471296",0.23318385650224213,0.34806629834254144,0.2825112107623318,0.1270718232044199,0.1031390134529148,"7.614059148",9,-2.272935485556208,42,0.18834080717488788,93,0.4170403587443946
700250,"Rice, Ben",171,0.9047619047619048,133,"72.328911813",0.21052631578947373,0.40601503759398494,0.3157894736842105,0.24060150375939848,0.1871345029239766,"7.474485789",3,13.239093086317643,38,0.2222222222222222,67,0.391812865497076
669357,"Gorman, Nolan",210,0.8974358974358975,141,"72.32816681",0.2285714285714286,0.2765957446808511,0.18571428571428572,0.1276595744680851,0.08571428571428572,"7.528630667",3,-5.882317529041453,69,0.32857142857142857,64,0.3047619047619048
607043,"Nimmo, Brandon",220,0.9090909090909091,169,"72.223846682",0.2818181818181818,0.3905325443786982,0.3,0.17159763313609466,0.1318181818181818,"7.011554727",6,-3.027215859144312,51,0.2318181818181818,89,0.40454545454545454
673237,"Diaz, Yainer",162,0.9050279329608939,127,"72.179745864",0.1481481481481482,0.4094488188976378,0.32098765432098764,0.09448818897637795,0.07407407407407407,"7.26521679",5,-2.472156063033232,35,0.21604938271604937,73,0.4506172839506173
642715,"Adames, Willy",214,0.8991596638655462,162,"72.160070841",0.22429906542056074,0.2777777777777778,0.2102803738317757,0.14814814814814814,0.11214953271028037,"8.121382991",4,-7.774816932209037,52,0.24299065420560748,76,0.35514018691588783
681481,"Carpenter, Kerry",159,0.8983050847457628,107,"72.121134088",0.20754716981132076,0.35514018691588783,0.2389937106918239,0.1308411214953271,0.0880503144654088,"7.588793962",6,-3.0247502138520366,52,0.3270440251572327,49,0.3081761006289308
630105,"Cronenworth, Jake",147,0.9074074074074074,109,"72.120578231",0.21768707482993196,0.26605504587155965,0.19727891156462585,0.14678899082568808,0.10884353741496598,"7.138011497",1,-10.95265372488519,38,0.2585034013605442,56,0.38095238095238093
672580,"Garcia, Maikel",158,0.9080459770114943,136,"72.111898165",0.2088607594936709,0.375,0.3227848101265823,0.19117647058823528,0.16455696202531644,"7.164355063",3,1.0271962935369765,22,0.13924050632911392,82,0.5189873417721519
682928,"Abrams, CJ",206,0.8995633187772926,148,"72.068494078",0.20873786407766992,0.3581081081081081,0.25728155339805825,0.19594594594594594,0.1407766990291262,"7.712290825",6,8.254851322118322,58,0.2815533980582524,80,0.3883495145631068
606192,"Hernández, Teoscar",176,0.9072164948453608,122,"72.040392614",0.2102272727272727,0.3360655737704918,0.23295454545454544,0.16393442622950818,0.11363636363636363,"7.77792108",5,-2.9700756821149152,54,0.3068181818181818,64,0.36363636363636365
657656,"Laureano, Ramón",213,0.9063829787234042,153,"72.011476479",0.21126760563380287,0.2679738562091503,0.19248826291079812,0.13071895424836602,0.09389671361502347,"7.060057136",6,-0.8069449723113655,60,0.28169014084507044,64,0.3004694835680751
660162,"Moncada, Yoán",136,0.9066666666666666,99,"72.006425368",0.286764705882353,0.30303030303030304,0.22058823529411764,0.15151515151515152,0.11029411764705882,"7.379394338",4,-5.888661704671756,37,0.27205882352941174,45,0.33088235294117646
592626,"Pederson, Joc",136,0.9006622516556292,93,"71.993177206",0.2132352941176471,0.3655913978494624,0.25,0.13978494623655913,0.09558823529411764,"7.463648824",5,-4.978222242398148,43,0.3161764705882353,46,0.3382352941176471
641487,"Crawford, J.P.",131,0.8972602739726028,108,"71.944307328",0.24427480916030536,0.39814814814814814,0.3282442748091603,0.1574074074074074,0.1297709923664122,"7.351396031",1,-4.954644253030012,23,0.17557251908396945,58,0.44274809160305345
676475,"Burleson, Alec",206,0.8995633187772926,170,"71.929217184",0.16504854368932043,0.3764705882352941,0.3106796116504854,0.17647058823529413,0.14563106796116504,"7.414497282",1,-3.5648432423451952,36,0.17475728155339806,90,0.4368932038834951
664023,"Happ, Ian",205,0.9030837004405287,137,"71.92140922",0.1902439024390244,0.31386861313868614,0.2097560975609756,0.16058394160583941,0.1073170731707317,"7.01360039",2,0.1595759807012107,68,0.33170731707317075,68,0.33170731707317075
669477,"Schmitt, Casey",157,0.9127906976744186,123,"71.909037962",0.24840764331210194,0.36585365853658536,0.28662420382165604,0.17886178861788618,0.14012738853503184,"7.536625605",3,1.4736479290989357,34,0.21656050955414013,67,0.4267515923566879
686668,"Doyle, Brenton",150,0.9146341463414634,109,"71.907611",0.17333333333333334,0.24770642201834864,0.18,0.13761467889908258,0.1,"7.237946133",6,-6.942587580750726,41,0.2733333333333333,48,0.32
680574,"McLain, Matt",194,0.9065420560747663,152,"71.894525619",0.1391752577319588,0.3092105263157895,0.2422680412371134,0.10526315789473684,0.08247422680412371,"6.917368196",4,-10.454541982551378,42,0.21649484536082475,74,0.38144329896907214
702284,"Young, Cole",212,0.8983050847457628,163,"71.873018255",0.25,0.32515337423312884,0.25,0.09815950920245399,0.07547169811320754,"6.936374434",4,-2.1659598711994317,49,0.23113207547169812,78,0.36792452830188677
681351,"O'Hoppe, Logan",157,0.9022988505747126,114,"71.862100064",0.21019108280254778,0.2719298245614035,0.19745222929936307,0.14912280701754385,0.10828025477707007,"7.677491656",6,-7.594529738932243,43,0.27388535031847133,52,0.33121019108280253
605137,"Bell, Josh",215,0.899581589958159,161,"71.851907535",0.2511627906976744,0.33540372670807456,0.25116279069767444,0.14906832298136646,0.11162790697674418,"8.001787488",2,-9.372801187038869,54,0.25116279069767444,83,0.386046511627907
608369,"Seager, Corey",230,0.9090909090909091,152,"71.849599174",0.13043478260869568,0.32894736842105265,0.21739130434782608,0.13815789473684212,0.09130434782608696,"6.710089739",9,-9.14810154516008,78,0.3391304347826087,73,0.3173913043478261
663656,"Tucker, Kyle",228,0.9011857707509882,181,"71.848462368",0.26754385964912286,0.3259668508287293,0.25877192982456143,0.11049723756906077,0.08771929824561403,"7.371252412",4,-3.136819961769028,47,0.20614035087719298,84,0.3684210526315789
672724,"Peraza, Oswald",167,0.8978494623655914,113,"71.809859701",0.17964071856287425,0.3008849557522124,0.20359281437125748,0.1415929203539823,0.09580838323353294,"7.697273892",2,0.21588978043154694,54,0.32335329341317365,51,0.30538922155688625
672640,"Lopez, Otto",186,0.8985507246376812,147,"71.807724839",0.2634408602150538,0.3945578231292517,0.3118279569892473,0.21768707482993196,0.17204301075268819,"6.839242366",10,2.926442737772463,39,0.20967741935483872,80,0.43010752688172044
665019,"Clemens, Kody",138,0.9019607843137255,103,"71.717428043",0.13043478260869565,0.3106796116504854,0.2318840579710145,0.1553398058252427,0.11594202898550725,"7.134198841",4,-4.268415410864307,35,0.2536231884057971,45,0.32608695652173914
687637,"Beavers, Dylan",147,0.9074074074074074,114,"71.715891837",0.1564625850340136,0.3157894736842105,0.24489795918367346,0.14035087719298245,0.10884353741496598,"7.464337007",1,-4.387301410660136,33,0.22448979591836735,54,0.3673469387755102
666969,"García, Adolis",205,0.9030837004405287,153,"71.684535171",0.22926829268292684,0.35294117647058826,0.2634146341463415,0.16339869281045752,0.12195121951219512,"7.650572634",6,-6.418294916363027,52,0.25365853658536586,72,0.35121951219512193
671218,"Ramos, Heliot",232,0.90625,171,"71.668692457",0.18965517241379312,0.26900584795321636,0.19827586206896552,0.15204678362573099,0.11206896551724138,"6.745052069",5,-5.539621787084435,61,0.2629310344827586,64,0.27586206896551724
607208,"Turner, Trea",218,0.9121338912133892,158,"71.605756514",0.18807339449541288,0.379746835443038,0.27522935779816515,0.08860759493670886,0.06422018348623854,"7.744861147",3,-9.790745052446107,60,0.27522935779816515,84,0.3853211009174312
678662,"Tovar, Ezequiel",239,0.9018867924528302,165,"71.593763891",0.14225941422594143,0.24848484848484848,0.17154811715481172,0.09696969696969697,0.06694560669456066,"7.631885314",3,-11.006046513916868,74,0.30962343096234307,68,0.28451882845188287
800050,"DeLauter, Chase",159,0.8983050847457628,135,"71.585511258",0.19496855345911954,0.37777777777777777,0.32075471698113206,0.15555555555555556,0.1320754716981132,"7.472028679",5,-0.862803684318397,24,0.1509433962264151,79,0.4968553459119497
805808,"McGonigle, Kevin",213,0.902542372881356,193,"71.556102535",0.20657276995305168,0.3471502590673575,0.3145539906103286,0.13471502590673576,0.12206572769953052,"6.956765634",6,1.2370430216927186,20,0.09389671361502347,94,0.4413145539906103
682177,"Schneemann, Daniel",155,0.9064327485380117,107,"71.455666774",0.14838709677419354,0.3177570093457944,0.21935483870967742,0.1308411214953271,0.09032258064516129,"7.357617226",7,5.984284712164639,48,0.3096774193548387,50,0.3225806451612903
701807,"Benge, Carson",164,0.9010989010989011,128,"71.393447866",0.18292682926829273,0.3515625,0.27439024390243905,0.1484375,0.11585365853658537,"6.381985732",5,-8.537345699970896,36,0.21951219512195122,63,0.38414634146341464
663886,"Stephenson, Tyler",134,0.8993288590604027,102,"71.363535597",0.11194029850746269,0.37254901960784315,0.2835820895522388,0.19607843137254902,0.14925373134328357,"7.454740746",6,-6.3502087787014005,32,0.23880597014925373,48,0.3582089552238806
693307,"Dingler, Dillon",172,0.900523560209424,139,"71.357183372",0.12209302325581398,0.3597122302158273,0.29069767441860467,0.17985611510791366,0.14534883720930233,"7.670031802",3,1.888283089225654,33,0.19186046511627908,67,0.38953488372093026
521692,"Perez, Salvador",244,0.9037037037037037,189,"71.329195492",0.14754098360655737,0.2857142857142857,0.22131147540983606,0.14285714285714285,0.11065573770491803,"7.793965738",6,-11.58239398990031,55,0.22540983606557377,89,0.36475409836065575
650489,"Castro, Willi",162,0.9050279329608939,110,"71.321620062",0.16049382716049385,0.24545454545454545,0.16666666666666666,0.10909090909090909,0.07407407407407407,"7.154211111",3,-3.0756353206222813,52,0.32098765432098764,44,0.2716049382716049
593428,"Bogaerts, Xander",145,0.9006211180124224,116,"71.308359241",0.21379310344827587,0.3448275862068966,0.27586206896551724,0.15517241379310345,0.12413793103448276,"7.308965655",3,2.3393693559523254,29,0.2,65,0.4482758620689655
571970,"Muncy, Max",177,0.9076923076923077,122,"71.270746384",0.07909604519774012,0.39344262295081966,0.2711864406779661,0.16393442622950818,0.11299435028248588,"6.946902486",1,2.3452026395248335,55,0.3107344632768362,65,0.3672316384180791
701398,"Stewart, Sal",228,0.9011857707509882,175,"71.264127105",0.206140350877193,0.29714285714285715,0.22807017543859648,0.1657142857142857,0.12719298245614036,"7.427825",8,5.252477511702468,53,0.2324561403508772,78,0.34210526315789475
682657,"Martínez, Angel",178,0.898989898989899,147,"71.222533315",0.2303370786516854,0.21768707482993196,0.1797752808988764,0.1292517006802721,0.10674157303370786,"7.716375112",2,-1.2366279552152886,31,0.17415730337078653,59,0.33146067415730335
596115,"Story, Trevor",228,0.9083665338645418,162,"71.201835614",0.162280701754386,0.3333333333333333,0.23684210526315788,0.13580246913580246,0.09649122807017543,"7.397964254",3,-9.24553963988231,66,0.2894736842105263,81,0.35526315789473684
673962,"Jung, Josh",172,0.9052631578947369,147,"71.179009709",0.12790697674418608,0.3877551020408163,0.3313953488372093,0.1836734693877551,0.1569767441860465,"6.992903488",5,1.9796191883149636,25,0.14534883720930233,78,0.45348837209302323
668715,"Steer, Spencer",162,0.9,128,"71.163099444",0.08641975308641976,0.3359375,0.2654320987654321,0.15625,0.12345679012345678,"7.437467716",3,-2.575524699966741,34,0.20987654320987653,64,0.3950617283950617
646240,"Devers, Rafael",241,0.8992537313432836,166,"71.158645021",0.1535269709543569,0.3192771084337349,0.21991701244813278,0.14457831325301204,0.0995850622406639,"7.480414398",4,-11.941633551067794,75,0.3112033195020747,73,0.3029045643153527
664761,"Bohm, Alec",159,0.9085714285714286,128,"71.14606239",0.13207547169811323,0.390625,0.31446540880503143,0.15625,0.12578616352201258,"7.237872201",2,-10.237807146750066,31,0.1949685534591195,78,0.49056603773584906
608348,"Kelly, Carson",129,0.9084507042253521,103,"71.038592868",0.09302325581395349,0.3786407766990291,0.3023255813953488,0.21359223300970873,0.17054263565891473,"6.995884574",2,-0.804185526264196,26,0.20155038759689922,57,0.4418604651162791
669016,"Marsh, Brandon",172,0.9052631578947369,140,"71.035469942",0.13372093023255816,0.35,0.28488372093023256,0.17142857142857143,0.13953488372093023,"7.193782558",0,0.5316519986076556,32,0.18604651162790697,73,0.42441860465116277
701675,"Church, Nathan",148,0.896969696969697,112,"71.008412905",0.14864864864864866,0.2767857142857143,0.20945945945945946,0.125,0.0945945945945946,"7.329367568",0,-2.55494152630445,36,0.24324324324324326,54,0.36486486486486486
621020,"Swanson, Dansby",182,0.900990099009901,131,"70.996235165",0.07692307692307696,0.3969465648854962,0.2857142857142857,0.13740458015267176,0.0989010989010989,"7.531649066",5,-3.5697031174841634,51,0.2802197802197802,68,0.37362637362637363
670770,"Friedl, TJ",159,0.8983050847457628,125,"70.955238994",0.1257861635220126,0.36,0.2830188679245283,0.112,0.0880503144654088,"6.852624277",6,-12.197963128512594,34,0.2138364779874214,69,0.4339622641509434
553993,"Suárez, Eugenio",157,0.8971428571428571,107,"70.938870191",0.10828025477707007,0.27102803738317754,0.18471337579617833,0.09345794392523364,0.06369426751592357,"7.678048344",5,-1.7227513689854383,50,0.3184713375796178,55,0.3503184713375796
518692,"Freeman, Freddie",222,0.9024390243902439,187,"70.904623333",0.11711711711711714,0.40641711229946526,0.34234234234234234,0.17647058823529413,0.14864864864864866,"6.856148559",4,-3.6519963973052185,35,0.15765765765765766,94,0.42342342342342343
666397,"Julien, Edouard",132,0.8979591836734694,104,"70.901059394",0.14393939393939395,0.36538461538461536,0.2878787878787879,0.18269230769230768,0.14393939393939395,"6.972650682",3,-0.6168798728299103,28,0.21212121212121213,53,0.4015151515151515
571448,"Arenado, Nolan",152,0.8994082840236687,113,"70.899334474",0.0986842105263158,0.3008849557522124,0.2236842105263158,0.10619469026548672,0.07894736842105263,"8.385437697",5,-2.476644269025631,39,0.2565789473684211,65,0.4276315789473684
668930,"Turang, Brice",185,0.9024390243902439,155,"70.877403027",0.11891891891891893,0.3548387096774194,0.2972972972972973,0.1935483870967742,0.16216216216216217,"6.832884486",4,2.2645920220985163,30,0.16216216216216217,72,0.3891891891891892
573262,"Yastrzemski, Mike",157,0.9075144508670521,123,"70.709449618",0.04458598726114651,0.34959349593495936,0.27388535031847133,0.0975609756097561,0.07643312101910828,"7.361517962",7,-8.092564004791631,34,0.21656050955414013,61,0.3885350318471338
656811,"O'Hearn, Ryan",201,0.9136363636363637,164,"70.69243204",0.08955223880597016,0.34146341463414637,0.27860696517412936,0.14634146341463414,0.11940298507462686,"7.07660005",4,1.2023100912126865,37,0.18407960199004975,80,0.39800995024875624
656775,"Mullins, Cedric",171,0.9,141,"70.608816082",0.09941520467836258,0.3191489361702128,0.2631578947368421,0.09929078014184398,0.08187134502923976,"7.690293626",3,-13.54015806948056,30,0.17543859649122806,67,0.391812865497076
605170,"Caratini, Victor",131,0.8972602739726028,109,"70.595310458",0.0916030534351145,0.3577981651376147,0.29770992366412213,0.11926605504587157,0.09923664122137404,"6.998378397",1,-5.75405791469252,22,0.16793893129770993,61,0.46564885496183206
693304,"Gonzales, Nick",211,0.9055793991416309,163,"70.551795118",0.1137440758293839,0.2883435582822086,0.22274881516587677,0.10429447852760736,0.08056872037914692,"7.507299005",5,-4.318170659282139,48,0.22748815165876776,75,0.35545023696682465
805300,"Marsee, Jakob",194,0.9023255813953488,168,"70.495426649",0.05670103092783507,0.2916666666666667,0.25257731958762886,0.10119047619047619,0.08762886597938144,"6.714153918",5,-9.84079606299509,26,0.13402061855670103,80,0.41237113402061853
666126,"Cortes, Carlos",128,0.9078014184397163,106,"70.430300391",0.1171875,0.36792452830188677,0.3046875,0.2358490566037736,0.1953125,"6.971338984",3,0.8052203284324615,22,0.171875,54,0.421875
666018,"Aranda, Jonathan",211,0.9017094017094017,167,"70.419674313",0.10426540284360192,0.32934131736526945,0.26066350710900477,0.11976047904191617,0.0947867298578199,"7.429912701",2,-1.373605407014045,44,0.20853080568720378,69,0.32701421800947866
700932,"Manzardo, Kyle",167,0.9027027027027027,116,"70.41734982",0.125748502994012,0.28448275862068967,0.19760479041916168,0.08620689655172414,0.059880239520958084,"7.802431796",3,-8.664337225769353,51,0.30538922155688625,50,0.2994011976047904
694497,"Carter, Evan",144,0.9,108,"70.407327917",0.15277777777777782,0.3055555555555556,0.22916666666666666,0.09259259259259259,0.06944444444444445,"7.012133472",3,-9.760696947643876,36,0.25,48,0.3333333333333333
695734,"Lile, Daylen",226,0.900398406374502,172,"70.374136372",0.057522123893805316,0.3488372093023256,0.26548672566371684,0.13372093023255813,0.10176991150442478,"7.491819027",2,-6.622484670422364,54,0.23893805309734514,92,0.40707964601769914
687859,"Johnston, Troy",156,0.9017341040462428,122,"70.289772179",0.07051282051282053,0.4098360655737705,0.32051282051282054,0.16393442622950818,0.1282051282051282,"6.819581667",1,1.7633291755551335,34,0.21794871794871795,69,0.4423076923076923
681082,"Stott, Bryson",132,0.9041095890410958,109,"70.286812576",0.03030303030303031,0.42201834862385323,0.3484848484848485,0.1743119266055046,0.14393939393939395,"7.312993939",2,-6.404058327424827,23,0.17424242424242425,64,0.48484848484848486
650859,"Rengifo, Luis",149,0.9030303030303031,123,"70.254699732",0.12751677852348994,0.35772357723577236,0.2953020134228188,0.13008130081300814,0.10738255033557047,"7.11842651",2,-8.01060797540272,26,0.174496644295302,70,0.4697986577181208
608324,"Bregman, Alex",194,0.9107981220657277,164,"70.135810825",0.05670103092783506,0.45121951219512196,0.38144329896907214,0.15853658536585366,0.13402061855670103,"7.060254433",3,-3.000537279656001,30,0.15463917525773196,96,0.4948453608247423
647304,"Naylor, Josh",192,0.9014084507042254,149,"70.10050776",0.06770833333333334,0.38926174496644295,0.3020833333333333,0.14093959731543623,0.109375,"7.600518229",3,-9.391785305926174,43,0.22395833333333334,84,0.4375
608070,"Ramírez, José",223,0.902834008097166,188,"70.024798834",0.1524663677130045,0.30319148936170215,0.2556053811659193,0.13297872340425532,0.11210762331838565,"7.456809731",3,-5.218339549172971,35,0.15695067264573992,83,0.3721973094170404
681393,"Norby, Connor",184,0.8975609756097561,131,"69.994809674",0.03260869565217392,0.32061068702290074,0.22826086956521738,0.07633587786259542,0.05434782608695652,"6.995551141",6,-7.446679974926271,53,0.28804347826086957,60,0.32608695652173914
687263,"Neto, Zach",262,0.9003436426116839,184,"69.956910191",0.0534351145038168,0.266304347826087,0.18702290076335878,0.09239130434782608,0.0648854961832061,"7.009361336",4,-6.058975659816274,78,0.29770992366412213,70,0.26717557251908397
641355,"Bellinger, Cody",176,0.9072164948453608,144,"69.953290909",0.034090909090909095,0.4027777777777778,0.32954545454545453,0.1111111111111111,0.09090909090909091,"7.938954318",0,-5.046425826768595,32,0.18181818181818182,82,0.4659090909090909
669257,"Smith, Will",160,0.9195402298850575,139,"69.92898425",0.06250000000000001,0.3237410071942446,0.28125,0.11510791366906475,0.1,"7.1630865",4,-4.040810414485554,21,0.13125,66,0.4125
686797,"Lee, Brooks",193,0.9061032863849765,159,"69.866424249",0.09326424870466324,0.32075471698113206,0.26424870466321243,0.06289308176100629,0.05181347150259067,"7.057136269",7,-3.856722459469578,34,0.17616580310880828,71,0.36787564766839376
678882,"Rafaela, Ceddanne",170,0.8994708994708994,123,"69.853074412",0.06470588235294117,0.37398373983739835,0.27058823529411763,0.12195121951219512,0.08823529411764706,"7.285202765",3,-5.732073726962808,47,0.27647058823529413,63,0.37058823529411766
677587,"Rocchio, Brayan",193,0.9018691588785047,151,"69.842769482",0.08808290155440417,0.304635761589404,0.23834196891191708,0.08609271523178808,0.06735751295336788,"7.449839326",3,-3.6595068359703653,42,0.21761658031088082,77,0.39896373056994816
691720,"Karros, Kyle",168,0.8983957219251337,129,"69.782988155",0.04166666666666667,0.32558139534883723,0.25,0.06976744186046512,0.05357142857142857,"7.016418393",6,-9.192935220932956,39,0.23214285714285715,60,0.35714285714285715
668227,"Arozarena, Randy",210,0.9012875536480687,158,"69.775010429",0.1619047619047619,0.35443037974683544,0.26666666666666666,0.12025316455696203,0.09047619047619047,"7.149002619",1,-4.901445385913657,52,0.24761904761904763,73,0.3476190476190476
691026,"Winn, Masyn",174,0.9015544041450777,135,"69.739588851",0.0574712643678161,0.3037037037037037,0.23563218390804597,0.1111111111111111,0.08620689655172414,"7.387499713",2,-3.01036855811668,39,0.22413793103448276,70,0.40229885057471265
807712,"Keaschall, Luke",173,0.9010416666666666,153,"69.70665289",0.0809248554913295,0.29411764705882354,0.26011560693641617,0.08496732026143791,0.07514450867052024,"6.807887283",5,-9.481409777032008,20,0.11560693641618497,83,0.4797687861271676
696285,"Young, Jacob",154,0.9058823529411765,121,"69.699765455",0.03896103896103897,0.4628099173553719,0.36363636363636365,0.1487603305785124,0.11688311688311688,"7.126450455",2,-1.8452352430252899,33,0.21428571428571427,75,0.487012987012987
686469,"Pasquantino, Vinnie",216,0.9,180,"69.594293704",0.04166666666666667,0.28888888888888886,0.24074074074074073,0.1,0.08333333333333333,"7.233214815",3,-8.560221014684839,36,0.16666666666666666,77,0.35648148148148145
643217,"Benintendi, Andrew",183,0.9014778325123153,123,"69.528463333",0.060109289617486336,0.35772357723577236,0.24043715846994534,0.14634146341463414,0.09836065573770492,"7.177288743",2,-6.726031620907484,60,0.32786885245901637,55,0.3005464480874317
681198,"Rumfield, TJ",217,0.9041666666666667,173,"69.510088295",0.11520737327188942,0.3179190751445087,0.2534562211981567,0.12716763005780346,0.10138248847926268,"6.616557788",2,-4.94763997423252,44,0.20276497695852536,87,0.4009216589861751
645277,"Albies, Ozzie",230,0.9019607843137255,178,"69.495069174",0.052173913043478265,0.39325842696629215,0.30434782608695654,0.11235955056179775,0.08695652173913043,"7.214929174",3,-1.2868567562243958,52,0.22608695652173913,95,0.41304347826086957
666182,"Bichette, Bo",230,0.8984375,185,"69.390139783",0.12173913043478261,0.34594594594594597,0.2782608695652174,0.12972972972972974,0.10434782608695652,"7.031695696",1,-10.656607533740777,45,0.1956521739130435,85,0.3695652173913043
669701,"Smith, Josh",159,0.8983050847457628,126,"69.354445346",0.025157232704402524,0.3253968253968254,0.2578616352201258,0.10317460317460317,0.08176100628930817,"7.001518994",4,-11.292674913993466,33,0.20754716981132076,61,0.3836477987421384
677950,"Thomas, Alek",138,0.9078947368421053,109,"69.352561232",0.05072463768115943,0.3577981651376147,0.2826086956521739,0.13761467889908258,0.10869565217391304,"6.908687536",4,-6.643811250400537,29,0.21014492753623187,54,0.391304347826087
514888,"Altuve, Jose",179,0.8994974874371859,138,"69.34588067",0.11173184357541902,0.3695652173913043,0.2849162011173184,0.10144927536231885,0.0782122905027933,"7.676222905",3,-1.09702943111097,41,0.22905027932960895,78,0.43575418994413406
663757,"Grisham, Trent",129,0.9148936170212766,111,"69.287826434",0.03875968992248062,0.4864864864864865,0.4186046511627907,0.26126126126126126,0.2248062015503876,"7.324770853",1,-10.263874224097336,18,0.13953488372093023,67,0.5193798449612403
643289,"Dubón, Mauricio",183,0.905940594059406,156,"69.065785792",0.027322404371584702,0.34615384615384615,0.29508196721311475,0.10897435897435898,0.09289617486338798,"7.624595519",3,-0.4707266094117988,27,0.14754098360655737,81,0.4426229508196721
676609,"Caballero, José",183,0.9014778325123153,129,"68.618139344",0.043715846994535526,0.31007751937984496,0.2185792349726776,0.08527131782945736,0.060109289617486336,"6.790419672",3,-2.391906847826743,54,0.29508196721311475,66,0.36065573770491804
702222,"Crawford, Justin",155,0.9064327485380117,125,"68.599890323",0.03225806451612903,0.376,0.3032258064516129,0.136,0.10967741935483871,"6.981907871",1,-2.8570011601527012,30,0.1935483870967742,66,0.4258064516129032
808982,"Lee, Jung Hoo",178,0.9035532994923858,156,"68.552386685",0.03932584269662921,0.4423076923076923,0.38764044943820225,0.11538461538461539,0.10112359550561797,"7.607449382",2,-1.2894043892170322,22,0.12359550561797752,90,0.5056179775280899
666152,"Hamilton, David",138,0.9019607843137255,117,"68.408943913",0.06521739130434782,0.24786324786324787,0.21014492753623187,0.09401709401709402,0.07971014492753623,"7.212133406",12,-7.18723430023156,21,0.15217391304347827,49,0.35507246376811596
543760,"Semien, Marcus",202,0.9017857142857143,161,"68.222487376",0.019801980198019806,0.36645962732919257,0.29207920792079206,0.08074534161490683,0.06435643564356436,"7.835802921",8,-10.082372403504383,41,0.20297029702970298,82,0.40594059405940597
700337,"Quero, Edgar",131,0.903448275862069,100,"68.172216412",0.015267175572519085,0.36,0.2748091603053435,0.06,0.04580152671755725,"6.902363435",0,-9.557058628281379,31,0.2366412213740458,49,0.37404580152671757
663538,"Hoerner, Nico",197,0.8995433789954338,181,"68.11716665",0.02030456852791878,0.39226519337016574,0.3604060913705584,0.06077348066298342,0.05583756345177665,"7.345747868",4,-0.7175631410212606,16,0.08121827411167512,107,0.5431472081218274
807713,"Shaw, Matt",137,0.9013157894736842,114,"68.109252701",0.043795620437956206,0.3684210526315789,0.30656934306569344,0.09649122807017543,0.08029197080291971,"7.041567153",2,2.2487435611573092,23,0.1678832116788321,58,0.4233576642335766
643446,"McNeil, Jeff",186,0.8985507246376812,160,"68.07934086",0.016129032258064516,0.35625,0.3064516129032258,0.0625,0.053763440860215055,"7.150539516",6,-3.6154203140716437,26,0.13978494623655913,76,0.40860215053763443
702332,"Durbin, Caleb",150,0.8982035928143712,129,"68.0322974",0.00666666666666667,0.37209302325581395,0.32,0.08527131782945736,0.07333333333333333,"6.730597533",3,-9.34044125542459,21,0.14,75,0.5
687462,"Horwitz, Spencer",132,0.8979591836734694,111,"67.968960682",0.03787878787878789,0.43243243243243246,0.36363636363636365,0.10810810810810811,0.09090909090909091,"6.879284015",2,-2.240538318104139,21,0.1590909090909091,68,0.5151515151515151
621493,"Ward, Taylor",169,0.898936170212766,143,"67.912199645",0.011834319526627224,0.4405594405594406,0.3727810650887574,0.16083916083916083,0.13609467455621302,"6.778148402",6,-2.361940070676334,26,0.15384615384615385,83,0.4911242603550296
686217,"Frelick, Sal",157,0.9022988505747126,142,"67.885615096",0.03184713375796178,0.38028169014084506,0.34394904458598724,0.11971830985915492,0.10828025477707007,"7.130984586",5,-6.284173096192937,15,0.09554140127388536,76,0.4840764331210191
665926,"Giménez, Andrés",173,0.8963730569948186,131,"67.882318324",0.0578034682080925,0.3816793893129771,0.28901734104046245,0.07633587786259542,0.057803468208092484,"6.948661098",2,-2.140393666718628,42,0.24277456647398843,69,0.3988439306358382
689414,"Hicks, Liam",146,0.9012345679012346,135,"67.868879178",0.006849315068493152,0.4222222222222222,0.3904109589041096,0.15555555555555556,0.14383561643835616,"6.762590685",0,0.3568139800244925,11,0.07534246575342465,79,0.541095890410959
683737,"Busch, Michael",193,0.8976744186046511,150,"67.645454508",0.03626943005181348,0.36666666666666664,0.2849740932642487,0.10666666666666667,0.08290155440414508,"6.959028653",10,-12.058728853546938,43,0.22279792746113988,79,0.40932642487046633
683083,"Nuñez, Nasim",181,0.900497512437811,142,"67.415610663",0.016574585635359115,0.2887323943661972,0.2265193370165746,0.056338028169014086,0.04419889502762431,"6.662779724",5,-10.561058408108476,39,0.2154696132596685,65,0.35911602209944754
650402,"Torres, Gleyber",201,0.9013452914798207,162,"67.415106816",0.009950248756218909,0.3395061728395062,0.2736318407960199,0.06172839506172839,0.04975124378109453,"6.995149055",1,-9.34711954408074,39,0.19402985074626866,83,0.4129353233830846
670623,"Paredes, Isaac",182,0.900990099009901,150,"67.411193462",0.054945054945054944,0.36,0.2967032967032967,0.05333333333333334,0.04395604395604396,"7.833288352",1,-2.7769029443201134,32,0.17582417582417584,68,0.37362637362637363
694384,"Schanuel, Nolan",183,0.9014778325123153,155,"67.373520546",0.03825136612021859,0.3741935483870968,0.31693989071038253,0.08387096774193549,0.07103825136612021,"6.650265847",4,-6.495782529268378,28,0.15300546448087432,84,0.45901639344262296
669364,"Edwards, Xavier",172,0.9052631578947369,147,"67.219626163",0,0.48299319727891155,0.4127906976744186,0.10204081632653061,0.0872093023255814,"6.455107035",4,-1.4222509706903983,25,0.14534883720930233,91,0.5290697674418605
805367,"Meidroth, Chase",176,0.9072164948453608,148,"66.984995852",0.011363636363636364,0.3918918918918919,0.32954545454545453,0.10810810810810811,0.09090909090909091,"6.516196193",2,-3.9394940533083824,28,0.1590909090909091,73,0.4147727272727273
676391,"Clement, Ernie",191,0.9009433962264151,168,"66.725346754",0.02094240837696335,0.4107142857142857,0.3612565445026178,0.08928571428571429,0.07853403141361257,"7.143723927",8,0.7572645692698621,23,0.12041884816753927,101,0.5287958115183246
663968,"Mangum, Jake",146,0.9012345679012346,111,"66.448121575",0.02054794520547945,0.1891891891891892,0.14383561643835616,0.05405405405405406,0.0410958904109589,"6.623856027",5,-1.8405170164942481,35,0.23972602739726026,43,0.2945205479452055
672695,"Perdomo, Geraldo",148,0.896969696969697,131,"65.562463784",0,0.35877862595419846,0.31756756756756754,0.08396946564885496,0.07432432432432433,"6.789553851",3,-7.116776945504308,17,0.11486486486486487,68,0.4594594594594595
802415,"Simpson, Chandler",161,0.8994413407821229,148,"65.028835217",0.01242236024844721,0.42567567567567566,0.391304347826087,0.033783783783783786,0.031055900621118012,"6.608430373",2,-2.948036707108811,13,0.08074534161490683,91,0.5652173913043478
805779,"Wilson, Jacob",222,0.8987854251012146,192,"63.803628649",0.004504504504504507,0.3802083333333333,0.32882882882882886,0.0625,0.05405405405405406,"6.139293874",3,-3.729220469376023,30,0.13513513513513514,98,0.44144144144144143
680757,"Kwan, Steven",154,0.9005847953216374,147,"62.595545455",0,0.4013605442176871,0.38311688311688313,0.013605442176870748,0.012987012987012988,"6.472934091",4,-6.251398588153469,7,0.045454545454545456,85,0.551948051948052
650333,"Arraez, Luis",205,0.8991228070175439,189,"62.175782341",0,0.4497354497354497,0.4146341463414634,0.005291005291005291,0.004878048780487805,"5.753628976",2,-4.83115291895384,16,0.07804878048780488,103,0.5024390243902439