batter_id,player_name,stand,pa,k_pct_vs_rhp,bb_pct_vs_rhp,woba_vs_rhp,whiff_pct_vs_rhp,hr,singles,doubles
592450,"Judge, Aaron",R,33,0.242,0.091,0.632,0.328,5,4,2
664023,"Happ, Ian",L,32,0.219,0.281,0.493,0.389,1,2,2
677951,"Witt Jr., Bobby",R,32,0.219,0.094,0.339,0.234,2,5,0
624585,"Soler, Jorge",R,31,0.29,0.097,0.351,0.321,2,4,1
545361,"Trout, Mike",R,31,0.355,0.097,0.388,0.209,2,5,0
663757,"Grisham, Trent",L,31,0.097,0.129,0.303,0.077,1,1,3
687263,"Neto, Zach",R,31,0.452,0.097,0.227,0.373,0,2,2
672580,"Garcia, Maikel",R,30,0.133,0.033,0.247,0.209,0,3,2
608324,"Bregman, Alex",R,30,0.133,0.167,0.257,0.279,0,2,2
671056,"Herrera, Iván",R,30,0.267,0.167,0.427,0.286,0,5,4
680776,"Duran, Jarren",L,30,0.233,0.067,0.348,0.22,3,3,0
691023,"Walker, Jordan",R,30,0.233,0.133,0.545,0.26,2,8,2
693304,"Gonzales, Nick",R,30,0.133,0.1,0.439,0.22,0,9,2
804606,"Griffin, Konnor",R,30,0.2,0.1,0.409,0.34,1,6,2
666176,"Adell, Jo",R,29,0.276,0.034,0.266,0.256,0,8,0
694208,"Ballesteros, Moisés",L,29,0.069,0.138,0.265,0.278,2,1,0
672960,"Okamoto, Kazuma",R,29,0.241,0.138,0.466,0.309,4,3,0
670770,"Friedl, TJ",L,29,0.207,0.0,0.315,0.275,1,3,3
666182,"Bichette, Bo",R,29,0.103,0.069,0.299,0.07,1,6,0
521692,"Perez, Salvador",R,29,0.138,0.0,0.203,0.254,0,4,1
543760,"Semien, Marcus",R,29,0.207,0.034,0.15,0.228,0,4,0
666160,"Moniak, Mickey",L,29,0.207,0.138,0.552,0.418,2,5,2
687462,"Horwitz, Spencer",L,29,0.069,0.172,0.292,0.1,1,2,1
807712,"Keaschall, Luke",R,29,0.172,0.103,0.364,0.082,0,4,4
672640,"Lopez, Otto",R,28,0.214,0.0,0.334,0.234,0,6,3
670623,"Paredes, Isaac",R,28,0.107,0.107,0.442,0.107,1,8,1
661388,"Contreras, William",R,28,0.0,0.071,0.465,0.025,1,9,1
641355,"Bellinger, Cody",L,28,0.214,0.036,0.317,0.204,1,2,2
701398,"Stewart, Sal",R,28,0.179,0.036,0.132,0.292,0,2,1
665489,"Guerrero Jr., Vladimir",R,28,0.107,0.071,0.402,0.137,0,9,1
669003,"Mitchell, Garrett",L,28,0.321,0.107,0.188,0.31,0,2,1
663538,"Hoerner, Nico",R,28,0.0,0.071,0.334,0.068,0,4,3
701807,"Benge, Carson",L,28,0.179,0.107,0.316,0.2,1,4,1
676475,"Burleson, Alec",L,28,0.214,0.071,0.456,0.149,2,5,2
802139,"Wetherholt, JJ",L,28,0.143,0.036,0.487,0.275,3,3,3
656811,"O'Hearn, Ryan",L,28,0.179,0.107,0.355,0.238,1,4,1
668804,"Reynolds, Bryan",L,28,0.321,0.179,0.359,0.333,1,2,1
669065,"Stowers, Kyle",L,27,0.333,0.074,0.188,0.278,0,4,0
656941,"Schwarber, Kyle",L,27,0.296,0.222,0.415,0.417,2,2,1
665862,"Chisholm Jr., Jazz",L,27,0.185,0.148,0.34,0.234,1,5,0
673548,"Suzuki, Seiya",R,27,0.259,0.074,0.46,0.196,2,6,1
608070,"Ramírez, José",L,27,0.148,0.074,0.169,0.133,0,2,1
575929,"Contreras, Willson",R,27,0.222,0.074,0.389,0.245,1,5,1
701675,"Church, Nathan",L,27,0.222,0.0,0.256,0.229,1,1,3
691026,"Winn, Masyn",R,27,0.185,0.074,0.208,0.225,0,4,0
683737,"Busch, Michael",L,27,0.185,0.185,0.357,0.26,0,1,3
621439,"Buxton, Byron",R,27,0.148,0.111,0.521,0.302,4,3,1
665019,"Clemens, Kody",L,27,0.222,0.074,0.375,0.25,1,4,2
572233,"Walker, Christian",R,26,0.154,0.0,0.489,0.26,2,7,2
666969,"García, Adolis",R,26,0.154,0.077,0.27,0.269,0,5,1
547180,"Harper, Bryce",L,26,0.154,0.115,0.419,0.2,1,3,3
805300,"Marsee, Jakob",L,26,0.346,0.154,0.255,0.273,0,3,1
691785,"Mayer, Marcelo",L,26,0.192,0.038,0.291,0.277,0,7,0
694384,"Schanuel, Nolan",L,26,0.077,0.0,0.428,0.155,0,7,4
681624,"Pages, Andy",R,26,0.231,0.077,0.236,0.286,0,4,1
682829,"De La Cruz, Elly",L,26,0.346,0.115,0.374,0.324,1,5,1
686555,"Collins, Isaac",L,26,0.154,0.154,0.397,0.219,1,3,2
665742,"Soto, Juan",L,26,0.192,0.192,0.456,0.154,2,3,1
683146,"Baty, Brett",L,26,0.192,0.231,0.236,0.267,0,2,0
681198,"Rumfield, TJ",L,26,0.115,0.077,0.362,0.136,1,4,2
665833,"Cruz, Oneil",L,26,0.308,0.077,0.314,0.3,1,4,1
666139,"Lowe, Josh",L,25,0.2,0.0,0.187,0.148,1,3,0
607208,"Turner, Trea",R,25,0.28,0.0,0.307,0.231,1,5,1
668715,"Steer, Spencer",R,25,0.12,0.12,0.378,0.222,0,7,1
663993,"Lowe, Nathaniel",L,25,0.28,0.12,0.45,0.263,2,3,2
678882,"Rafaela, Ceddanne",R,25,0.28,0.0,0.219,0.273,0,4,1
676609,"Caballero, José",R,25,0.12,0.08,0.349,0.24,1,3,1
662139,"Varsho, Daulton",L,25,0.24,0.12,0.334,0.286,1,2,2
669357,"Gorman, Nolan",L,25,0.32,0.04,0.345,0.34,2,3,1
678662,"Tovar, Ezequiel",R,25,0.32,0.04,0.098,0.338,0,2,0
666397,"Julien, Edouard",L,25,0.28,0.16,0.411,0.333,1,4,1
664040,"Lowe, Brandon",L,25,0.16,0.2,0.323,0.239,0,1,3
686217,"Frelick, Sal",L,24,0.0,0.125,0.438,0.026,2,4,0
518692,"Freeman, Freddie",L,24,0.167,0.0,0.305,0.22,0,8,0
641343,"Bauers, Jake",L,24,0.208,0.167,0.415,0.333,0,3,3
677594,"Rodríguez, Julio",R,24,0.083,0.042,0.383,0.14,0,4,4
593428,"Bogaerts, Xander",R,24,0.292,0.083,0.215,0.225,1,2,0
677800,"Abreu, Wilyer",L,24,0.208,0.292,0.289,0.237,0,1,1
666152,"Hamilton, David",L,24,0.25,0.042,0.279,0.263,0,4,2
663656,"Tucker, Kyle",L,24,0.125,0.125,0.384,0.25,1,3,2
695506,"Caglianone, Jac",L,24,0.333,0.125,0.365,0.34,2,3,0
664761,"Bohm, Alec",R,24,0.083,0.042,0.138,0.111,0,3,0
681082,"Stott, Bryson",L,24,0.333,0.042,0.187,0.217,1,0,0
669364,"Edwards, Xavier",L,24,0.0,0.167,0.398,0.069,1,4,1
691718,"Crow-Armstrong, Pete",L,24,0.208,0.042,0.304,0.191,1,2,1
695600,"Jensen, Carter",L,24,0.333,0.167,0.188,0.396,0,2,0
682985,"Greene, Riley",L,24,0.458,0.167,0.309,0.37,1,3,0
666018,"Aranda, Jonathan",L,24,0.25,0.0,0.432,0.333,1,9,0
681481,"Carpenter, Kerry",L,24,0.333,0.083,0.314,0.269,0,2,1
663616,"Larnach, Trevor",L,24,0.167,0.167,0.488,0.278,0,5,2
700250,"Rice, Ben",L,24,0.083,0.125,0.506,0.133,2,4,2
641857,"McMahon, Ryan",L,23,0.304,0.0,0.261,0.381,0,4,2
805367,"Meidroth, Chase",R,23,0.435,0.043,0.237,0.275,0,4,1
668930,"Turang, Brice",L,23,0.174,0.13,0.5,0.204,1,7,1
641487,"Crawford, J.P.",L,23,0.13,0.13,0.343,0.163,2,2,0
571970,"Muncy, Max",L,23,0.174,0.174,0.289,0.235,0,3,1
665487,"Tatis Jr., Fernando",R,23,0.261,0.043,0.183,0.391,0,4,0
650859,"Rengifo, Luis",L,23,0.087,0.087,0.267,0.184,0,4,1
643217,"Benintendi, Andrew",L,23,0.304,0.043,0.208,0.389,0,3,1
680757,"Kwan, Steven",L,23,0.087,0.13,0.268,0.069,0,1,2
660821,"Sánchez, Jesús",L,23,0.087,0.0,0.241,0.186,1,4,0
686469,"Pasquantino, Vinnie",L,23,0.261,0.087,0.448,0.17,1,5,2
696100,"Goodman, Hunter",R,23,0.391,0.0,0.357,0.312,3,1,1
542303,"Ozuna, Marcell",R,23,0.304,0.087,0.317,0.27,1,3,1
802415,"Simpson, Chandler",L,23,0.13,0.043,0.327,0.147,0,6,1
686797,"Lee, Brooks",L,23,0.261,0.087,0.301,0.231,1,4,0
702332,"Durbin, Caleb",R,23,0.087,0.087,0.182,0.089,0,3,0
669394,"Burger, Jake",R,23,0.435,0.0,0.257,0.488,1,3,1
605137,"Bell, Josh",L,23,0.174,0.043,0.106,0.24,0,2,0
695657,"Montgomery, Colson",L,22,0.182,0.182,0.408,0.237,2,2,0
670541,"Alvarez, Yordan",L,22,0.182,0.091,0.465,0.222,1,5,1
808959,"Murakami, Munetaka",L,22,0.364,0.091,0.287,0.558,2,1,0
702222,"Crawford, Justin",L,22,0.182,0.0,0.328,0.133,0,5,1
803011,"Antonacci, Sam",L,22,0.136,0.136,0.518,0.222,0,6,1
701538,"Merrill, Jackson",L,22,0.136,0.045,0.323,0.192,1,5,0
694728,"Matthews, Brice",R,22,0.318,0.091,0.408,0.472,1,4,1
682626,"Alvarez, Francisco",R,22,0.364,0.0,0.153,0.368,0,1,2
669004,"Melendez, MJ",L,22,0.273,0.045,0.373,0.293,1,4,1
687859,"Johnston, Troy",L,22,0.227,0.182,0.438,0.304,0,5,2
691406,"Caminero, Junior",R,22,0.227,0.136,0.307,0.143,0,5,0
679529,"Torkelson, Spencer",R,22,0.318,0.045,0.352,0.2,2,2,1
680574,"McLain, Matt",R,22,0.273,0.045,0.168,0.302,0,2,1
805808,"McGonigle, Kevin",L,22,0.045,0.136,0.333,0.089,0,6,0
701350,"Anthony, Roman",L,22,0.273,0.136,0.327,0.282,0,3,2
606192,"Hernández, Teoscar",R,21,0.238,0.143,0.266,0.188,0,4,0
668227,"Arozarena, Randy",R,21,0.286,0.19,0.411,0.179,0,3,1
660162,"Moncada, Yoán",L,21,0.429,0.0,0.143,0.263,0,2,1
678246,"Vargas, Miguel",R,21,0.333,0.095,0.33,0.293,1,4,0
808975,"Kim, Hyeseong",L,21,0.0,0.048,0.301,0.162,0,5,1
683002,"Henderson, Gunnar",L,21,0.238,0.048,0.235,0.263,0,2,2
683953,"Bazzana, Travis",L,21,0.095,0.238,0.304,0.133,0,3,0
668709,"Bleday, JJ",L,21,0.143,0.19,0.624,0.325,3,2,1
689414,"Hicks, Liam",L,21,0.143,0.143,0.394,0.118,2,2,0
701358,"Smith, Cam",R,21,0.429,0.095,0.322,0.5,1,3,0
669016,"Marsh, Brandon",L,21,0.238,0.048,0.378,0.139,0,4,3
676391,"Clement, Ernie",R,21,0.048,0.095,0.305,0.132,1,2,1
673962,"Jung, Josh",R,21,0.095,0.048,0.466,0.129,0,7,2
624413,"Alonso, Pete",R,20,0.1,0.2,0.447,0.235,2,1,1
660271,"Ohtani, Shohei",L,20,0.2,0.25,0.293,0.296,0,1,1
592518,"Machado, Manny",R,20,0.3,0.05,0.281,0.196,2,1,0
669236,"Jackson, Jeremiah",R,20,0.2,0.0,0.296,0.256,1,3,1
686948,"Baldwin, Drake",L,20,0.25,0.15,0.42,0.35,1,3,1
657656,"Laureano, Ramón",R,20,0.4,0.1,0.302,0.378,1,3,0
687363,"Scott II, Victor",L,20,0.3,0.1,0.277,0.27,1,1,1
682177,"Schneemann, Daniel",L,20,0.35,0.0,0.176,0.209,0,4,0
677587,"Rocchio, Brayan",L,20,0.05,0.05,0.221,0.158,0,4,0
690993,"Keith, Colt",L,20,0.25,0.05,0.254,0.217,0,5,0
686681,"Massey, Michael",L,20,0.35,0.1,0.069,0.302,0,0,0
668904,"Lewis, Royce",R,20,0.35,0.0,0.088,0.458,0,2,0
682928,"Abrams, CJ",L,20,0.2,0.1,0.302,0.22,1,3,0
680777,"Jeffers, Ryan",R,20,0.15,0.1,0.346,0.159,1,4,0
545121,"Vargas, Ildemaro",L,20,0.1,0.1,0.575,0.143,1,6,1
