player_id,pitch_type,pa_vs_pitch,woba_vs_pitch,whiff_pct_vs_pitch
457705,FF,8,0.2,7.7
457705,SI,3,0.6,0.0
500743,CH,1,0.0,50.0
500743,FF,8,0.562,10.0
500743,SI,5,0.64,16.7
502054,FF,3,0.233,28.6
502054,SL,6,0.0,25.0
502671,CH,3,0.0,20.0
502671,FF,5,0.14,33.3
514888,CH,5,0.0,9.1
514888,CU,2,0.0,36.4
514888,FF,5,0.43,0.0
514888,SI,5,0.18,16.7
516782,CH,7,0.386,36.4
516782,FF,4,0.225,18.8
518595,CH,3,0.3,40.0
518692,FF,5,0.57,33.3
518692,SI,5,0.0,16.7
518692,SL,6,0.3,33.3
518692,ST,3,0.0,60.0
519317,CH,9,0.278,36.4
519317,CU,2,0.625,80.0
519317,FF,4,0.0,18.2
519317,SL,3,0.667,60.0
521692,CH,4,0.5,25.0
521692,FF,7,0.414,37.5
521692,SI,3,0.6,0.0
542303,CH,4,0.225,71.4
542303,FC,4,0.675,20.0
542303,FF,2,0.625,12.5
542303,SI,3,0.533,40.0
542303,SL,2,0.9,33.3
543510,CH,4,0.225,25.0
543510,FF,2,0.45,20.0
543510,ST,5,0.18,27.3
543760,FF,4,0.45,8.3
543760,SL,7,0.257,23.1
543877,FF,3,0.6,0.0
545121,CH,5,0.58,33.3
545121,CU,1,0.0,60.0
545121,FF,9,0.4,18.2
545121,FS,3,0.0,20.0
545341,FC,3,0.417,16.7
545341,FF,6,0.358,20.0
545361,CH,4,0.175,18.2
545361,FC,6,0.833,0.0
545361,FF,5,0.54,23.1
545361,SI,2,0.0,0.0
547180,FF,10,0.27,26.7
547180,SI,8,0.625,5.9
547180,SL,7,0.286,39.1
547180,ST,6,0.208,50.0
553869,FF,3,0.65,20.0
571448,FF,6,0.842,0.0
571970,CU,4,0.225,42.9
571970,FF,3,0.717,33.3
571970,SL,4,0.175,60.0
572233,CH,7,0.257,28.6
572233,CU,1,0.0,80.0
572233,FF,6,0.35,16.7
572233,SI,4,0.525,20.0
573262,SI,3,0.533,20.0
575929,CH,9,0.1,52.9
575929,FF,5,0.54,45.5
575929,SI,3,0.967,0.0
592206,FF,4,0.312,0.0
592450,CH,7,0.329,53.8
592450,FF,7,0.486,23.5
592450,SL,4,0.225,20.0
592518,FF,3,0.233,22.2
592663,FF,4,0.0,7.1
592663,FS,1,0.0,16.7
592663,SI,3,0.0,0.0
593428,CH,2,0.45,33.3
593428,FF,3,0.6,0.0
593428,SI,4,0.175,0.0
593871,FF,4,0.225,20.0
595879,CH,7,0.0,41.7
595879,FF,6,0.6,15.4
595879,SI,2,0.0,60.0
595978,CH,3,0.3,0.0
595978,FF,4,0.312,0.0
596019,SL,3,0.6,42.9
596103,CH,0,,60.0
596103,FF,4,0.175,28.6
596103,SI,4,0.225,30.0
596115,CH,5,0.18,61.5
596115,CU,2,0.35,40.0
596115,FC,3,0.3,20.0
596115,FF,6,0.417,23.1
596115,SL,4,0.537,25.0
596142,CH,2,0.0,62.5
596142,CU,3,0.3,40.0
596142,FF,6,0.742,12.5
605137,CH,8,0.425,16.7
605137,FC,2,0.45,0.0
605137,FF,3,0.3,14.3
605137,SI,6,0.358,28.6
605137,SL,3,0.3,0.0
605170,CH,5,0.0,33.3
605170,FF,2,0.45,16.7
606192,FF,7,0.407,7.7
606466,CH,6,0.15,45.5
606466,FF,3,0.717,18.2
606466,SI,3,0.6,12.5
607043,FF,9,0.217,45.5
607043,SI,11,0.391,23.8
607043,SL,7,0.357,53.8
607208,CH,1,0.0,36.4
607208,FF,14,0.55,6.2
607208,FS,0,,66.7
607208,SI,5,0.14,0.0
607208,SL,8,0.0,27.3
608070,CH,7,0.543,30.0
608070,FC,2,0.625,20.0
608070,FF,3,0.667,11.1
608070,SL,6,0.267,10.0
608324,CH,4,0.4,0.0
608324,FF,5,0.32,0.0
608324,SI,5,0.64,0.0
608324,SL,4,0.4,16.7
608324,ST,5,0.32,50.0
608348,CH,6,0.75,38.5
608348,FF,7,0.229,10.0
608348,SL,7,0.586,30.0
608369,FF,7,0.357,27.3
608369,SI,9,0.217,30.0
608369,SL,7,0.229,40.0
608701,CH,5,0.0,28.6
608701,FF,6,0.333,8.3
609280,CH,3,0.0,0.0
609280,FF,5,0.39,14.3
620443,FF,2,0.0,40.0
621020,CH,3,0.3,33.3
621020,FF,10,0.68,29.4
621020,SI,4,0.5,30.0
621020,SL,7,0.129,38.5
621020,ST,4,0.725,22.2
621043,CH,4,0.0,33.3
621043,CU,3,0.833,0.0
621043,FF,10,0.59,11.8
621043,SI,7,0.536,11.1
621438,FF,7,0.414,19.2
621438,SL,5,0.18,36.4
621439,CH,9,0.2,11.8
621439,FF,5,0.32,37.5
621439,SI,1,0.0,50.0
621493,CH,6,0.117,0.0
621493,FC,2,0.35,20.0
621493,FF,11,0.455,0.0
621493,SI,5,0.5,14.3
621566,CH,1,0.0,16.7
621566,CU,2,0.0,40.0
621566,FF,4,0.175,37.5
621566,SI,18,0.328,27.8
621566,SL,4,0.0,42.9
621566,ST,6,0.542,30.0
622761,CH,2,0.0,100.0
622761,FF,3,0.667,20.0
622761,SI,1,0.0,0.0
622761,SL,2,0.0,60.0
623168,FF,2,0.0,16.7
624413,CH,10,0.32,28.6
624413,FF,14,0.386,17.2
624413,SI,1,0.0,40.0
624428,SI,2,0.45,16.7
624585,CH,5,0.57,33.3
624585,FC,2,0.0,16.7
624585,FF,7,0.386,30.0
624641,CH,2,0.0,37.5
624641,FF,8,0.381,17.6
624641,FS,3,0.0,57.1
624641,SL,4,0.225,42.9
630105,SI,2,0.0,20.0
641343,FF,5,0.39,0.0
641343,ST,3,0.3,33.3
641355,FF,10,0.41,14.3
641355,SI,9,0.356,0.0
641355,SL,5,0.94,12.5
641487,FF,8,0.262,33.3
641487,SI,8,0.4,0.0
641487,SL,6,0.15,11.8
641555,FF,5,0.79,9.1
641598,FF,13,0.369,15.0
641680,CH,7,0.307,33.3
641857,FF,7,0.129,29.4
641933,FF,5,0.14,22.2
642201,CH,5,0.32,50.0
642201,FF,5,0.72,15.4
642201,ST,2,0.45,40.0
642215,CH,3,0.3,38.1
642215,FF,6,0.358,18.2
642708,CH,5,0.4,25.0
642708,FC,3,0.667,16.7
642708,FF,13,0.177,23.5
642708,SL,1,0.9,0.0
642715,CH,4,0.225,20.0
642715,FF,8,0.113,28.6
642715,SI,4,0.4,57.1
642715,SL,6,0.0,30.8
642851,CH,4,0.225,14.3
642851,FF,5,0.14,20.0
643217,SI,3,0.6,11.1
643217,SL,4,0.0,62.5
643289,CH,7,0.129,21.4
643289,FF,4,0.225,0.0
643289,SI,4,0.225,0.0
643376,FF,6,0.5,40.0
643396,CH,3,0.3,20.0
643396,FF,4,0.0,12.5
643446,CH,4,0.225,0.0
643446,FF,4,0.575,33.3
643446,SI,7,0.129,0.0
643446,SL,1,0.7,16.7
645277,CH,6,0.842,18.2
645277,CU,4,0.537,12.5
645277,FF,4,0.675,33.3
645277,SI,10,0.43,10.5
645277,SL,4,0.45,12.5
646240,FF,7,0.0,57.1
646240,SI,7,0.536,17.4
646240,SL,7,0.486,18.2
646240,ST,4,0.175,50.0
647304,FF,2,0.35,0.0
647304,SI,6,0.358,11.1
647304,SL,10,0.18,50.0
650333,CH,1,0.0,0.0
650333,FF,3,0.417,14.3
650333,SI,16,0.247,0.0
650333,SL,4,0.0,12.5
650391,CH,4,0.0,16.7
650391,CU,2,0.0,20.0
650402,CH,5,0.14,20.0
650402,FF,14,0.304,8.3
650402,SI,7,0.4,12.5
650489,CH,5,0.39,16.7
650489,FF,7,0.257,35.0
650489,SL,3,0.0,27.3
650490,CH,2,0.0,20.0
650490,FC,3,0.533,50.0
650490,FF,4,0.5,18.2
650859,CH,5,0.43,10.0
650859,CU,5,0.0,16.7
650859,FC,4,0.225,28.6
650859,FF,4,0.225,0.0
650968,FF,3,0.0,0.0
655316,CH,3,0.667,50.0
655316,CU,2,0.0,40.0
655316,FC,1,0.0,20.0
655316,FF,4,0.175,12.5
655316,SI,6,0.358,28.6
655316,SL,3,0.0,0.0
656305,CH,5,0.25,0.0
656305,FF,7,0.357,38.5
656305,SI,6,0.592,50.0
656305,SL,2,0.35,40.0
656484,FF,1,0.9,20.0
656537,CH,4,0.45,44.4
656537,FC,4,0.175,50.0
656537,FF,5,0.8,14.3
656537,SL,4,0.45,0.0
656555,CH,5,0.0,40.0
656555,FC,1,0.0,40.0
656555,FF,3,0.0,0.0
656555,SI,4,0.35,44.4
656582,CH,2,0.0,60.0
656582,FF,4,0.0,22.2
656775,SI,3,0.467,0.0
656811,FF,4,0.45,0.0
656811,SI,6,0.475,25.0
656811,ST,4,0.225,50.0
656941,CU,4,0.675,33.3
656941,FF,11,0.391,11.1
656941,SI,10,0.285,18.5
656941,SL,6,0.383,14.3
656941,ST,2,0.625,30.0
657041,CH,5,0.54,16.7
657041,FF,5,0.32,21.4
657041,SI,4,0.675,28.6
657136,CH,2,0.0,80.0
657136,FF,5,0.14,0.0
657656,CH,4,0.225,28.6
657656,FC,3,0.0,42.9
657656,FF,6,0.325,27.3
660271,FF,5,0.32,0.0
660271,SI,5,0.72,14.3
660271,SL,5,0.0,50.0
660271,ST,4,0.713,50.0
660670,CH,7,0.257,45.5
660670,FF,3,0.0,25.0
660670,SI,4,0.0,12.5
660670,SL,3,0.233,66.7
660688,FF,4,0.537,0.0
660821,SL,3,0.0,16.7
660844,FF,9,0.156,20.0
661388,CH,1,0.9,16.7
661388,CU,5,0.18,20.0
661388,FC,3,0.6,0.0
661388,FF,4,0.0,16.7
661388,SI,4,0.312,0.0
662139,CH,2,0.35,0.0
662139,CU,2,0.625,12.5
662139,FF,5,0.0,22.2
662139,SL,6,0.15,20.0
663330,CH,4,0.225,54.5
663330,CU,3,0.417,20.0
663330,FC,1,0.0,0.0
663330,FF,14,0.332,12.5
663330,SI,6,0.783,0.0
663368,FF,6,0.325,22.2
663538,CH,7,0.0,33.3
663538,FF,10,0.38,7.7
663538,SI,7,0.671,0.0
663586,CH,8,0.2,71.4
663586,CU,3,0.233,37.5
663586,FF,5,0.72,30.8
663586,SI,5,0.54,10.0
663586,SL,3,0.0,20.0
663604,CH,3,0.3,71.4
663604,FC,2,0.35,33.3
663604,FF,5,0.32,25.0
663616,FF,4,0.175,0.0
663616,ST,2,0.0,60.0
663647,FF,4,0.625,40.0
663656,SI,3,0.0,12.5
663656,SL,6,0.15,30.0
663698,FF,6,0.208,25.0
663728,CH,4,0.675,25.0
663728,FF,7,0.229,21.4
663728,SL,4,0.5,33.3
663743,CH,5,0.18,60.0
663743,FC,3,0.0,0.0
663743,FF,6,0.3,20.0
663743,SL,0,,20.0
663757,FF,11,0.373,7.1
663757,SI,5,0.25,0.0
663757,SL,3,0.0,50.0
663837,CH,5,0.0,18.2
663837,FF,10,0.445,6.7
663837,SI,6,0.117,12.5
663886,CH,3,0.233,0.0
663968,CH,4,0.45,25.0
663968,FF,2,0.625,18.8
663993,SI,5,0.0,9.1
663993,ST,0,,20.0
664023,CH,7,0.1,57.1
664023,FF,3,0.233,0.0
664023,SI,8,0.225,0.0
664023,SL,4,0.725,28.6
664023,ST,4,0.5,16.7
664034,FF,4,0.225,15.4
664040,SI,4,0.575,27.3
664040,ST,5,0.4,41.7
664059,FF,6,0.267,27.3
664238,FF,5,0.14,18.2
664702,FF,12,0.388,5.3
664761,CH,7,0.536,11.1
664761,FF,7,0.129,31.2
664761,SI,6,0.15,0.0
665487,FF,5,0.36,14.3
665489,CH,6,0.6,55.6
665489,CU,2,0.45,0.0
665489,FF,5,0.32,0.0
665561,FF,3,0.3,0.0
665742,FF,7,0.129,25.0
665742,SI,3,0.0,0.0
665742,SL,5,0.46,20.0
665750,CH,4,0.175,33.3
665750,FC,4,0.45,33.3
665750,FF,8,0.287,21.4
665804,CH,5,0.18,66.7
665804,SI,3,0.3,0.0
665833,FC,3,1.383,20.0
665833,FF,4,0.0,37.5
665833,SI,6,0.15,14.3
665833,SL,5,0.18,54.5
665833,ST,4,0.45,57.1
665862,FF,9,0.378,40.0
665862,SI,6,0.417,11.1
665862,SL,5,0.0,33.3
665877,FF,6,0.717,7.1
665926,FF,3,0.0,16.7
665926,SI,5,0.36,11.1
666018,FC,2,0.35,80.0
666018,FF,5,0.0,35.7
666018,SL,4,0.225,33.3
666023,FF,3,0.3,14.3
666023,SI,2,0.625,0.0
666126,FF,4,0.762,42.9
666139,SI,6,0.0,0.0
666152,FF,4,0.225,20.0
666152,SI,4,0.675,0.0
666160,SL,4,0.5,30.8
666160,ST,6,0.333,37.5
666176,CH,9,0.0,43.8
666176,FF,10,0.56,11.1
666176,ST,3,0.3,40.0
666182,CU,2,0.0,20.0
666182,FF,7,0.129,0.0
666182,SL,5,0.5,20.0
666310,FC,2,0.625,0.0
666397,SL,3,0.0,66.7
666464,CH,6,0.117,33.3
666464,FF,2,0.45,0.0
666969,CH,1,0.0,71.4
666969,FF,8,0.087,30.0
666969,SL,8,0.362,21.4
666971,CH,2,0.0,57.1
666971,FF,6,0.358,20.0
667472,FF,4,0.35,0.0
667472,SI,5,0.68,0.0
667472,SL,3,0.0,57.1
667670,CH,3,0.3,33.3
667670,FF,6,0.333,45.5
668227,CH,4,0.225,37.5
668227,CU,3,0.667,20.0
668227,FF,9,0.578,35.3
668709,SI,3,0.0,0.0
668715,SI,5,0.18,33.3
668723,CH,5,0.54,0.0
668723,FF,6,0.567,0.0
668804,CH,4,0.225,28.6
668804,CU,5,0.14,40.0
668804,FF,6,0.475,35.3
668804,SI,5,0.64,0.0
668804,SL,1,0.0,57.1
668885,CH,3,0.0,42.9
668885,FF,8,0.65,0.0
668885,SI,7,0.557,0.0
668885,SL,3,0.233,60.0
668901,CH,3,0.717,20.0
668901,CU,3,0.417,0.0
668901,FF,6,0.267,0.0
668901,SL,4,0.0,50.0
668930,FF,7,0.5,12.5
668930,SI,8,0.425,0.0
668939,CH,4,0.225,33.3
668939,FF,6,0.667,9.1
668939,SI,3,0.3,25.0
668939,SL,3,0.0,20.0
668939,ST,3,0.6,0.0
668952,FF,4,0.812,0.0
669003,FF,6,0.5,0.0
669003,SI,6,0.383,12.5
669016,FF,5,0.32,12.5
669016,SI,3,0.533,20.0
669016,SL,4,0.225,57.1
669016,ST,5,0.0,10.0
669065,FF,3,0.0,37.5
669065,SI,3,0.233,0.0
669065,SL,4,0.225,12.5
669065,ST,3,0.3,20.0
669127,CH,9,0.539,47.6
669127,CU,5,0.43,20.0
669127,FF,9,0.456,16.7
669224,CU,1,0.0,40.0
669224,FC,2,0.8,20.0
669224,FF,8,0.338,5.6
669224,SI,5,0.0,20.0
669224,SL,6,0.417,27.3
669236,CH,7,0.229,38.5
669236,FF,7,0.514,17.6
669236,SL,4,0.225,40.0
669257,CH,2,0.35,0.0
669257,FF,5,0.18,20.0
669257,SL,3,0.3,20.0
669289,SI,3,0.3,0.0
669326,FC,3,0.3,50.0
669326,FF,3,0.3,60.0
669357,FF,2,0.0,0.0
669357,SL,2,0.45,57.1
669364,FF,4,0.675,16.7
669364,SL,4,0.175,0.0
669394,CH,5,0.36,33.3
669394,FF,8,0.087,37.5
669394,SL,2,0.35,50.0
669477,CH,5,0.36,14.3
669477,FF,8,0.225,18.2
669477,SL,1,0.0,20.0
669477,ST,5,0.4,25.0
669701,SI,1,0.9,20.0
669743,FF,4,0.225,0.0
670541,FF,1,0.0,37.5
670541,SI,14,0.179,10.5
670541,SL,6,0.45,30.0
670541,ST,3,0.0,10.0
670623,CH,5,0.43,14.3
670623,FF,7,0.229,0.0
670623,SI,6,0.383,33.3
670764,CH,5,0.0,60.0
670764,FC,2,0.45,16.7
670764,FF,9,0.394,5.3
671056,CH,4,0.5,42.9
671056,FF,10,0.23,25.0
671218,CH,3,0.233,50.0
671218,CU,4,0.0,0.0
671218,FF,6,0.867,25.0
671218,SI,4,0.537,50.0
671218,SL,3,1.2,40.0
671277,SL,3,0.3,0.0
671286,CH,3,0.0,11.1
671286,FF,3,0.233,0.0
671289,FF,6,0.567,14.3
671289,ST,1,0.0,0.0
671732,FF,3,0.3,25.0
671739,SI,9,0.378,16.7
671739,ST,5,0.43,30.0
672016,FF,4,0.537,14.3
672275,CH,2,0.0,66.7
672275,FF,3,0.3,37.5
672275,SL,4,0.725,22.2
672580,SI,3,0.0,0.0
672640,CH,6,0.633,37.5
672640,FF,3,0.0,12.5
672640,SL,2,0.9,46.2
672695,CH,6,0.567,10.0
672695,FC,3,0.0,20.0
672695,FF,6,0.958,0.0
672695,SI,6,0.417,16.7
672724,CH,7,0.543,46.7
672724,CU,3,0.0,37.5
672724,FC,4,0.175,50.0
672724,FF,8,0.675,23.1
672724,SL,2,0.625,40.0
672761,CH,3,0.0,14.3
672761,FF,11,0.127,16.7
672761,SI,4,0.725,14.3
672820,CU,2,0.0,33.3
672820,FF,1,1.25,25.0
672820,SL,3,0.0,57.1
672960,FF,7,0.414,30.0
672960,SL,2,0.45,16.7
673237,CH,8,0.381,0.0
673237,FF,4,0.0,37.5
673357,CH,1,0.0,50.0
673548,FF,5,0.25,16.7
673548,SI,8,0.338,15.4
673548,ST,5,0.5,20.0
673962,FC,1,0.0,14.3
673962,FF,7,0.307,0.0
675659,FF,3,0.0,33.3
676356,CH,7,0.257,14.3
676356,FC,1,2.0,28.6
676356,FF,5,0.14,21.4
676356,SI,3,0.65,28.6
676356,SL,3,0.417,33.3
676391,CH,5,0.25,26.7
676391,CU,5,0.0,0.0
676391,FF,4,0.225,0.0
676475,FF,9,0.361,28.6
676475,SI,4,0.4,28.6
676475,SL,7,0.129,7.7
676475,ST,3,0.3,20.0
676609,CH,2,0.0,40.0
676609,FF,15,0.397,25.0
676609,SI,3,0.6,0.0
676609,SL,4,0.5,20.0
676914,FF,6,0.442,54.5
676914,SL,4,0.0,50.0
677587,CH,6,0.15,40.0
677587,FC,3,0.6,16.7
677587,FF,6,0.867,18.2
677587,SI,3,0.0,0.0
677592,CH,11,0.359,50.0
677592,FF,3,0.533,0.0
677594,CH,3,0.967,28.6
677594,CU,2,0.45,40.0
677594,FF,9,0.4,27.8
677594,SL,4,0.5,14.3
677595,SL,5,0.18,50.0
677649,CH,3,0.65,16.7
677649,FF,5,0.0,10.0
677800,FC,4,0.675,20.0
677800,FF,3,0.0,28.6
677800,SI,8,0.225,13.3
677800,SL,4,0.625,28.6
677800,ST,3,0.533,0.0
677942,CH,6,0.3,25.0
677942,FF,6,0.117,38.9
677951,CH,3,0.667,12.5
677951,FF,3,0.533,20.0
677951,SI,4,0.537,0.0
677956,CH,1,0.0,58.3
677956,CU,1,0.0,33.3
677956,SI,1,0.0,0.0
678218,FF,3,0.233,14.3
678218,SL,1,2.0,20.0
678246,CH,6,0.3,0.0
678246,FC,3,0.3,40.0
678246,FF,12,0.808,16.7
678246,SI,4,0.5,0.0
678246,SL,2,0.0,16.7
678489,CH,1,0.0,16.7
678489,FC,0,,40.0
678489,FF,10,0.32,0.0
678554,CH,4,0.5,0.0
678554,FF,10,0.34,10.5
678554,SI,4,0.0,33.3
678662,CH,1,0.9,40.0
678662,FF,10,0.16,30.0
678882,CH,7,0.536,33.3
678882,CU,2,0.8,28.6
678882,FC,2,0.45,25.0
678882,FF,5,0.43,26.7
679529,CH,9,0.294,54.5
679529,CU,3,0.0,33.3
679529,FF,7,0.557,7.1
679529,SI,2,0.0,0.0
679529,ST,3,0.833,20.0
679845,FF,5,0.39,11.1
680574,CH,2,0.0,14.3
680574,FF,5,0.14,16.7
680574,SI,4,0.675,0.0
680728,FF,1,0.0,33.3
680728,SI,2,0.0,33.3
680728,SL,4,0.0,16.7
680757,FF,5,0.32,20.0
680757,SI,8,0.225,7.1
680757,SL,6,0.15,11.1
680776,SI,5,0.43,0.0
680776,SL,4,0.0,50.0
680777,CH,5,0.14,33.3
680777,FC,5,0.54,0.0
680777,FF,6,0.417,11.1
680777,SI,4,0.4,0.0
680869,CH,1,0.9,42.9
680869,FF,10,0.07,36.0
681082,SI,1,0.0,0.0
681082,ST,4,0.0,20.0
681198,FF,10,0.16,5.0
681198,SI,6,0.0,0.0
681198,SL,3,0.0,28.6
681198,ST,5,0.36,54.5
681351,CH,3,0.0,60.0
681351,FF,4,0.0,11.1
681351,SL,4,0.225,33.3
681393,CH,5,0.0,33.3
681393,SL,3,0.233,28.6
681624,FF,3,0.417,25.0
681624,SI,3,0.3,0.0
681624,SL,3,0.0,40.0
681715,SL,3,0.3,50.0
681807,CH,4,0.175,16.7
681807,FF,7,0.514,18.2
681807,SI,3,0.467,14.3
682177,SI,4,0.4,20.0
682177,SL,5,0.4,55.6
682177,ST,5,0.5,66.7
682626,FF,4,0.225,30.0
682626,SL,7,0.307,23.1
682657,CH,6,0.3,8.3
682657,FF,2,0.0,12.5
682657,SI,3,0.3,0.0
682663,FF,5,0.18,14.3
682663,SL,2,1.075,40.0
682668,CH,5,0.0,58.3
682668,FF,4,0.0,0.0
682829,CH,6,0.267,50.0
682829,SL,1,0.0,60.0
682877,FF,3,0.417,20.0
682928,FF,4,0.487,0.0
682928,SI,3,0.3,20.0
682928,SL,6,0.15,46.2
682985,FC,0,,40.0
682985,FF,14,0.2,56.2
682985,SI,12,0.55,0.0
682985,ST,2,1.0,40.0
682998,FF,6,0.5,20.0
682998,SI,4,0.625,30.0
682998,SL,9,0.478,21.4
682998,ST,6,0.3,28.6
683002,FF,7,0.1,21.4
683002,SI,6,0.208,9.1
683002,SL,6,0.15,42.9
683002,ST,4,0.0,33.3
683083,FF,5,0.46,10.0
683737,FF,9,0.178,0.0
683737,SI,17,0.462,11.5
683737,SL,4,0.175,42.9
683737,ST,3,0.0,66.7
683953,FF,2,0.45,28.6
686217,ST,3,0.0,80.0
686469,FF,5,0.46,0.0
686469,SI,2,0.0,0.0
686555,FF,9,0.378,7.1
686555,SI,2,0.35,0.0
686668,CH,3,0.3,60.0
686668,FF,9,0.233,25.0
686668,SL,6,0.358,37.5
686681,FF,4,0.312,30.0
686780,FF,4,0.0,33.3
686780,SL,5,0.0,0.0
686797,CH,9,0.178,20.0
686797,SI,6,0.417,10.0
686797,SL,2,0.45,33.3
686797,ST,0,,0.0
686894,FF,5,0.5,30.8
686948,CH,5,0.5,33.3
686948,FF,5,0.5,12.5
686948,SI,20,0.492,10.7
686948,SL,3,0.3,60.0
687093,CH,6,0.15,0.0
687093,FC,4,0.225,20.0
687093,FF,8,0.4,18.2
687231,CH,7,0.329,0.0
687231,FF,5,0.18,26.7
687263,CH,3,0.3,44.4
687263,FC,2,0.0,0.0
687263,FF,7,0.179,38.5
687263,SI,4,0.4,0.0
687263,SL,4,0.225,30.0
687363,FF,3,0.0,33.3
687363,ST,3,0.0,40.0
687401,FC,3,0.3,0.0
687401,FF,3,0.233,22.2
687401,SL,2,0.0,60.0
687462,SI,4,0.225,0.0
687515,CH,6,0.233,40.0
687515,CU,2,0.45,60.0
687515,FF,6,0.3,38.5
687551,SI,5,0.0,11.1
687551,ST,4,0.0,40.0
687597,CH,5,0.36,22.2
687597,CU,2,0.45,28.6
687597,FF,7,0.414,17.6
687597,SL,5,0.82,18.2
687637,FF,1,0.0,33.3
687859,FF,5,0.18,10.0
687859,SL,6,0.0,12.5
687859,ST,3,0.3,0.0
687957,SI,1,0.7,11.1
688363,FF,1,0.0,40.0
691011,CH,4,0.0,37.5
691016,FF,8,0.244,14.3
691016,SI,11,0.145,12.5
691016,SL,5,0.4,44.4
691023,CH,4,0.4,57.1
691023,FF,8,0.0,0.0
691023,SI,1,0.9,40.0
691023,SL,0,,33.3
691026,FF,8,0.606,0.0
691026,SL,2,1.075,0.0
691176,FF,3,0.0,57.1
691406,CH,2,0.0,22.2
691406,FC,3,0.467,0.0
691406,FF,5,0.72,18.2
691594,CH,3,0.717,14.3
691594,FF,4,0.175,11.1
691718,FF,5,0.28,27.3
691718,SI,13,0.562,23.8
691718,SL,3,0.3,42.9
691718,ST,7,0.357,63.6
691720,CH,1,0.0,42.9
691720,FF,12,0.671,5.6
691720,SL,3,0.0,36.4
691723,CH,7,0.286,40.0
691723,FF,6,0.867,11.1
691723,SI,3,0.3,44.4
691777,CH,0,,12.5
691777,FF,7,0.2,43.8
691781,CH,3,0.3,50.0
691781,FF,11,0.541,52.2
693304,CH,0,,33.3
693304,FF,6,0.15,13.3
693304,SL,3,0.6,14.3
693307,CH,10,0.285,28.6
693307,CU,2,0.45,40.0
693307,FC,2,0.625,0.0
693307,FF,9,0.539,10.7
693307,SI,7,0.1,16.7
694025,CH,1,0.0,60.0
694025,FF,8,0.475,13.3
694025,SL,4,0.0,40.0
694208,SI,3,0.0,0.0
694212,SL,5,0.4,42.9
694374,FC,1,0.0,40.0
694374,FF,3,0.467,25.0
694377,FF,1,0.0,45.5
694377,SI,3,0.967,0.0
694384,FC,1,0.0,12.5
694384,FF,9,0.222,7.1
694384,SI,9,0.278,8.3
694384,ST,3,0.0,40.0
694497,FF,3,0.233,12.5
694497,SI,5,0.0,11.1
694671,FF,2,0.0,40.0
694728,CH,4,0.0,50.0
694728,FF,9,0.578,31.2
694728,SI,4,0.225,0.0
695020,CH,4,0.225,60.0
695020,FF,5,0.32,28.6
695020,SL,3,0.3,60.0
695257,FF,1,0.9,40.0
695336,FF,2,0.0,40.0
695578,FF,7,0.357,0.0
695578,SI,6,0.6,8.3
695578,SL,6,0.45,72.7
695578,ST,9,0.239,33.3
695600,FF,5,0.14,16.7
695600,SI,6,0.15,18.2
695600,SL,2,0.0,66.7
695657,FC,5,0.58,16.7
695657,FF,7,0.0,27.3
695657,SI,5,0.32,66.7
695657,SL,5,0.54,40.0
695657,ST,2,0.0,0.0
695734,FC,1,1.25,40.0
695734,FF,8,0.175,30.0
695734,SI,1,1.25,0.0
695734,SL,7,0.129,33.3
695734,ST,6,0.15,33.3
696100,CH,2,0.0,66.7
696100,CU,2,0.0,16.7
696100,FF,11,0.145,28.6
696100,SL,4,0.5,42.9
696285,CH,4,0.0,37.5
696285,FF,7,0.1,28.6
699912,CH,5,0.18,61.5
699912,FC,0,,40.0
699912,FF,7,0.407,16.7
699912,SI,3,0.533,0.0
700250,FF,8,0.787,22.2
700250,ST,2,1.0,20.0
700337,CH,6,0.117,40.0
700337,FF,3,0.0,40.0
701350,SI,10,0.445,12.5
701350,ST,3,0.3,12.5
701358,CH,6,0.15,55.6
701358,CU,2,0.0,0.0
701358,FC,1,0.9,16.7
701358,FF,9,0.239,23.1
701358,SI,2,0.0,0.0
701398,SI,8,0.287,16.7
701398,SL,1,0.0,40.0
701538,FF,4,0.45,33.3
701538,SI,3,0.417,11.1
701675,FF,5,0.36,11.1
701675,SI,5,0.18,0.0
701678,FC,3,0.417,16.7
701678,FF,13,0.292,50.0
701762,CH,4,0.0,42.9
701762,FF,8,0.244,50.0
701762,SI,10,0.43,20.0
701762,SL,10,0.265,33.3
702222,FF,3,0.0,20.0
702222,SL,1,0.0,0.0
702284,FF,7,0.229,15.4
702284,SI,10,0.27,9.5
702284,SL,7,0.286,16.7
702284,ST,3,0.0,66.7
702332,FC,3,0.3,12.5
702332,FF,9,0.317,9.1
800050,FF,6,0.892,10.0
800050,SL,5,0.36,20.0
802139,FF,9,0.522,18.8
802139,SI,7,0.586,33.3
802139,SL,7,0.129,10.0
802139,ST,3,0.3,27.3
802415,FF,9,0.2,0.0
802415,SI,9,0.1,16.7
802415,SL,1,0.0,33.3
802415,ST,7,0.129,18.2
803011,CH,3,0.0,40.0
804606,FC,2,0.45,40.0
804606,FF,4,0.4,25.0
804606,SL,3,0.3,14.3
805300,FF,4,0.575,33.3
805300,SI,3,0.0,40.0
805300,SL,3,0.0,42.9
805367,CH,3,0.3,20.0
805367,FC,3,0.0,12.5
805367,FF,10,0.425,12.5
805367,SI,3,0.717,0.0
805779,CH,7,0.129,33.3
805779,CU,0,,0.0
805779,FC,3,0.417,25.0
805779,FF,12,0.283,18.5
805808,FF,9,0.317,5.6
805808,SI,10,0.32,5.6
805808,SL,6,0.0,44.4
807712,CH,5,0.18,25.0
807712,SL,3,0.717,20.0
807713,CH,7,0.564,21.4
807713,FF,5,0.43,8.3
807713,SI,8,0.4,0.0
807713,SL,4,0.487,42.9
807799,SI,6,0.0,12.5
808959,CH,4,0.225,57.1
808959,FF,8,0.781,26.7
808959,SI,2,0.0,45.5
808959,SL,8,0.425,75.0
808959,ST,4,0.0,55.6
808982,FF,5,0.54,0.0
808982,SI,9,0.356,28.6
808982,SL,4,0.45,25.0
808982,ST,5,0.18,16.7
810938,CH,2,0.45,50.0
810938,FC,1,0.9,16.7
810938,FF,8,0.156,7.7
810938,SI,7,0.329,0.0
