player_id,player_name,pa,woba_vs_lhp,k_pct_vs_lhp,whiff_pct_vs_lhp
656941,"Schwarber, Kyle",39,0.385,23.1,21.7
621566,"Olson, Matt",38,0.363,18.4,31.6
686948,"Baldwin, Drake",37,0.48,10.8,19.0
645277,"Albies, Ozzie",35,0.564,0.0,13.2
701762,"Kurtz, Nick",35,0.274,31.4,35.9
547180,"Harper, Bryce",35,0.333,28.6,32.9
693307,"Dingler, Dillon",33,0.32,18.2,17.5
683737,"Busch, Michael",33,0.308,24.2,21.7
650402,"Torres, Gleyber",33,0.298,9.1,12.5
682985,"Greene, Riley",32,0.441,31.2,34.0
691718,"Crow-Armstrong, Pete",32,0.463,25.0,39.3
695578,"Wood, James",32,0.364,40.6,34.5
808959,"Murakami, Munetaka",31,0.456,32.3,43.9
670541,"Alvarez, Yordan",31,0.297,12.9,20.7
679529,"Torkelson, Spencer",30,0.348,36.7,30.2
663330,"Jones, Jahmai",30,0.383,30.0,25.5
678246,"Vargas, Miguel",30,0.503,10.0,14.9
663538,"Hoerner, Nico",30,0.397,10.0,11.1
702284,"Young, Cole",29,0.248,20.7,17.5
672724,"Peraza, Oswald",29,0.459,24.1,34.5
646240,"Devers, Rafael",29,0.271,27.6,31.7
802139,"Wetherholt, JJ",29,0.366,17.2,20.8
641355,"Bellinger, Cody",29,0.469,6.9,8.3
624413,"Alonso, Pete",29,0.297,27.6,22.4
663586,"Riley, Austin",29,0.371,34.5,38.3
621493,"Ward, Taylor",29,0.386,3.4,5.4
621043,"Correa, Carlos",29,0.555,6.9,17.3
607208,"Turner, Trea",29,0.29,13.8,23.6
805808,"McGonigle, Kevin",29,0.233,17.2,16.4
592450,"Judge, Aaron",29,0.448,27.6,41.2
676609,"Caballero, José",29,0.436,20.7,24.5
669127,"Langeliers, Shea",29,0.526,17.2,26.4
621020,"Swanson, Dansby",29,0.466,20.7,30.4
663837,"Vierling, Matt",28,0.395,3.6,10.4
802415,"Simpson, Chandler",28,0.129,17.9,12.5
683002,"Henderson, Gunnar",28,0.205,35.7,25.9
682998,"Carroll, Corbin",28,0.446,25.0,28.6
641487,"Crawford, J.P.",28,0.35,7.1,13.6
691016,"Soderstrom, Tyler",28,0.223,25.0,23.9
666176,"Adell, Jo",28,0.361,17.9,25.0
695657,"Montgomery, Colson",27,0.3,29.6,35.0
643289,"Dubón, Mauricio",27,0.231,14.8,14.6
608369,"Seager, Corey",27,0.224,40.7,33.9
607043,"Nimmo, Brandon",27,0.324,25.9,39.1
665862,"Chisholm Jr., Jazz",27,0.278,22.2,32.6
678554,"Mead, Curtis",27,0.272,22.2,19.1
696100,"Goodman, Hunter",26,0.29,38.5,31.9
681198,"Rumfield, TJ",26,0.165,19.2,20.4
677800,"Abreu, Wilyer",26,0.392,11.5,17.8
687263,"Neto, Zach",26,0.179,38.5,31.4
608348,"Kelly, Carson",26,0.552,7.7,25.0
650333,"Arraez, Luis",26,0.235,3.8,6.1
805779,"Wilson, Jacob",26,0.31,11.5,20.0
664761,"Bohm, Alec",26,0.248,23.1,21.1
605137,"Bell, Josh",26,0.352,7.7,11.9
666969,"García, Adolis",26,0.337,26.9,31.5
664023,"Happ, Ian",26,0.312,19.2,26.2
694384,"Schanuel, Nolan",25,0.18,24.0,13.0
642715,"Adames, Willy",25,0.136,32.0,30.8
680757,"Kwan, Steven",25,0.208,16.0,13.5
808982,"Lee, Jung Hoo",25,0.344,20.0,22.2
695734,"Lile, Daylen",25,0.228,32.0,28.3
673548,"Suzuki, Seiya",25,0.394,24.0,13.5
807713,"Shaw, Matt",25,0.45,16.0,17.4
672761,"Pérez, Wenceel",24,0.179,12.5,14.6
805367,"Meidroth, Chase",24,0.46,12.5,10.0
670764,"Walls, Taylor",24,0.244,20.8,18.6
575929,"Contreras, Willson",24,0.381,33.3,40.0
545361,"Trout, Mike",24,0.431,33.3,15.9
701350,"Anthony, Roman",24,0.327,16.7,15.8
664702,"Straw, Myles",24,0.319,16.7,18.8
672695,"Perdomo, Geraldo",24,0.515,12.5,11.1
656305,"Chapman, Matt",24,0.371,25.0,30.0
663757,"Grisham, Trent",24,0.26,29.2,21.9
608324,"Bregman, Alex",24,0.4,16.7,14.7
676475,"Burleson, Alec",23,0.289,21.7,20.0
545121,"Vargas, Ildemaro",23,0.487,8.7,23.1
669477,"Schmitt, Casey",23,0.337,8.7,19.4
669236,"Jackson, Jeremiah",23,0.265,26.1,31.2
669224,"Wells, Austin",23,0.296,13.0,20.8
691781,"House, Brady",23,0.467,30.4,46.2
687093,"Grissom, Vaughn",23,0.341,8.7,15.2
668804,"Reynolds, Bryan",23,0.417,26.1,31.2
700250,"Rice, Ben",23,0.674,21.7,18.5
680777,"Jeffers, Ryan",23,0.326,13.0,11.4
665833,"Cruz, Oneil",23,0.391,56.5,37.5
660670,"Acuña Jr., Ronald",23,0.202,30.4,32.6
624641,"Sosa, Edmundo",23,0.289,26.1,30.4
642708,"Rosario, Amed",23,0.352,17.4,22.7
701678,"Lee, Hao-Yu ",22,0.293,36.4,45.0
691720,"Karros, Kyle",22,0.366,36.4,20.0
663743,"Fortes, Nick",22,0.195,18.2,24.4
596115,"Story, Trevor",22,0.366,36.4,32.7
671056,"Herrera, Iván",22,0.42,13.6,30.0
668930,"Turang, Brice",22,0.411,18.2,11.1
608701,"Refsnyder, Rob",22,0.295,22.7,15.6
671218,"Ramos, Heliot",22,0.561,18.2,30.8
668227,"Arozarena, Randy",22,0.368,27.3,28.2
696285,"Young, Jacob",22,0.186,27.3,28.6
668885,"Martin, Austin",22,0.477,13.6,21.2
810938,"Williamson, Ben",21,0.314,28.6,15.8
701358,"Smith, Cam",21,0.188,28.6,25.0
668939,"Rutschman, Adley",21,0.362,14.3,16.7
518692,"Freeman, Freddie",21,0.221,23.8,30.8
660271,"Ohtani, Shohei",21,0.469,14.3,23.5
691723,"Mayo, Coby",21,0.386,23.8,27.8
606466,"Marte, Ketel",21,0.35,19.0,25.6
621439,"Buxton, Byron",21,0.343,23.8,23.8
686797,"Lee, Brooks",21,0.281,9.5,18.8
657041,"Thomas, Lane",21,0.476,14.3,17.1
687597,"Beck, Jordan",20,0.485,30.0,23.4
676356,"DeLuca, Jonny",20,0.447,20.0,21.2
666018,"Aranda, Jonathan",20,0.31,40.0,35.3
691406,"Caminero, Junior",20,0.385,15.0,13.2
686668,"Doyle, Brenton",20,0.32,30.0,31.1
624585,"Soler, Jorge",20,0.358,20.0,27.6
676391,"Clement, Ernie",20,0.24,10.0,10.3
677587,"Rocchio, Brayan",20,0.44,0.0,20.0
677942,"Alexander, Blaze",20,0.295,25.0,28.9
647304,"Naylor, Josh",20,0.232,25.0,32.4
572233,"Walker, Christian",20,0.4,25.0,31.8
670623,"Paredes, Isaac",20,0.348,10.0,11.6
650859,"Rengifo, Luis",20,0.197,10.0,11.8
682928,"Abrams, CJ",20,0.313,30.0,32.4
666182,"Bichette, Bo",20,0.205,10.0,6.7
641598,"Garver, Mitch",20,0.383,20.0,25.0
655316,"Monasterio, Andruw",19,0.255,26.3,28.2
662139,"Varsho, Daulton",19,0.282,26.3,17.1
678882,"Rafaela, Ceddanne",19,0.479,36.8,28.9
667472,"Myers, Dane",19,0.337,26.3,14.7
642201,"White, Eli",19,0.368,26.3,35.9
694728,"Matthews, Brice",19,0.368,26.3,31.6
514888,"Altuve, Jose",19,0.161,10.5,20.0
665750,"Taveras, Leody",19,0.289,21.1,23.3
677594,"Rodríguez, Julio",19,0.495,21.1,27.3
680869,"Gelof, Zack",19,0.284,21.1,34.1
663604,"Lockridge, Brandon",19,0.376,36.8,34.4
608070,"Ramírez, José",19,0.492,15.8,16.2
663728,"Raleigh, Cal",19,0.332,26.3,25.0
807712,"Keaschall, Luke",19,0.234,15.8,12.5
519317,"Stanton, Giancarlo",19,0.339,36.8,41.2
650489,"Castro, Willi",18,0.308,27.8,22.4
668723,"Vilade, Ryan",18,0.589,5.6,2.9
656537,"Hill, Derek",18,0.461,27.8,32.3
669016,"Marsh, Brandon",18,0.228,22.2,25.0
687231,"Hernaiz, Darell",18,0.467,11.1,13.3
669394,"Burger, Jake",18,0.267,22.2,33.3
665489,"Guerrero Jr., Vladimir",18,0.508,11.1,25.0
500743,"Rojas, Miguel",18,0.428,16.7,24.1
683083,"Nuñez, Nasim",18,0.367,16.7,14.3
672960,"Okamoto, Kazuma",18,0.311,22.2,19.4
665742,"Soto, Juan",18,0.297,16.7,26.9
800050,"DeLauter, Chase",18,0.517,5.6,13.8
543510,"McCann, James",18,0.15,22.2,26.8
676914,"Schneider, Davis",18,0.264,38.9,48.1
693304,"Gonzales, Nick",18,0.389,33.3,22.9
656811,"O'Hearn, Ryan",18,0.308,33.3,27.3
664040,"Lowe, Brandon",18,0.4,38.9,44.7
521692,"Perez, Salvador",18,0.55,22.2,26.8
702332,"Durbin, Caleb",18,0.247,22.2,21.4
595879,"Báez, Javier",18,0.2,22.2,32.4
677592,"Pereira, Everson",18,0.508,27.8,34.3
650490,"Díaz, Yandy",17,0.379,17.6,21.2
701675,"Church, Nathan",17,0.306,11.8,8.3
663656,"Tucker, Kyle",17,0.262,11.8,15.4
596142,"Sánchez, Gary",17,0.544,11.8,28.6
682829,"De La Cruz, Elly",17,0.412,35.3,52.2
606192,"Hernández, Teoscar",17,0.459,5.9,22.2
661388,"Contreras, William",17,0.285,11.8,12.9
678489,"Barrosa, Jorge",17,0.388,5.9,15.6
571448,"Arenado, Nolan",17,0.485,11.8,22.2
643446,"McNeil, Jeff",17,0.282,0.0,15.0
457705,"McCutchen, Andrew",17,0.241,11.8,19.4
673962,"Jung, Josh",17,0.4,0.0,3.8
682657,"Martínez, Angel",17,0.285,5.9,11.1
671739,"Harris II, Michael",17,0.379,11.8,20.0
695600,"Jensen, Carter",17,0.147,17.6,28.6
681351,"O'Hoppe, Logan",17,0.241,17.6,28.6
678662,"Tovar, Ezequiel",16,0.244,37.5,24.2
545341,"Grichuk, Randal",16,0.391,25.0,25.0
691026,"Winn, Masyn",16,0.538,12.5,10.0
682177,"Schneemann, Daniel",16,0.381,37.5,40.7
668901,"Vientos, Mark",16,0.312,25.0,15.4
621438,"Taylor, Tyrone",16,0.294,25.0,21.4
657656,"Laureano, Ramón",16,0.178,37.5,28.6
699912,"Fernandez, Jose",16,0.334,37.5,36.8
660844,"Rivas, Leo",16,0.087,37.5,26.1
672640,"Lopez, Otto",16,0.463,31.2,32.4
687515,"Thomas, Colby",16,0.381,31.2,39.4
687859,"Johnston, Troy",16,0.169,18.8,6.7
681807,"Fry, David",16,0.413,18.8,17.6
656555,"Hoskins, Rhys",16,0.175,18.8,35.5
686894,"Wiemer, Joey",16,0.416,50.0,32.3
542303,"Ozuna, Marcell",16,0.516,12.5,34.4
502671,"Goldschmidt, Paul",16,0.131,31.2,26.9
677951,"Witt Jr., Bobby",16,0.494,12.5,17.1
700337,"Quero, Edgar",16,0.087,18.8,25.0
669326,"Teodosio, Bryce",16,0.359,43.8,44.4
571970,"Muncy, Max",15,0.43,33.3,39.3
665926,"Giménez, Andrés",15,0.227,6.7,21.4
681393,"Norby, Connor",15,0.223,33.3,33.3
681624,"Pages, Andy",15,0.42,20.0,33.3
642215,"Wilson, Weston",15,0.357,40.0,31.7
666971,"Gurriel Jr., Lourdes",15,0.31,20.0,41.9
669003,"Mitchell, Garrett",15,0.46,20.0,21.1
641343,"Bauers, Jake",15,0.19,20.0,13.0
673237,"Diaz, Yainer",15,0.287,13.3,21.7
804606,"Griffin, Konnor",15,0.333,33.3,41.9
605170,"Caratini, Victor",15,0.44,13.3,15.0
686555,"Collins, Isaac",15,0.273,26.7,20.7
664059,"Haggerty, Sam",15,0.213,40.0,32.0
666160,"Moniak, Mickey",14,0.286,42.9,38.7
686780,"Pagés, Pedro",14,0.114,35.7,19.2
691023,"Walker, Jordan",14,0.179,28.6,31.4
669257,"Smith, Will",14,0.243,21.4,15.4
641933,"O'Neill, Tyler",14,0.164,42.9,41.7
609280,"Andujar, Miguel",14,0.346,14.3,11.5
642851,"Wynns, Austin",14,0.243,14.3,18.5
666152,"Hamilton, David",14,0.321,28.6,19.0
672820,"Sosa, Lenyn",14,0.232,42.9,36.4
641857,"McMahon, Ryan",14,0.193,35.7,29.6
543760,"Semien, Marcus",14,0.346,28.6,17.1
694025,"Reyes, Felix",14,0.271,28.6,29.0
680574,"McLain, Matt",14,0.293,21.4,21.4
643396,"Kiner-Falefa, Isiah",14,0.129,28.6,13.6
695020,"Murray, Tanner",14,0.307,35.7,43.5
691777,"Muncy, Max",14,0.364,35.7,26.7
592663,"Realmuto, J.T.",14,0.193,7.1,13.9
680776,"Duran, Jarren",13,0.4,23.1,25.0
669364,"Edwards, Xavier",13,0.385,15.4,8.3
593428,"Bogaerts, Xander",13,0.385,7.7,12.0
669065,"Stowers, Kyle",13,0.192,7.7,19.2
682668,"Acuña, Luisangel",13,0.0,23.1,28.0
677649,"Duran, Ezequiel",13,0.327,7.7,14.3
694497,"Carter, Evan",13,0.054,30.8,26.9
701398,"Stewart, Sal",13,0.331,23.1,22.7
660688,"Ruiz, Keibert",13,0.427,15.4,9.5
682626,"Alvarez, Francisco",13,0.304,15.4,25.8
595978,"Hedges, Austin",13,0.565,0.0,0.0
672275,"Bailey, Patrick",13,0.346,38.5,46.9
516782,"Marte, Starling",13,0.346,15.4,23.5
650391,"Jiménez, Eloy",13,0.208,15.4,22.7
686469,"Pasquantino, Vinnie",13,0.177,30.8,12.5
663968,"Mangum, Jake",13,0.442,23.1,23.1
665804,"Amaya, Miguel",13,0.331,15.4,33.3
671289,"Freeman, Tyler",12,0.283,16.7,13.0
656582,"Joe, Connor",12,0.358,33.3,33.3
687363,"Scott II, Victor",12,0.208,16.7,30.0
701538,"Merrill, Jackson",12,0.254,41.7,25.0
665877,"Fermín, José",12,0.537,8.3,12.5
666464,"Encarnacion, Jerar",12,0.133,33.3,23.1
641680,"Heim, Jonah",12,0.346,16.7,20.8
592518,"Machado, Manny",12,0.583,8.3,9.5
623168,"Heineman, Tyler",12,0.15,33.3,31.8
687401,"Ortiz, Joey",12,0.192,25.0,24.0
687551,"Gilbert, Drew",12,0.0,33.3,23.8
702222,"Crawford, Justin",12,0.117,25.0,21.1
694377,"Yorke, Nick",12,0.317,25.0,23.1
803011,"Antonacci, Sam",11,0.127,18.2,14.3
643217,"Benintendi, Andrew",11,0.245,27.3,28.6
669357,"Gorman, Nolan",11,0.195,0.0,20.8
681082,"Stott, Bryson",11,0.473,0.0,5.6
622761,"Mateo, Jorge",11,0.182,63.6,46.2
805300,"Marsee, Jakob",11,0.273,45.5,36.8
660821,"Sánchez, Jesús",11,0.195,18.2,17.6
667670,"Rooker, Brent",11,0.264,36.4,35.7
543877,"Vázquez, Christian",11,0.327,9.1,15.8
686217,"Frelick, Sal",11,0.064,18.2,33.3
596103,"Slater, Austin",11,0.259,27.3,32.0
670242,"Wallner, Matt",11,0.241,36.4,50.0
671732,"Butler, Lawrence",11,0.341,27.3,15.8
672580,"Garcia, Maikel",11,0.441,18.2,0.0
663886,"Stephenson, Tyler",11,0.368,18.2,5.6
694212,"Basallo, Samuel",11,0.427,18.2,25.0
663698,"Bart, Joey",11,0.195,45.5,36.8
502054,"Pham, Tommy",11,0.064,36.4,30.0
668952,"Kreidler, Ryan",11,0.55,9.1,25.0
691011,"Romo, Drew",10,0.34,20.0,29.4
691594,"Sanoja, Javier",10,0.355,20.0,15.0
682663,"Ramírez, Agustín",10,0.52,10.0,31.6
664034,"France, Ty",10,0.305,10.0,15.0
687957,"Harris, Dustin",10,0.32,10.0,16.7
663616,"Larnach, Trevor",10,0.16,30.0,33.3
665487,"Tatis Jr., Fernando",10,0.48,20.0,26.7
669289,"Espinal, Santiago",10,0.09,20.0,17.6
665561,"Marchán, Rafael",10,0.25,20.0,6.7
677956,"Hinds, Rece",10,0.0,80.0,43.8
657136,"Wong, Connor",10,0.07,20.0,33.3
671286,"Rodríguez, Johnathan",10,0.14,40.0,19.0
694671,"Langford, Wyatt",10,0.23,10.0,15.8
678218,"Valenzuela, Brandon",9,0.4,22.2,30.0
666023,"Fermin, Freddy",9,0.317,33.3,21.1
664954,"Sullivan, Brett",9,0.439,0.0,7.7
656775,"Mullins, Cedric",9,0.256,11.1,10.5
666139,"Lowe, Josh",9,0.1,11.1,16.7
687462,"Horwitz, Spencer",9,0.3,11.1,10.0
680728,"Del Castillo, Adrian",9,0.0,55.6,39.1
686681,"Massey, Michael",9,0.239,33.3,36.8
694374,"Tawa, Tim",9,0.294,33.3,33.3
663368,"Perkins, Blake",9,0.217,11.1,14.3
679845,"Loftin, Nick",9,0.317,0.0,5.3
663647,"Hayes, Ke'Bryan",9,0.5,11.1,13.3
668715,"Steer, Spencer",9,0.622,11.1,20.0
643376,"Jansen, Danny",9,0.572,11.1,26.7
673357,"Robert Jr., Luis",9,0.078,11.1,33.3
683146,"Baty, Brett",8,0.262,37.5,50.0
518595,"d'Arnaud, Travis",8,0.4,12.5,28.6
602104,"Urías, Ramón",8,0.262,0.0,11.1
592206,"Castellanos, Nick",8,0.156,25.0,15.4
669743,"Call, Alex",8,0.425,0.0,7.1
687221,"Rushing, Dalton",8,0.113,37.5,35.7
666397,"Julien, Edouard",8,0.087,50.0,53.8
641555,"Escarra, J.C.",8,0.763,12.5,25.0
671277,"García Jr., Luis",8,0.113,37.5,21.4
681481,"Carpenter, Kerry",8,0.087,50.0,61.5
666126,"Cortes, Carlos",8,0.738,25.0,46.2
682877,"Brito, Juan",8,0.269,62.5,44.4
681715,"Hernández, Heriberto",8,0.2,12.5,23.1
660162,"Moncada, Yoán",8,0.0,50.0,50.0
690993,"Keith, Colt",7,0.229,14.3,25.0
807799,"Yoshida, Masataka",7,0.129,14.3,9.1
689414,"Hicks, Liam",7,0.1,14.3,33.3
665923,"Ruiz, Esteury",7,0.464,28.6,27.3
683357,"Caissie, Owen",7,0.179,85.7,54.5
630105,"Cronenworth, Jake",7,0.229,28.6,18.8
669701,"Smith, Josh",7,0.129,71.4,46.7
628451,"Ibáñez, Andy",7,0.129,14.3,22.2
666310,"Naylor, Bo",7,0.486,42.9,11.1
553869,"Díaz, Elias",7,0.693,0.0,18.2
675659,"Jones, Greg",7,0.129,42.9,40.0
695257,"Cook, Billy",7,0.257,28.6,35.7
664238,"Moore, Dylan",7,0.1,28.6,26.7
672016,"Clarke, Denzel",7,0.307,57.1,38.5
805249,"Kemp, Otto",7,0.1,28.6,38.5
665966,"Narváez, Carlos",6,0.508,0.0,13.3
666624,"Morel, Christopher",6,0.3,66.7,63.6
687637,"Beavers, Dylan",6,0.15,16.7,21.4
691176,"Domínguez, Jasson",6,0.567,16.7,38.5
677870,"Jiménez, Leo",6,0.233,50.0,62.5
677595,"Mauricio, Ronny",6,0.15,50.0,50.0
680779,"Davis, Henry",6,0.0,33.3,20.0
680700,"Palacios, Richie",6,0.267,16.7,0.0
641584,"Fraley, Jake",6,0.15,50.0,30.0
571657,"Farmer, Kyle",6,0.3,16.7,18.2
620443,"Torrens, Luis",6,0.0,33.3,40.0
624428,"Frazier, Adam",6,0.267,16.7,25.0
663993,"Lowe, Nathaniel",6,0.0,0.0,13.6
573262,"Yastrzemski, Mike",6,0.267,16.7,12.5
695506,"Caglianone, Jac",6,0.483,33.3,40.0
656484,"Gray, Tristan",6,0.483,66.7,58.3
663697,"India, Jonathan",6,0.117,16.7,20.0
690976,"Freeland, Alex",5,0.32,20.0,20.0
808975,"Kim, Hyeseong",5,0.0,40.0,27.3
543309,"Higashioka, Kyle",5,0.32,20.0,16.7
670770,"Friedl, TJ",5,0.18,20.0,12.5
683953,"Bazzana, Travis",5,0.18,40.0,50.0
543807,"Springer, George",5,0.32,0.0,20.0
668904,"Lewis, Royce",5,0.14,20.0,25.0
700932,"Manzardo, Kyle",5,0.36,20.0,16.7
669720,"Hays, Austin",5,0.36,0.0,25.0
694208,"Ballesteros, Moisés",5,0.39,20.0,8.3
677950,"Thomas, Alek",5,0.0,40.0,45.5
665019,"Clemens, Kody",5,0.28,20.0,18.2
682641,"Matos, Luis",5,0.18,0.0,27.3
596019,"Lindor, Francisco",5,0.36,0.0,27.3
664983,"McCarthy, Jake",5,0.5,20.0,30.0
669087,"Huff, Sam",5,0.43,40.0,50.0
666211,"Trammell, Taylor",5,0.5,20.0,37.5
