"id","name","bbe","gb_rate","air_rate","fb_rate","ld_rate","pu_rate","pull_rate","straight_rate","oppo_rate","pull_gb_rate","straight_gb_rate","oppo_gb_rate","pull_air_rate","straight_air_rate","oppo_air_rate"
691026,"Winn, Masyn",75,0.41333333333333333,0.5866666666666667,0.2,0.24,0.14666666666666667,0.36,0.4,0.24,0.2,0.2,0.013333333333333334,0.15999999999999998,0.2,0.22666666666666666
686780,"Pagés, Pedro",51,0.45098039215686275,0.5490196078431373,0.3137254901960784,0.1568627450980392,0.0784313725490196,0.47058823529411764,0.35294117647058826,0.17647058823529413,0.23529411764705882,0.19607843137254902,0.0196078431372549,0.23529411764705882,0.15686274509803924,0.1568627450980392
677587,"Rocchio, Brayan",90,0.4888888888888889,0.5111111111111111,0.18888888888888888,0.2222222222222222,0.1,0.3888888888888889,0.37777777777777777,0.23333333333333334,0.24444444444444444,0.18888888888888888,0.05555555555555555,0.14444444444444446,0.18888888888888888,0.17777777777777778
800050,"DeLauter, Chase",89,0.3258426966292135,0.6741573033707866,0.21348314606741572,0.30337078651685395,0.15730337078651685,0.43820224719101125,0.29213483146067415,0.2696629213483146,0.19101123595505617,0.12359550561797752,0.011235955056179775,0.24719101123595508,0.16853932584269662,0.2584269662921348
682657,"Martínez, Angel",76,0.40789473684210525,0.5921052631578947,0.23684210526315788,0.2631578947368421,0.09210526315789473,0.4342105263157895,0.34210526315789475,0.2236842105263158,0.17105263157894737,0.14473684210526316,0.09210526315789473,0.26315789473684215,0.19736842105263158,0.13157894736842107
805808,"McGonigle, Kevin",99,0.2727272727272727,0.7272727272727273,0.37373737373737376,0.30303030303030304,0.050505050505050504,0.40404040404040403,0.37373737373737376,0.2222222222222222,0.15151515151515152,0.09090909090909091,0.030303030303030304,0.2525252525252525,0.2828282828282829,0.1919191919191919
702222,"Crawford, Justin",71,0.5915492957746479,0.40845070422535207,0.16901408450704225,0.19718309859154928,0.04225352112676056,0.2535211267605634,0.36619718309859156,0.38028169014084506,0.15492957746478872,0.2676056338028169,0.16901408450704225,0.09859154929577466,0.09859154929577468,0.2112676056338028
695578,"Wood, James",72,0.4166666666666667,0.5833333333333333,0.2777777777777778,0.2916666666666667,0.013888888888888888,0.2638888888888889,0.3611111111111111,0.375,0.18055555555555555,0.16666666666666666,0.06944444444444445,0.08333333333333334,0.19444444444444445,0.3055555555555556
682928,"Abrams, CJ",87,0.39080459770114945,0.6091954022988506,0.3103448275862069,0.21839080459770116,0.08045977011494253,0.367816091954023,0.3563218390804598,0.27586206896551724,0.1839080459770115,0.19540229885057472,0.011494252873563218,0.1839080459770115,0.16091954022988506,0.26436781609195403
678554,"Mead, Curtis",52,0.46153846153846156,0.5384615384615384,0.2692307692307692,0.17307692307692307,0.09615384615384616,0.5384615384615384,0.25,0.21153846153846154,0.34615384615384615,0.07692307692307693,0.038461538461538464,0.1923076923076923,0.17307692307692307,0.17307692307692307
683083,"Nuñez, Nasim",74,0.5405405405405406,0.45945945945945943,0.16216216216216217,0.25675675675675674,0.04054054054054054,0.28378378378378377,0.4594594594594595,0.25675675675675674,0.22972972972972974,0.20270270270270271,0.10810810810810811,0.05405405405405403,0.2567567567567568,0.14864864864864863
518692,"Freeman, Freddie",102,0.43137254901960786,0.5686274509803922,0.3137254901960784,0.23529411764705882,0.0196078431372549,0.3627450980392157,0.38235294117647056,0.2549019607843137,0.18627450980392157,0.19607843137254902,0.049019607843137254,0.1764705882352941,0.18627450980392155,0.20588235294117646
606192,"Hernández, Teoscar",68,0.45588235294117646,0.5441176470588235,0.29411764705882354,0.19117647058823528,0.058823529411764705,0.35294117647058826,0.4264705882352941,0.22058823529411764,0.20588235294117646,0.19117647058823528,0.058823529411764705,0.1470588235294118,0.23529411764705882,0.16176470588235292
686555,"Collins, Isaac",51,0.35294117647058826,0.6470588235294117,0.3137254901960784,0.19607843137254902,0.13725490196078433,0.4117647058823529,0.3333333333333333,0.2549019607843137,0.19607843137254902,0.13725490196078433,0.0196078431372549,0.2156862745098039,0.196078431372549,0.23529411764705882
672580,"Garcia, Maikel",92,0.391304347826087,0.6086956521739131,0.2391304347826087,0.2826086956521739,0.08695652173913043,0.40217391304347827,0.3695652173913043,0.22826086956521738,0.18478260869565216,0.17391304347826086,0.03260869565217391,0.2173913043478261,0.19565217391304346,0.19565217391304346
521692,"Perez, Salvador",96,0.40625,0.59375,0.28125,0.20833333333333334,0.10416666666666667,0.3541666666666667,0.375,0.2708333333333333,0.19791666666666666,0.14583333333333334,0.0625,0.15625000000000003,0.22916666666666666,0.20833333333333331
686797,"Lee, Brooks",79,0.379746835443038,0.620253164556962,0.3037974683544304,0.22784810126582278,0.08860759493670886,0.35443037974683544,0.3670886075949367,0.27848101265822783,0.13924050632911392,0.189873417721519,0.05063291139240506,0.21518987341772153,0.17721518987341772,0.22784810126582278
663616,"Larnach, Trevor",52,0.38461538461538464,0.6153846153846154,0.21153846153846154,0.3269230769230769,0.07692307692307693,0.38461538461538464,0.5,0.11538461538461539,0.15384615384615385,0.19230769230769232,0.038461538461538464,0.23076923076923078,0.3076923076923077,0.07692307692307693
686948,"Baldwin, Drake",102,0.45098039215686275,0.5490196078431373,0.21568627450980393,0.2647058823529412,0.06862745098039216,0.3431372549019608,0.45098039215686275,0.20588235294117646,0.16666666666666666,0.21568627450980393,0.06862745098039216,0.17647058823529413,0.23529411764705882,0.1372549019607843
663586,"Riley, Austin",88,0.4431818181818182,0.5568181818181818,0.26136363636363635,0.17045454545454544,0.125,0.4431818181818182,0.2727272727272727,0.2840909090909091,0.29545454545454547,0.11363636363636363,0.03409090909090909,0.1477272727272727,0.15909090909090906,0.25
660670,"Acuña Jr., Ronald",92,0.42391304347826086,0.576086956521739,0.2826086956521739,0.20652173913043478,0.08695652173913043,0.42391304347826086,0.2717391304347826,0.30434782608695654,0.2391304347826087,0.10869565217391304,0.07608695652173914,0.18478260869565216,0.16304347826086957,0.2282608695652174
596019,"Lindor, Francisco",74,0.3918918918918919,0.6081081081081081,0.25675675675675674,0.28378378378378377,0.06756756756756757,0.4189189189189189,0.33783783783783783,0.24324324324324326,0.20270270270270271,0.16216216216216217,0.02702702702702703,0.2162162162162162,0.17567567567567566,0.21621621621621623
641857,"McMahon, Ryan",45,0.5111111111111111,0.4888888888888889,0.3333333333333333,0.15555555555555556,0,0.37777777777777777,0.4444444444444444,0.17777777777777778,0.24444444444444444,0.24444444444444444,0.022222222222222223,0.13333333333333333,0.19999999999999998,0.15555555555555556
643376,"Jansen, Danny",44,0.4090909090909091,0.5909090909090909,0.18181818181818182,0.18181818181818182,0.22727272727272727,0.5227272727272727,0.2727272727272727,0.20454545454545456,0.25,0.13636363636363635,0.022727272727272728,0.2727272727272727,0.13636363636363635,0.18181818181818182
805367,"Meidroth, Chase",85,0.5294117647058824,0.4705882352941177,0.2,0.2235294117647059,0.047058823529411764,0.38823529411764707,0.2823529411764706,0.32941176470588235,0.25882352941176473,0.18823529411764706,0.08235294117647059,0.12941176470588234,0.09411764705882353,0.24705882352941178
671976,"Peters, Tristan",49,0.40816326530612246,0.5918367346938775,0.2653061224489796,0.2653061224489796,0.061224489795918366,0.5102040816326531,0.3877551020408163,0.10204081632653061,0.20408163265306123,0.16326530612244897,0.04081632653061224,0.30612244897959184,0.22448979591836735,0.06122448979591837
682668,"Acuña, Luisangel",63,0.6190476190476191,0.38095238095238093,0.19047619047619047,0.14285714285714285,0.047619047619047616,0.2698412698412698,0.47619047619047616,0.25396825396825395,0.25396825396825395,0.31746031746031744,0.047619047619047616,0.015873015873015872,0.15873015873015872,0.20634920634920634
670623,"Paredes, Isaac",81,0.2839506172839506,0.7160493827160493,0.3333333333333333,0.25925925925925924,0.12345679012345678,0.5679012345679012,0.24691358024691357,0.18518518518518517,0.18518518518518517,0.037037037037037035,0.06172839506172839,0.38271604938271603,0.20987654320987653,0.12345679012345678
650489,"Castro, Willi",48,0.3958333333333333,0.6041666666666666,0.3333333333333333,0.22916666666666666,0.041666666666666664,0.3333333333333333,0.3541666666666667,0.3125,0.16666666666666666,0.1875,0.041666666666666664,0.16666666666666666,0.16666666666666669,0.2708333333333333
686668,"Doyle, Brenton",52,0.5192307692307693,0.4807692307692308,0.23076923076923078,0.23076923076923078,0.019230769230769232,0.46153846153846156,0.4423076923076923,0.09615384615384616,0.28846153846153844,0.21153846153846154,0.019230769230769232,0.17307692307692313,0.23076923076923075,0.07692307692307693
642715,"Adames, Willy",82,0.34146341463414637,0.6585365853658537,0.3048780487804878,0.21951219512195122,0.13414634146341464,0.4634146341463415,0.3048780487804878,0.23170731707317074,0.21951219512195122,0.10975609756097561,0.012195121951219513,0.24390243902439027,0.1951219512195122,0.21951219512195122
808982,"Lee, Jung Hoo",96,0.4375,0.5624999999999999,0.21875,0.3020833333333333,0.041666666666666664,0.3333333333333333,0.375,0.2916666666666667,0.1875,0.17708333333333334,0.07291666666666667,0.14583333333333331,0.19791666666666666,0.21875
666176,"Adell, Jo",103,0.4077669902912621,0.5922330097087378,0.30097087378640774,0.21359223300970873,0.07766990291262135,0.3592233009708738,0.39805825242718446,0.24271844660194175,0.24271844660194175,0.1262135922330097,0.038834951456310676,0.11650485436893204,0.27184466019417475,0.2038834951456311
687263,"Neto, Zach",82,0.32926829268292684,0.6707317073170732,0.3780487804878049,0.24390243902439024,0.04878048780487805,0.47560975609756095,0.3170731707317073,0.2073170731707317,0.18292682926829268,0.10975609756097561,0.036585365853658534,0.2926829268292683,0.20731707317073172,0.17073170731707316
682829,"De La Cruz, Elly",84,0.4523809523809524,0.5476190476190476,0.3333333333333333,0.20238095238095238,0.011904761904761904,0.32142857142857145,0.42857142857142855,0.25,0.20238095238095238,0.21428571428571427,0.03571428571428571,0.11904761904761907,0.21428571428571427,0.2142857142857143
668715,"Steer, Spencer",70,0.37142857142857144,0.6285714285714286,0.38571428571428573,0.18571428571428572,0.05714285714285714,0.4857142857142857,0.32857142857142857,0.18571428571428572,0.18571428571428572,0.15714285714285714,0.02857142857142857,0.3,0.17142857142857143,0.15714285714285714
663647,"Hayes, Ke'Bryan",66,0.3333333333333333,0.6666666666666667,0.3484848484848485,0.25757575757575757,0.06060606060606061,0.21212121212121213,0.48484848484848486,0.30303030303030304,0.10606060606060606,0.21212121212121213,0.015151515151515152,0.10606060606060606,0.2727272727272727,0.2878787878787879
670770,"Friedl, TJ",82,0.47560975609756095,0.524390243902439,0.24390243902439024,0.18292682926829268,0.0975609756097561,0.3170731707317073,0.4268292682926829,0.25609756097560976,0.21951219512195122,0.18292682926829268,0.07317073170731707,0.0975609756097561,0.24390243902439024,0.18292682926829268
666160,"Moniak, Mickey",65,0.3076923076923077,0.6923076923076923,0.38461538461538464,0.16923076923076924,0.13846153846153847,0.49230769230769234,0.3230769230769231,0.18461538461538463,0.18461538461538463,0.12307692307692308,0,0.3076923076923077,0.2,0.18461538461538463
691406,"Caminero, Junior",96,0.4583333333333333,0.5416666666666666,0.21875,0.1875,0.13541666666666666,0.4166666666666667,0.375,0.20833333333333334,0.17708333333333334,0.23958333333333334,0.041666666666666664,0.23958333333333334,0.13541666666666666,0.16666666666666669
663743,"Fortes, Nick",66,0.5757575757575758,0.4242424242424242,0.13636363636363635,0.19696969696969696,0.09090909090909091,0.4696969696969697,0.3939393939393939,0.13636363636363635,0.2878787878787879,0.21212121212121213,0.07575757575757576,0.18181818181818182,0.1818181818181818,0.060606060606060594
810938,"Williamson, Ben",62,0.5161290322580645,0.4838709677419355,0.11290322580645161,0.3387096774193548,0.03225806451612903,0.2903225806451613,0.3387096774193548,0.3709677419354839,0.16129032258064516,0.20967741935483872,0.14516129032258066,0.12903225806451615,0.1290322580645161,0.22580645161290322
670042,"Raley, Luke",51,0.39215686274509803,0.6078431372549019,0.29411764705882354,0.27450980392156865,0.0392156862745098,0.49019607843137253,0.27450980392156865,0.23529411764705882,0.21568627450980393,0.13725490196078433,0.0392156862745098,0.2745098039215686,0.13725490196078433,0.19607843137254902
702284,"Young, Cole",86,0.313953488372093,0.686046511627907,0.29069767441860467,0.26744186046511625,0.12790697674418605,0.46511627906976744,0.3372093023255814,0.19767441860465115,0.18604651162790697,0.10465116279069768,0.023255813953488372,0.27906976744186046,0.2325581395348837,0.17441860465116277
669003,"Mitchell, Garrett",43,0.5348837209302325,0.46511627906976744,0.16279069767441862,0.20930232558139536,0.09302325581395349,0.27906976744186046,0.3953488372093023,0.32558139534883723,0.16279069767441862,0.27906976744186046,0.09302325581395349,0.11627906976744184,0.11627906976744184,0.23255813953488375
668930,"Turang, Brice",77,0.42857142857142855,0.5714285714285714,0.24675324675324675,0.3116883116883117,0.012987012987012988,0.24675324675324675,0.38961038961038963,0.36363636363636365,0.16883116883116883,0.18181818181818182,0.07792207792207792,0.07792207792207792,0.2077922077922078,0.2857142857142857
686217,"Frelick, Sal",79,0.5316455696202531,0.46835443037974683,0.21518987341772153,0.13924050632911392,0.11392405063291139,0.4430379746835443,0.3670886075949367,0.189873417721519,0.25316455696202533,0.22784810126582278,0.05063291139240506,0.18987341772151894,0.13924050632911394,0.13924050632911394
669364,"Edwards, Xavier",99,0.45454545454545453,0.5454545454545454,0.21212121212121213,0.2828282828282828,0.050505050505050504,0.3333333333333333,0.3434343434343434,0.32323232323232326,0.23232323232323232,0.1414141414141414,0.08080808080808081,0.101010101010101,0.20202020202020202,0.24242424242424243
689414,"Hicks, Liam",87,0.40229885057471265,0.5977011494252874,0.22988505747126436,0.3103448275862069,0.05747126436781609,0.42528735632183906,0.3793103448275862,0.19540229885057472,0.19540229885057472,0.1839080459770115,0.022988505747126436,0.22988505747126434,0.1954022988505747,0.1724137931034483
682663,"Ramírez, Agustín",80,0.5,0.49999999999999994,0.15,0.2375,0.1125,0.4,0.4125,0.1875,0.275,0.225,0,0.125,0.18749999999999997,0.1875
805300,"Marsee, Jakob",86,0.38372093023255816,0.6162790697674418,0.2558139534883721,0.2441860465116279,0.11627906976744186,0.46511627906976744,0.3372093023255814,0.19767441860465115,0.22093023255813954,0.13953488372093023,0.023255813953488372,0.2441860465116279,0.19767441860465115,0.17441860465116277
683357,"Caissie, Owen",49,0.3877551020408163,0.6122448979591837,0.24489795918367346,0.32653061224489793,0.04081632653061224,0.20408163265306123,0.5714285714285714,0.22448979591836735,0.061224489795918366,0.2653061224489796,0.061224489795918366,0.14285714285714285,0.3061224489795918,0.163265306122449
672695,"Perdomo, Geraldo",79,0.5316455696202531,0.46835443037974683,0.189873417721519,0.24050632911392406,0.0379746835443038,0.43037974683544306,0.4177215189873418,0.1518987341772152,0.25316455696202533,0.22784810126582278,0.05063291139240506,0.17721518987341772,0.189873417721519,0.10126582278481014
571448,"Arenado, Nolan",79,0.35443037974683544,0.6455696202531646,0.25316455696202533,0.24050632911392406,0.1518987341772152,0.4177215189873418,0.4177215189873418,0.16455696202531644,0.13924050632911392,0.1518987341772152,0.06329113924050633,0.2784810126582279,0.26582278481012656,0.10126582278481011
677800,"Abreu, Wilyer",92,0.3804347826086957,0.6195652173913044,0.31521739130434784,0.25,0.05434782608695652,0.3804347826086957,0.358695652173913,0.2608695652173913,0.1956521739130435,0.16304347826086957,0.021739130434782608,0.1847826086956522,0.19565217391304346,0.2391304347826087
575929,"Contreras, Willson",72,0.375,0.625,0.2777777777777778,0.25,0.09722222222222222,0.5,0.3472222222222222,0.1527777777777778,0.2361111111111111,0.1111111111111111,0.027777777777777776,0.2638888888888889,0.2361111111111111,0.125
663538,"Hoerner, Nico",115,0.33043478260869563,0.6695652173913044,0.2782608695652174,0.2782608695652174,0.11304347826086956,0.3565217391304348,0.391304347826087,0.25217391304347825,0.16521739130434782,0.11304347826086956,0.05217391304347826,0.19130434782608696,0.2782608695652174,0.19999999999999998
683737,"Busch, Michael",85,0.4823529411764706,0.5176470588235293,0.32941176470588235,0.1411764705882353,0.047058823529411764,0.38823529411764707,0.3058823529411765,0.3058823529411765,0.25882352941176473,0.12941176470588237,0.09411764705882353,0.12941176470588234,0.17647058823529413,0.21176470588235297
694208,"Ballesteros, Moisés",60,0.45,0.5499999999999999,0.26666666666666666,0.25,0.03333333333333333,0.38333333333333336,0.31666666666666665,0.3,0.23333333333333334,0.15,0.06666666666666667,0.15000000000000002,0.16666666666666666,0.23333333333333334
665750,"Taveras, Leody",51,0.27450980392156865,0.7254901960784312,0.3137254901960784,0.3333333333333333,0.0784313725490196,0.35294117647058826,0.39215686274509803,0.2549019607843137,0.11764705882352941,0.13725490196078433,0.0196078431372549,0.23529411764705885,0.2549019607843137,0.23529411764705882
694212,"Basallo, Samuel",58,0.3793103448275862,0.6206896551724138,0.27586206896551724,0.2413793103448276,0.10344827586206896,0.3620689655172414,0.3620689655172414,0.27586206896551724,0.25862068965517243,0.08620689655172414,0.034482758620689655,0.10344827586206895,0.27586206896551724,0.24137931034482757
699912,"Fernandez, Jose",64,0.46875,0.53125,0.125,0.234375,0.171875,0.46875,0.34375,0.1875,0.265625,0.15625,0.046875,0.203125,0.1875,0.140625
804606,"Griffin, Konnor",62,0.5161290322580645,0.4838709677419355,0.20967741935483872,0.22580645161290322,0.04838709677419355,0.3870967741935484,0.2903225806451613,0.3225806451612903,0.22580645161290322,0.14516129032258066,0.14516129032258066,0.16129032258064516,0.14516129032258066,0.17741935483870966
687859,"Johnston, Troy",75,0.4,0.6,0.22666666666666666,0.3466666666666667,0.02666666666666667,0.3333333333333333,0.4533333333333333,0.21333333333333335,0.14666666666666667,0.18666666666666668,0.06666666666666667,0.18666666666666665,0.2666666666666666,0.14666666666666667
691720,"Karros, Kyle",69,0.391304347826087,0.608695652173913,0.15942028985507245,0.37681159420289856,0.07246376811594203,0.3333333333333333,0.42028985507246375,0.2463768115942029,0.17391304347826086,0.15942028985507245,0.057971014492753624,0.15942028985507245,0.2608695652173913,0.18840579710144928
666397,"Julien, Edouard",57,0.543859649122807,0.45614035087719296,0.21052631578947367,0.24561403508771928,0,0.3684210526315789,0.38596491228070173,0.24561403508771928,0.24561403508771928,0.19298245614035087,0.10526315789473684,0.12280701754385964,0.19298245614035087,0.14035087719298245
656305,"Chapman, Matt",89,0.5393258426966292,0.4606741573033708,0.12359550561797752,0.21348314606741572,0.12359550561797752,0.39325842696629215,0.33707865168539325,0.2696629213483146,0.23595505617977527,0.21348314606741572,0.0898876404494382,0.15730337078651688,0.12359550561797752,0.1797752808988764
672275,"Bailey, Patrick",55,0.45454545454545453,0.5454545454545454,0.23636363636363636,0.2545454545454545,0.05454545454545454,0.36363636363636365,0.41818181818181815,0.21818181818181817,0.23636363636363636,0.2,0.01818181818181818,0.1272727272727273,0.21818181818181814,0.19999999999999998
669477,"Schmitt, Casey",75,0.32,0.68,0.37333333333333335,0.18666666666666668,0.12,0.5066666666666667,0.28,0.21333333333333335,0.17333333333333334,0.12,0.02666666666666667,0.33333333333333337,0.16000000000000003,0.18666666666666668
666139,"Lowe, Josh",55,0.34545454545454546,0.6545454545454545,0.4,0.14545454545454545,0.10909090909090909,0.34545454545454546,0.45454545454545453,0.2,0.18181818181818182,0.12727272727272726,0.03636363636363636,0.16363636363636364,0.32727272727272727,0.16363636363636364
680574,"McLain, Matt",80,0.375,0.625,0.325,0.1625,0.1375,0.3375,0.4,0.2625,0.1875,0.1875,0,0.15000000000000002,0.21250000000000002,0.2625
691016,"Soderstrom, Tyler",85,0.4,0.6,0.32941176470588235,0.2,0.07058823529411765,0.3764705882352941,0.4235294117647059,0.2,0.18823529411764706,0.18823529411764706,0.023529411764705882,0.18823529411764706,0.23529411764705882,0.17647058823529413
691777,"Muncy, Max",57,0.49122807017543857,0.5087719298245614,0.2631578947368421,0.19298245614035087,0.05263157894736842,0.47368421052631576,0.3157894736842105,0.21052631578947367,0.22807017543859648,0.21052631578947367,0.05263157894736842,0.24561403508771928,0.10526315789473684,0.15789473684210525
656775,"Mullins, Cedric",75,0.25333333333333335,0.7466666666666666,0.3333333333333333,0.21333333333333335,0.2,0.4,0.38666666666666666,0.21333333333333335,0.16,0.08,0.013333333333333334,0.24000000000000002,0.30666666666666664,0.2
668227,"Arozarena, Randy",87,0.5057471264367817,0.49425287356321834,0.20689655172413793,0.26436781609195403,0.022988505747126436,0.3448275862068966,0.3333333333333333,0.3218390804597701,0.19540229885057472,0.19540229885057472,0.11494252873563218,0.14942528735632185,0.1379310344827586,0.20689655172413793
701538,"Merrill, Jackson",86,0.43023255813953487,0.5697674418604651,0.26744186046511625,0.2441860465116279,0.05813953488372093,0.3953488372093023,0.3372093023255814,0.26744186046511625,0.22093023255813954,0.1744186046511628,0.03488372093023256,0.17441860465116277,0.1627906976744186,0.2325581395348837
630105,"Cronenworth, Jake",68,0.5735294117647058,0.42647058823529416,0.16176470588235295,0.17647058823529413,0.08823529411764706,0.3235294117647059,0.45588235294117646,0.22058823529411764,0.23529411764705882,0.27941176470588236,0.058823529411764705,0.08823529411764708,0.1764705882352941,0.16176470588235292
657656,"Laureano, Ramón",74,0.43243243243243246,0.5675675675675675,0.35135135135135137,0.1891891891891892,0.02702702702702703,0.36486486486486486,0.3783783783783784,0.25675675675675674,0.17567567567567569,0.21621621621621623,0.04054054054054054,0.18918918918918917,0.16216216216216217,0.2162162162162162
668804,"Reynolds, Bryan",77,0.4935064935064935,0.5064935064935064,0.2597402597402597,0.22077922077922077,0.025974025974025976,0.4675324675324675,0.2727272727272727,0.2597402597402597,0.2857142857142857,0.14285714285714285,0.06493506493506493,0.18181818181818182,0.12987012987012986,0.1948051948051948
663968,"Mangum, Jake",54,0.7037037037037037,0.2962962962962963,0.1111111111111111,0.14814814814814814,0.037037037037037035,0.2777777777777778,0.35185185185185186,0.37037037037037035,0.24074074074074073,0.24074074074074073,0.2222222222222222,0.03703703703703706,0.11111111111111113,0.14814814814814814
680779,"Davis, Henry",51,0.47058823529411764,0.5294117647058824,0.2549019607843137,0.13725490196078433,0.13725490196078433,0.5294117647058824,0.3333333333333333,0.13725490196078433,0.29411764705882354,0.17647058823529413,0,0.23529411764705882,0.15686274509803919,0.13725490196078433
694377,"Yorke, Nick",54,0.5185185185185185,0.4814814814814814,0.2962962962962963,0.16666666666666666,0.018518518518518517,0.24074074074074073,0.48148148148148145,0.2777777777777778,0.16666666666666666,0.2777777777777778,0.07407407407407407,0.07407407407407407,0.20370370370370366,0.20370370370370372
666152,"Hamilton, David",62,0.6290322580645161,0.3709677419354839,0.20967741935483872,0.12903225806451613,0.03225806451612903,0.3548387096774194,0.3064516129032258,0.3387096774193548,0.24193548387096775,0.1935483870967742,0.1935483870967742,0.11290322580645162,0.11290322580645162,0.14516129032258063
663604,"Lockridge, Brandon",51,0.7058823529411765,0.2941176470588235,0.13725490196078433,0.11764705882352941,0.0392156862745098,0.27450980392156865,0.45098039215686275,0.27450980392156865,0.27450980392156865,0.3137254901960784,0.11764705882352941,0,0.13725490196078433,0.15686274509803924
596142,"Sánchez, Gary",45,0.4,0.6,0.24444444444444444,0.2,0.15555555555555556,0.4666666666666667,0.3333333333333333,0.2,0.2,0.17777777777777778,0.022222222222222223,0.26666666666666666,0.15555555555555553,0.17777777777777778
650859,"Rengifo, Luis",75,0.49333333333333335,0.5066666666666666,0.18666666666666668,0.29333333333333333,0.02666666666666667,0.4533333333333333,0.29333333333333333,0.25333333333333335,0.26666666666666666,0.16,0.06666666666666667,0.18666666666666665,0.13333333333333333,0.1866666666666667
688363,"Pauley, Graham",49,0.40816326530612246,0.5918367346938775,0.32653061224489793,0.14285714285714285,0.12244897959183673,0.4897959183673469,0.3469387755102041,0.16326530612244897,0.20408163265306123,0.16326530612244897,0.04081632653061224,0.2857142857142857,0.1836734693877551,0.12244897959183673
681393,"Norby, Connor",62,0.41935483870967744,0.5806451612903226,0.3387096774193548,0.16129032258064516,0.08064516129032258,0.3225806451612903,0.43548387096774194,0.24193548387096775,0.1935483870967742,0.1935483870967742,0.03225806451612903,0.12903225806451613,0.24193548387096775,0.20967741935483872
606466,"Marte, Ketel",93,0.4838709677419355,0.5161290322580645,0.20430107526881722,0.27956989247311825,0.03225806451612903,0.5913978494623656,0.27956989247311825,0.12903225806451613,0.2903225806451613,0.1827956989247312,0.010752688172043012,0.3010752688172043,0.09677419354838707,0.11827956989247311
682998,"Carroll, Corbin",67,0.43283582089552236,0.5671641791044776,0.26865671641791045,0.23880597014925373,0.05970149253731343,0.47761194029850745,0.3283582089552239,0.19402985074626866,0.22388059701492538,0.16417910447761194,0.04477611940298507,0.25373134328358204,0.16417910447761194,0.1492537313432836
680776,"Duran, Jarren",72,0.5416666666666666,0.4583333333333333,0.16666666666666666,0.16666666666666666,0.125,0.375,0.3888888888888889,0.2361111111111111,0.2916666666666667,0.19444444444444445,0.05555555555555555,0.08333333333333331,0.19444444444444445,0.18055555555555555
702332,"Durbin, Caleb",83,0.6144578313253012,0.3855421686746988,0.14457831325301204,0.18072289156626506,0.060240963855421686,0.42168674698795183,0.39759036144578314,0.18072289156626506,0.2891566265060241,0.24096385542168675,0.08433734939759036,0.13253012048192775,0.1566265060240964,0.0963855421686747
596115,"Story, Trevor",84,0.4523809523809524,0.5476190476190477,0.25,0.25,0.047619047619047616,0.4166666666666667,0.39285714285714285,0.19047619047619047,0.21428571428571427,0.19047619047619047,0.047619047619047616,0.2023809523809524,0.20238095238095238,0.14285714285714285
691785,"Mayer, Marcelo",63,0.5079365079365079,0.49206349206349204,0.2857142857142857,0.15873015873015872,0.047619047619047616,0.36507936507936506,0.36507936507936506,0.2698412698412698,0.30158730158730157,0.14285714285714285,0.06349206349206349,0.06349206349206349,0.2222222222222222,0.20634920634920634
664023,"Happ, Ian",74,0.44594594594594594,0.5540540540540541,0.33783783783783783,0.17567567567567569,0.04054054054054054,0.47297297297297297,0.2972972972972973,0.22972972972972974,0.21621621621621623,0.16216216216216217,0.06756756756756757,0.25675675675675674,0.13513513513513514,0.16216216216216217
691718,"Crow-Armstrong, Pete",79,0.45569620253164556,0.5443037974683544,0.27848101265822783,0.13924050632911392,0.12658227848101267,0.5063291139240507,0.27848101265822783,0.21518987341772153,0.3037974683544304,0.10126582278481013,0.05063291139240506,0.20253164556962028,0.17721518987341772,0.16455696202531647
621020,"Swanson, Dansby",73,0.410958904109589,0.5890410958904109,0.3424657534246575,0.1917808219178082,0.0547945205479452,0.5205479452054794,0.3150684931506849,0.1643835616438356,0.2876712328767123,0.1232876712328767,0,0.2328767123287671,0.1917808219178082,0.1643835616438356
669236,"Jackson, Jeremiah",77,0.5064935064935064,0.49350649350649356,0.24675324675324675,0.19480519480519481,0.05194805194805195,0.45454545454545453,0.2857142857142857,0.2597402597402597,0.23376623376623376,0.2077922077922078,0.06493506493506493,0.22077922077922077,0.07792207792207789,0.1948051948051948
687637,"Beavers, Dylan",60,0.4666666666666667,0.5333333333333333,0.25,0.18333333333333332,0.1,0.4166666666666667,0.35,0.23333333333333334,0.21666666666666667,0.15,0.1,0.2,0.19999999999999998,0.13333333333333333
545121,"Vargas, Ildemaro",80,0.4375,0.5625,0.175,0.325,0.0625,0.45,0.3875,0.1625,0.1875,0.175,0.075,0.2625,0.21250000000000002,0.08750000000000001
670764,"Walls, Taylor",42,0.5,0.5,0.2619047619047619,0.14285714285714285,0.09523809523809523,0.2619047619047619,0.3333333333333333,0.40476190476190477,0.16666666666666666,0.21428571428571427,0.11904761904761904,0.09523809523809526,0.11904761904761904,0.2857142857142857
676391,"Clement, Ernie",117,0.3504273504273504,0.6495726495726496,0.2222222222222222,0.28205128205128205,0.1452991452991453,0.42735042735042733,0.38461538461538464,0.18803418803418803,0.2222222222222222,0.11965811965811966,0.008547008547008548,0.20512820512820512,0.26495726495726496,0.1794871794871795
672960,"Okamoto, Kazuma",72,0.4166666666666667,0.5833333333333333,0.25,0.2222222222222222,0.1111111111111111,0.5277777777777778,0.3333333333333333,0.1388888888888889,0.2638888888888889,0.125,0.027777777777777776,0.2638888888888889,0.20833333333333331,0.11111111111111112
665489,"Guerrero Jr., Vladimir",98,0.5,0.49999999999999994,0.16326530612244897,0.2755102040816326,0.061224489795918366,0.32653061224489793,0.4387755102040816,0.23469387755102042,0.19387755102040816,0.22448979591836735,0.08163265306122448,0.13265306122448978,0.21428571428571427,0.15306122448979592
671056,"Herrera, Iván",88,0.4772727272727273,0.5227272727272727,0.23863636363636365,0.19318181818181818,0.09090909090909091,0.375,0.36363636363636365,0.26136363636363635,0.2159090909090909,0.19318181818181818,0.06818181818181818,0.1590909090909091,0.17045454545454547,0.19318181818181818
680757,"Kwan, Steven",100,0.49,0.51,0.2,0.22,0.09,0.3,0.39,0.31,0.21,0.16,0.12,0.09,0.23,0.19
690993,"Keith, Colt",73,0.4794520547945205,0.5205479452054794,0.2328767123287671,0.2191780821917808,0.0684931506849315,0.4246575342465753,0.3561643835616438,0.2191780821917808,0.2328767123287671,0.2191780821917808,0.0273972602739726,0.1917808219178082,0.136986301369863,0.1917808219178082
663837,"Vierling, Matt",53,0.4339622641509434,0.5660377358490566,0.22641509433962265,0.2641509433962264,0.07547169811320754,0.37735849056603776,0.33962264150943394,0.2830188679245283,0.2641509433962264,0.1509433962264151,0.018867924528301886,0.11320754716981135,0.18867924528301885,0.2641509433962264
669016,"Marsh, Brandon",78,0.46153846153846156,0.5384615384615384,0.28205128205128205,0.24358974358974358,0.01282051282051282,0.34615384615384615,0.32051282051282054,0.3333333333333333,0.19230769230769232,0.19230769230769232,0.07692307692307693,0.15384615384615383,0.12820512820512822,0.2564102564102564
681082,"Stott, Bryson",71,0.4647887323943662,0.5352112676056339,0.29577464788732394,0.18309859154929578,0.056338028169014086,0.4225352112676056,0.43661971830985913,0.14084507042253522,0.22535211267605634,0.18309859154929578,0.056338028169014086,0.19718309859154928,0.2535211267605634,0.08450704225352113
695734,"Lile, Daylen",103,0.3592233009708738,0.6407766990291262,0.33980582524271846,0.27184466019417475,0.02912621359223301,0.4077669902912621,0.3300970873786408,0.2621359223300971,0.23300970873786409,0.10679611650485436,0.019417475728155338,0.17475728155339804,0.22330097087378642,0.24271844660194175
696285,"Young, Jacob",83,0.42168674698795183,0.5783132530120483,0.20481927710843373,0.30120481927710846,0.07228915662650602,0.3614457831325301,0.3855421686746988,0.25301204819277107,0.24096385542168675,0.13253012048192772,0.04819277108433735,0.12048192771084337,0.2530120481927711,0.20481927710843373
671277,"García Jr., Luis",84,0.4880952380952381,0.5119047619047619,0.20238095238095238,0.25,0.05952380952380952,0.2976190476190476,0.44047619047619047,0.2619047619047619,0.20238095238095238,0.20238095238095238,0.08333333333333333,0.09523809523809523,0.23809523809523808,0.1785714285714286
678391,"Vivas, Jorbit",58,0.5517241379310345,0.4482758620689655,0.1206896551724138,0.25862068965517243,0.06896551724137931,0.3793103448275862,0.3275862068965517,0.29310344827586204,0.29310344827586204,0.1724137931034483,0.08620689655172414,0.08620689655172414,0.15517241379310343,0.2068965517241379
669257,"Smith, Will",74,0.3108108108108108,0.6891891891891893,0.3783783783783784,0.24324324324324326,0.06756756756756757,0.28378378378378377,0.43243243243243246,0.28378378378378377,0.13513513513513514,0.14864864864864866,0.02702702702702703,0.14864864864864863,0.28378378378378377,0.25675675675675674
657041,"Thomas, Lane",47,0.2765957446808511,0.723404255319149,0.3191489361702128,0.23404255319148937,0.1702127659574468,0.425531914893617,0.40425531914893614,0.1702127659574468,0.1702127659574468,0.0851063829787234,0.02127659574468085,0.25531914893617025,0.3191489361702127,0.14893617021276595
677951,"Witt Jr., Bobby",100,0.34,0.66,0.24,0.29,0.13,0.24,0.43,0.33,0.13,0.15,0.06,0.10999999999999999,0.28,0.27
605170,"Caratini, Victor",66,0.48484848484848486,0.5151515151515151,0.18181818181818182,0.30303030303030304,0.030303030303030304,0.42424242424242425,0.36363636363636365,0.21212121212121213,0.21212121212121213,0.18181818181818182,0.09090909090909091,0.21212121212121213,0.18181818181818182,0.12121212121212122
695600,"Jensen, Carter",61,0.3770491803278688,0.6229508196721311,0.32786885245901637,0.21311475409836064,0.08196721311475409,0.47540983606557374,0.3114754098360656,0.21311475409836064,0.21311475409836064,0.11475409836065574,0.04918032786885246,0.2622950819672131,0.19672131147540983,0.16393442622950818
680777,"Jeffers, Ryan",63,0.2857142857142857,0.7142857142857142,0.3333333333333333,0.23809523809523808,0.14285714285714285,0.36507936507936506,0.3492063492063492,0.2857142857142857,0.15873015873015872,0.12698412698412698,0,0.20634920634920634,0.2222222222222222,0.2857142857142857
642086,"Smith, Dominic",58,0.29310344827586204,0.706896551724138,0.3275862068965517,0.3103448275862069,0.06896551724137931,0.3275862068965517,0.41379310344827586,0.25862068965517243,0.08620689655172414,0.1724137931034483,0.034482758620689655,0.24137931034482757,0.24137931034482757,0.22413793103448276
573262,"Yastrzemski, Mike",66,0.5,0.5,0.25757575757575757,0.21212121212121213,0.030303030303030304,0.48484848484848486,0.2878787878787879,0.22727272727272727,0.30303030303030304,0.13636363636363635,0.06060606060606061,0.18181818181818182,0.15151515151515155,0.16666666666666666
668901,"Vientos, Mark",58,0.4827586206896552,0.5172413793103449,0.27586206896551724,0.1724137931034483,0.06896551724137931,0.3620689655172414,0.43103448275862066,0.20689655172413793,0.25862068965517243,0.15517241379310345,0.06896551724137931,0.10344827586206895,0.27586206896551724,0.13793103448275862
673357,"Robert Jr., Luis",68,0.47058823529411764,0.5294117647058824,0.25,0.17647058823529413,0.10294117647058823,0.35294117647058826,0.4411764705882353,0.20588235294117646,0.20588235294117646,0.22058823529411764,0.04411764705882353,0.1470588235294118,0.22058823529411764,0.16176470588235292
665862,"Chisholm Jr., Jazz",74,0.40540540540540543,0.5945945945945946,0.2972972972972973,0.1891891891891892,0.10810810810810811,0.5,0.28378378378378377,0.21621621621621623,0.2702702702702703,0.0945945945945946,0.04054054054054054,0.22972972972972971,0.18918918918918917,0.17567567567567569
592450,"Judge, Aaron",74,0.3783783783783784,0.6216216216216216,0.3108108108108108,0.21621621621621623,0.0945945945945946,0.4864864864864865,0.2972972972972973,0.21621621621621623,0.24324324324324326,0.08108108108108109,0.05405405405405406,0.24324324324324326,0.21621621621621623,0.16216216216216217
607043,"Nimmo, Brandon",98,0.42857142857142855,0.5714285714285714,0.23469387755102042,0.2857142857142857,0.05102040816326531,0.32653061224489793,0.40816326530612246,0.2653061224489796,0.17346938775510204,0.19387755102040816,0.061224489795918366,0.1530612244897959,0.2142857142857143,0.20408163265306123
608369,"Seager, Corey",79,0.43037974683544306,0.569620253164557,0.26582278481012656,0.24050632911392406,0.06329113924050633,0.45569620253164556,0.3291139240506329,0.21518987341772153,0.25316455696202533,0.17721518987341772,0,0.20253164556962022,0.15189873417721517,0.21518987341772153
592626,"Pederson, Joc",51,0.35294117647058826,0.6470588235294118,0.37254901960784315,0.21568627450980393,0.058823529411764705,0.3333333333333333,0.3137254901960784,0.35294117647058826,0.13725490196078433,0.11764705882352941,0.09803921568627451,0.196078431372549,0.19607843137254902,0.25490196078431376
694497,"Carter, Evan",68,0.3088235294117647,0.6911764705882353,0.3235294117647059,0.25,0.11764705882352941,0.35294117647058826,0.4117647058823529,0.23529411764705882,0.17647058823529413,0.11764705882352941,0.014705882352941176,0.17647058823529413,0.2941176470588235,0.22058823529411764
700337,"Quero, Edgar",55,0.6,0.4,0.23636363636363636,0.14545454545454545,0.01818181818181818,0.38181818181818183,0.4,0.21818181818181817,0.2727272727272727,0.23636363636363636,0.09090909090909091,0.10909090909090913,0.16363636363636366,0.12727272727272726
695657,"Montgomery, Colson",73,0.3698630136986301,0.6301369863013698,0.3150684931506849,0.2054794520547945,0.1095890410958904,0.5205479452054794,0.3287671232876712,0.1506849315068493,0.2602739726027397,0.0958904109589041,0.0136986301369863,0.2602739726027397,0.2328767123287671,0.136986301369863
572233,"Walker, Christian",94,0.44680851063829785,0.5531914893617021,0.26595744680851063,0.20212765957446807,0.0851063829787234,0.3723404255319149,0.35106382978723405,0.2765957446808511,0.19148936170212766,0.18085106382978725,0.07446808510638298,0.18085106382978722,0.1702127659574468,0.2021276595744681
514888,"Altuve, Jose",88,0.5227272727272727,0.47727272727272724,0.1590909090909091,0.23863636363636365,0.07954545454545454,0.45454545454545453,0.4659090909090909,0.07954545454545454,0.23863636363636365,0.2727272727272727,0.011363636363636364,0.21590909090909088,0.19318181818181818,0.06818181818181818
683146,"Baty, Brett",65,0.49230769230769234,0.5076923076923077,0.23076923076923078,0.24615384615384617,0.03076923076923077,0.4,0.3230769230769231,0.27692307692307694,0.27692307692307694,0.16923076923076924,0.046153846153846156,0.12307692307692308,0.15384615384615385,0.23076923076923078
701807,"Benge, Carson",67,0.4626865671641791,0.5373134328358209,0.22388059701492538,0.2835820895522388,0.029850746268656716,0.31343283582089554,0.3283582089552239,0.3582089552238806,0.16417910447761194,0.208955223880597,0.08955223880597014,0.1492537313432836,0.11940298507462688,0.26865671641791045
666182,"Bichette, Bo",101,0.5445544554455446,0.4554455445544555,0.16831683168316833,0.25742574257425743,0.0297029702970297,0.18811881188118812,0.3564356435643564,0.45544554455445546,0.12871287128712872,0.2376237623762376,0.1782178217821782,0.0594059405940594,0.1188118811881188,0.27722772277227725
682626,"Alvarez, Francisco",64,0.5,0.5,0.265625,0.15625,0.078125,0.453125,0.40625,0.140625,0.28125,0.21875,0,0.171875,0.1875,0.140625
543760,"Semien, Marcus",88,0.32954545454545453,0.6704545454545454,0.36363636363636365,0.23863636363636365,0.06818181818181818,0.4659090909090909,0.42045454545454547,0.11363636363636363,0.19318181818181818,0.11363636363636363,0.022727272727272728,0.2727272727272727,0.3068181818181818,0.09090909090909091
669224,"Wells, Austin",56,0.44642857142857145,0.5535714285714286,0.3392857142857143,0.16071428571428573,0.05357142857142857,0.5178571428571429,0.19642857142857142,0.2857142857142857,0.32142857142857145,0.05357142857142857,0.07142857142857142,0.19642857142857145,0.14285714285714285,0.21428571428571427
641355,"Bellinger, Cody",92,0.34782608695652173,0.6521739130434783,0.3695652173913043,0.17391304347826086,0.10869565217391304,0.43478260869565216,0.32608695652173914,0.2391304347826087,0.21739130434782608,0.10869565217391304,0.021739130434782608,0.21739130434782608,0.2173913043478261,0.2173913043478261
519317,"Stanton, Giancarlo",61,0.29508196721311475,0.7049180327868853,0.2786885245901639,0.29508196721311475,0.13114754098360656,0.39344262295081966,0.4262295081967213,0.18032786885245902,0.11475409836065574,0.18032786885245902,0,0.2786885245901639,0.24590163934426226,0.18032786885245902
673962,"Jung, Josh",83,0.43373493975903615,0.5662650602409639,0.21686746987951808,0.3132530120481928,0.03614457831325301,0.3373493975903614,0.40963855421686746,0.25301204819277107,0.18072289156626506,0.20481927710843373,0.04819277108433735,0.15662650602409636,0.20481927710843373,0.20481927710843373
694671,"Langford, Wyatt",61,0.45901639344262296,0.540983606557377,0.21311475409836064,0.21311475409836064,0.11475409836065574,0.3114754098360656,0.3770491803278688,0.3114754098360656,0.19672131147540983,0.18032786885245902,0.08196721311475409,0.11475409836065575,0.1967213114754098,0.2295081967213115
808959,"Murakami, Munetaka",65,0.38461538461538464,0.6153846153846154,0.4153846153846154,0.15384615384615385,0.046153846153846156,0.47692307692307695,0.4,0.12307692307692308,0.23076923076923078,0.1076923076923077,0.046153846153846156,0.24615384615384617,0.2923076923076923,0.07692307692307693
643217,"Benintendi, Andrew",57,0.2807017543859649,0.7192982456140351,0.3684210526315789,0.2807017543859649,0.07017543859649122,0.5964912280701754,0.2982456140350877,0.10526315789473684,0.14035087719298245,0.12280701754385964,0.017543859649122806,0.45614035087719296,0.17543859649122806,0.08771929824561403
621043,"Correa, Carlos",86,0.5,0.5,0.12790697674418605,0.32558139534883723,0.046511627906976744,0.4186046511627907,0.3023255813953488,0.27906976744186046,0.23255813953488372,0.1511627906976744,0.11627906976744186,0.186046511627907,0.1511627906976744,0.16279069767441862
696100,"Goodman, Hunter",63,0.25396825396825395,0.746031746031746,0.4444444444444444,0.23809523809523808,0.06349206349206349,0.5396825396825397,0.2698412698412698,0.19047619047619047,0.14285714285714285,0.06349206349206349,0.047619047619047616,0.3968253968253968,0.20634920634920634,0.14285714285714285
650333,"Arraez, Luis",116,0.4482758620689655,0.5517241379310345,0.2672413793103448,0.23275862068965517,0.05172413793103448,0.28448275862068967,0.39655172413793105,0.31896551724137934,0.16379310344827586,0.21551724137931033,0.06896551724137931,0.12068965517241381,0.18103448275862072,0.25
545361,"Trout, Mike",79,0.3291139240506329,0.6708860759493671,0.4177215189873418,0.189873417721519,0.06329113924050633,0.43037974683544306,0.31645569620253167,0.25316455696202533,0.189873417721519,0.10126582278481013,0.0379746835443038,0.24050632911392406,0.21518987341772156,0.21518987341772153
624585,"Soler, Jorge",67,0.34328358208955223,0.6567164179104478,0.2835820895522388,0.2835820895522388,0.08955223880597014,0.5373134328358209,0.26865671641791045,0.19402985074626866,0.22388059701492538,0.08955223880597014,0.029850746268656716,0.31343283582089554,0.17910447761194032,0.16417910447761194
672724,"Peraza, Oswald",59,0.4067796610169492,0.5932203389830508,0.1864406779661017,0.3220338983050847,0.0847457627118644,0.3898305084745763,0.3898305084745763,0.22033898305084745,0.2033898305084746,0.15254237288135594,0.05084745762711865,0.1864406779661017,0.23728813559322035,0.1694915254237288
694384,"Schanuel, Nolan",96,0.5208333333333334,0.4791666666666667,0.17708333333333334,0.2604166666666667,0.041666666666666664,0.3854166666666667,0.3645833333333333,0.25,0.25,0.1875,0.08333333333333333,0.13541666666666669,0.17708333333333331,0.16666666666666669
701398,"Stewart, Sal",92,0.43478260869565216,0.5652173913043479,0.33695652173913043,0.17391304347826086,0.05434782608695652,0.31521739130434784,0.31521739130434784,0.3695652173913043,0.16304347826086957,0.1956521739130435,0.07608695652173914,0.15217391304347827,0.11956521739130435,0.2934782608695652
553993,"Suárez, Eugenio",61,0.3770491803278688,0.6229508196721312,0.2459016393442623,0.26229508196721313,0.11475409836065574,0.4918032786885246,0.26229508196721313,0.2459016393442623,0.2459016393442623,0.13114754098360656,0,0.2459016393442623,0.13114754098360656,0.2459016393442623
663886,"Stephenson, Tyler",49,0.24489795918367346,0.7551020408163265,0.46938775510204084,0.22448979591836735,0.061224489795918366,0.2653061224489796,0.40816326530612246,0.32653061224489793,0.12244897959183673,0.10204081632653061,0.02040816326530612,0.14285714285714288,0.30612244897959184,0.3061224489795918
805779,"Wilson, Jacob",114,0.49122807017543857,0.5087719298245614,0.20175438596491227,0.2631578947368421,0.043859649122807015,0.34210526315789475,0.4298245614035088,0.22807017543859648,0.20175438596491227,0.20175438596491227,0.08771929824561403,0.14035087719298248,0.2280701754385965,0.14035087719298245
643446,"McNeil, Jeff",81,0.4444444444444444,0.5555555555555556,0.14814814814814814,0.3333333333333333,0.07407407407407407,0.35802469135802467,0.345679012345679,0.2962962962962963,0.20987654320987653,0.14814814814814814,0.08641975308641975,0.14814814814814814,0.19753086419753085,0.20987654320987653
666126,"Cortes, Carlos",62,0.4838709677419355,0.5161290322580645,0.1935483870967742,0.2903225806451613,0.03225806451612903,0.3225806451612903,0.43548387096774194,0.24193548387096775,0.1774193548387097,0.24193548387096775,0.06451612903225806,0.14516129032258063,0.1935483870967742,0.1774193548387097
666018,"Aranda, Jonathan",79,0.3670886075949367,0.6329113924050633,0.3291139240506329,0.25316455696202533,0.05063291139240506,0.3291139240506329,0.4177215189873418,0.25316455696202533,0.12658227848101267,0.21518987341772153,0.02531645569620253,0.20253164556962022,0.20253164556962025,0.2278481012658228
802415,"Simpson, Chandler",112,0.5982142857142857,0.4017857142857143,0.10714285714285714,0.25,0.044642857142857144,0.19642857142857142,0.4375,0.36607142857142855,0.15178571428571427,0.26785714285714285,0.17857142857142858,0.04464285714285715,0.16964285714285715,0.18749999999999997
650490,"Díaz, Yandy",99,0.494949494949495,0.5050505050505051,0.18181818181818182,0.2727272727272727,0.050505050505050504,0.12121212121212122,0.5353535353535354,0.3434343434343434,0.08080808080808081,0.32323232323232326,0.09090909090909091,0.0404040404040404,0.2121212121212121,0.2525252525252525
686527,"Canzone, Dominic",51,0.2549019607843137,0.7450980392156863,0.35294117647058826,0.3137254901960784,0.0784313725490196,0.37254901960784315,0.35294117647058826,0.27450980392156865,0.13725490196078433,0.0784313725490196,0.0392156862745098,0.23529411764705882,0.27450980392156865,0.23529411764705885
663728,"Raleigh, Cal",86,0.27906976744186046,0.7209302325581395,0.47674418604651164,0.12790697674418605,0.11627906976744186,0.5116279069767442,0.2558139534883721,0.23255813953488372,0.1744186046511628,0.08139534883720931,0.023255813953488372,0.33720930232558144,0.1744186046511628,0.20930232558139533
609280,"Andujar, Miguel",54,0.5185185185185185,0.48148148148148145,0.18518518518518517,0.18518518518518517,0.1111111111111111,0.48148148148148145,0.3333333333333333,0.18518518518518517,0.24074074074074073,0.18518518518518517,0.09259259259259259,0.24074074074074073,0.14814814814814814,0.09259259259259259
656811,"O'Hearn, Ryan",87,0.4482758620689655,0.5517241379310345,0.25287356321839083,0.27586206896551724,0.022988505747126436,0.40229885057471265,0.3103448275862069,0.28735632183908044,0.2413793103448276,0.13793103448275862,0.06896551724137931,0.16091954022988506,0.1724137931034483,0.21839080459770113
677950,"Thomas, Alek",67,0.417910447761194,0.582089552238806,0.26865671641791045,0.22388059701492538,0.08955223880597014,0.29850746268656714,0.3582089552238806,0.34328358208955223,0.14925373134328357,0.22388059701492538,0.04477611940298507,0.14925373134328357,0.1343283582089552,0.29850746268656714
678882,"Rafaela, Ceddanne",71,0.4084507042253521,0.5915492957746479,0.2112676056338028,0.30985915492957744,0.07042253521126761,0.36619718309859156,0.36619718309859156,0.2676056338028169,0.2112676056338028,0.1267605633802817,0.07042253521126761,0.15492957746478875,0.23943661971830987,0.19718309859154926
608348,"Kelly, Carson",60,0.45,0.55,0.21666666666666667,0.23333333333333334,0.1,0.4166666666666667,0.35,0.23333333333333334,0.26666666666666666,0.16666666666666666,0.016666666666666666,0.15000000000000002,0.18333333333333332,0.21666666666666667
608324,"Bregman, Alex",104,0.4423076923076923,0.5576923076923077,0.22115384615384615,0.20192307692307693,0.1346153846153846,0.47115384615384615,0.34615384615384615,0.18269230769230768,0.25,0.16346153846153846,0.028846153846153848,0.22115384615384615,0.18269230769230768,0.15384615384615383
807713,"Shaw, Matt",61,0.4098360655737705,0.5901639344262295,0.22950819672131148,0.29508196721311475,0.06557377049180328,0.32786885245901637,0.3442622950819672,0.32786885245901637,0.18032786885245902,0.16393442622950818,0.06557377049180328,0.14754098360655735,0.18032786885245902,0.2622950819672131
683002,"Henderson, Gunnar",88,0.375,0.6250000000000001,0.29545454545454547,0.23863636363636365,0.09090909090909091,0.5,0.29545454545454547,0.20454545454545456,0.18181818181818182,0.17045454545454544,0.022727272727272728,0.3181818181818182,0.12500000000000003,0.18181818181818182
621493,"Ward, Taylor",95,0.37894736842105264,0.6210526315789473,0.2736842105263158,0.29473684210526313,0.05263157894736842,0.3368421052631579,0.4,0.2631578947368421,0.18947368421052632,0.15789473684210525,0.031578947368421054,0.14736842105263157,0.24210526315789477,0.23157894736842105
681297,"Cowser, Colton",40,0.575,0.42500000000000004,0.225,0.2,0,0.375,0.425,0.2,0.25,0.225,0.1,0.125,0.19999999999999998,0.1
624413,"Alonso, Pete",83,0.43373493975903615,0.5662650602409638,0.3373493975903614,0.20481927710843373,0.024096385542168676,0.3373493975903614,0.5060240963855421,0.1566265060240964,0.21686746987951808,0.21686746987951808,0,0.12048192771084335,0.28915662650602403,0.1566265060240964
677942,"Alexander, Blaze",43,0.5116279069767442,0.4883720930232558,0.18604651162790697,0.27906976744186046,0.023255813953488372,0.27906976744186046,0.4418604651162791,0.27906976744186046,0.18604651162790697,0.23255813953488372,0.09302325581395349,0.09302325581395349,0.20930232558139536,0.18604651162790697
641487,"Crawford, J.P.",64,0.46875,0.53125,0.203125,0.265625,0.0625,0.328125,0.390625,0.28125,0.21875,0.15625,0.09375,0.109375,0.234375,0.1875
673548,"Suzuki, Seiya",48,0.2916666666666667,0.7083333333333334,0.2916666666666667,0.3333333333333333,0.08333333333333333,0.3333333333333333,0.375,0.2916666666666667,0.14583333333333334,0.125,0.020833333333333332,0.18749999999999997,0.25,0.27083333333333337
543807,"Springer, George",45,0.4,0.6,0.28888888888888886,0.17777777777777778,0.13333333333333333,0.4888888888888889,0.24444444444444444,0.26666666666666666,0.2222222222222222,0.13333333333333333,0.044444444444444446,0.26666666666666666,0.1111111111111111,0.2222222222222222
802139,"Wetherholt, JJ",94,0.3617021276595745,0.6382978723404255,0.3723404255319149,0.20212765957446807,0.06382978723404255,0.46808510638297873,0.2978723404255319,0.23404255319148937,0.2553191489361702,0.0425531914893617,0.06382978723404255,0.21276595744680854,0.2553191489361702,0.17021276595744683
701675,"Church, Nathan",65,0.49230769230769234,0.5076923076923077,0.26153846153846155,0.18461538461538463,0.06153846153846154,0.4,0.35384615384615387,0.24615384615384617,0.2,0.23076923076923078,0.06153846153846154,0.2,0.12307692307692308,0.18461538461538463
700932,"Manzardo, Kyle",53,0.4339622641509434,0.5660377358490566,0.22641509433962265,0.20754716981132076,0.1320754716981132,0.4528301886792453,0.39622641509433965,0.1509433962264151,0.22641509433962265,0.16981132075471697,0.03773584905660377,0.22641509433962265,0.22641509433962267,0.11320754716981132
682177,"Schneemann, Daniel",52,0.34615384615384615,0.6538461538461539,0.3076923076923077,0.3076923076923077,0.038461538461538464,0.4807692307692308,0.28846153846153844,0.23076923076923078,0.23076923076923078,0.09615384615384616,0.019230769230769232,0.25,0.1923076923076923,0.21153846153846156
666310,"Naylor, Bo",50,0.36,0.64,0.32,0.22,0.1,0.36,0.46,0.18,0.16,0.2,0,0.19999999999999998,0.26,0.18
656555,"Hoskins, Rhys",45,0.3333333333333333,0.6666666666666666,0.3111111111111111,0.2222222222222222,0.13333333333333333,0.4666666666666667,0.26666666666666666,0.26666666666666666,0.24444444444444444,0.06666666666666667,0.022222222222222223,0.22222222222222224,0.2,0.24444444444444444
595879,"Báez, Javier",63,0.4444444444444444,0.5555555555555556,0.19047619047619047,0.2698412698412698,0.09523809523809523,0.4126984126984127,0.3968253968253968,0.19047619047619047,0.20634920634920634,0.20634920634920634,0.031746031746031744,0.20634920634920634,0.19047619047619047,0.15873015873015872
607208,"Turner, Trea",99,0.4444444444444444,0.5555555555555556,0.32323232323232326,0.18181818181818182,0.050505050505050504,0.31313131313131315,0.3939393939393939,0.29292929292929293,0.16161616161616163,0.18181818181818182,0.10101010101010101,0.15151515151515152,0.2121212121212121,0.19191919191919193
547180,"Harper, Bryce",93,0.41935483870967744,0.5806451612903225,0.3118279569892473,0.20430107526881722,0.06451612903225806,0.3118279569892473,0.41935483870967744,0.26881720430107525,0.15053763440860216,0.22580645161290322,0.043010752688172046,0.16129032258064516,0.19354838709677422,0.2258064516129032
691781,"House, Brady",73,0.5616438356164384,0.4383561643835616,0.2602739726027397,0.1780821917808219,0,0.2876712328767123,0.4657534246575342,0.2465753424657534,0.2328767123287671,0.2602739726027397,0.0684931506849315,0.0547945205479452,0.2054794520547945,0.1780821917808219
571970,"Muncy, Max",73,0.4246575342465753,0.5753424657534246,0.3424657534246575,0.2054794520547945,0.0273972602739726,0.4931506849315068,0.3150684931506849,0.1917808219178082,0.2602739726027397,0.136986301369863,0.0273972602739726,0.2328767123287671,0.1780821917808219,0.1643835616438356
681624,"Pages, Andy",86,0.37209302325581395,0.627906976744186,0.26744186046511625,0.26744186046511625,0.09302325581395349,0.3372093023255814,0.3372093023255814,0.32558139534883723,0.1511627906976744,0.1511627906976744,0.06976744186046512,0.18604651162790697,0.18604651162790697,0.2558139534883721
690976,"Freeland, Alex",54,0.5370370370370371,0.46296296296296297,0.2037037037037037,0.2222222222222222,0.037037037037037035,0.3888888888888889,0.3888888888888889,0.2222222222222222,0.25925925925925924,0.2222222222222222,0.05555555555555555,0.12962962962962965,0.16666666666666669,0.16666666666666666
660271,"Ohtani, Shohei",79,0.4430379746835443,0.5569620253164557,0.3670886075949367,0.16455696202531644,0.02531645569620253,0.569620253164557,0.21518987341772153,0.21518987341772153,0.3291139240506329,0.10126582278481013,0.012658227848101266,0.2405063291139241,0.1139240506329114,0.20253164556962025
664728,"Isbel, Kyle",57,0.45614035087719296,0.5438596491228069,0.19298245614035087,0.2631578947368421,0.08771929824561403,0.24561403508771928,0.3508771929824561,0.40350877192982454,0.10526315789473684,0.15789473684210525,0.19298245614035087,0.14035087719298245,0.19298245614035087,0.21052631578947367
668904,"Lewis, Royce",45,0.35555555555555557,0.6444444444444444,0.3111111111111111,0.2,0.13333333333333333,0.4666666666666667,0.4,0.13333333333333333,0.17777777777777778,0.17777777777777778,0,0.28888888888888886,0.22222222222222224,0.13333333333333333
605137,"Bell, Josh",89,0.3258426966292135,0.6741573033707866,0.2808988764044944,0.29213483146067415,0.10112359550561797,0.4943820224719101,0.30337078651685395,0.20224719101123595,0.19101123595505617,0.11235955056179775,0.02247191011235955,0.3033707865168539,0.1910112359550562,0.1797752808988764
643289,"Dubón, Mauricio",89,0.3595505617977528,0.6404494382022472,0.29213483146067415,0.24719101123595505,0.10112359550561797,0.30337078651685395,0.4044943820224719,0.29213483146067415,0.14606741573033707,0.1797752808988764,0.033707865168539325,0.15730337078651688,0.2247191011235955,0.2584269662921348
681198,"Rumfield, TJ",95,0.4421052631578947,0.5578947368421052,0.23157894736842105,0.2736842105263158,0.05263157894736842,0.49473684210526314,0.30526315789473685,0.2,0.24210526315789474,0.1368421052631579,0.06315789473684211,0.25263157894736843,0.16842105263157894,0.1368421052631579
678662,"Tovar, Ezequiel",79,0.3670886075949367,0.6329113924050632,0.26582278481012656,0.3037974683544304,0.06329113924050633,0.379746835443038,0.3924050632911392,0.22784810126582278,0.17721518987341772,0.17721518987341772,0.012658227848101266,0.20253164556962028,0.2151898734177215,0.2151898734177215
662139,"Varsho, Daulton",78,0.358974358974359,0.6410256410256411,0.23076923076923078,0.32051282051282054,0.08974358974358974,0.4230769230769231,0.358974358974359,0.21794871794871795,0.1794871794871795,0.10256410256410256,0.07692307692307693,0.24358974358974358,0.2564102564102564,0.14102564102564102
665926,"Giménez, Andrés",90,0.4888888888888889,0.5111111111111111,0.25555555555555554,0.18888888888888888,0.06666666666666667,0.35555555555555557,0.3333333333333333,0.3111111111111111,0.23333333333333334,0.2,0.05555555555555555,0.12222222222222223,0.1333333333333333,0.25555555555555554
660821,"Sánchez, Jesús",76,0.42105263157894735,0.5789473684210527,0.2631578947368421,0.2631578947368421,0.05263157894736842,0.3026315789473684,0.40789473684210525,0.2894736842105263,0.15789473684210525,0.21052631578947367,0.05263157894736842,0.14473684210526316,0.19736842105263158,0.2368421052631579
669127,"Langeliers, Shea",94,0.30851063829787234,0.6914893617021277,0.32978723404255317,0.2765957446808511,0.0851063829787234,0.3617021276595745,0.3617021276595745,0.2765957446808511,0.18085106382978725,0.07446808510638298,0.05319148936170213,0.18085106382978725,0.2872340425531915,0.22340425531914895
671732,"Butler, Lawrence",66,0.5,0.5,0.24242424242424243,0.21212121212121213,0.045454545454545456,0.3333333333333333,0.3939393939393939,0.2727272727272727,0.25757575757575757,0.19696969696969696,0.045454545454545456,0.07575757575757575,0.19696969696969696,0.22727272727272724
701762,"Kurtz, Nick",61,0.36065573770491804,0.639344262295082,0.36065573770491804,0.26229508196721313,0.01639344262295082,0.3442622950819672,0.36065573770491804,0.29508196721311475,0.19672131147540983,0.09836065573770492,0.06557377049180328,0.14754098360655737,0.26229508196721313,0.22950819672131145
669357,"Gorman, Nolan",73,0.3424657534246575,0.6575342465753424,0.3424657534246575,0.2602739726027397,0.0547945205479452,0.4520547945205479,0.2876712328767123,0.2602739726027397,0.1780821917808219,0.1232876712328767,0.0410958904109589,0.273972602739726,0.1643835616438356,0.2191780821917808
691023,"Walker, Jordan",76,0.39473684210526316,0.6052631578947368,0.32894736842105265,0.23684210526315788,0.039473684210526314,0.3684210526315789,0.39473684210526316,0.23684210526315788,0.2236842105263158,0.17105263157894737,0,0.14473684210526314,0.2236842105263158,0.23684210526315788
676475,"Burleson, Alec",102,0.5098039215686274,0.4901960784313726,0.27450980392156865,0.17647058823529413,0.0392156862745098,0.45098039215686275,0.3137254901960784,0.23529411764705882,0.30392156862745096,0.14705882352941177,0.058823529411764705,0.1470588235294118,0.16666666666666666,0.1764705882352941
687363,"Scott II, Victor",60,0.65,0.35,0.11666666666666667,0.2,0.03333333333333333,0.35,0.45,0.2,0.31666666666666665,0.2833333333333333,0.05,0.033333333333333326,0.16666666666666669,0.15000000000000002
665742,"Soto, Juan",50,0.34,0.6600000000000001,0.34,0.28,0.04,0.36,0.48,0.16,0.12,0.2,0.02,0.24,0.27999999999999997,0.14
647304,"Naylor, Josh",93,0.40860215053763443,0.5913978494623656,0.22580645161290322,0.21505376344086022,0.15053763440860216,0.46236559139784944,0.3118279569892473,0.22580645161290322,0.25806451612903225,0.12903225806451613,0.021505376344086023,0.2043010752688172,0.1827956989247312,0.2043010752688172
680977,"Donovan, Brendan",45,0.4444444444444444,0.5555555555555556,0.2,0.2222222222222222,0.13333333333333333,0.4666666666666667,0.3111111111111111,0.2222222222222222,0.24444444444444444,0.17777777777777778,0.022222222222222223,0.22222222222222224,0.13333333333333333,0.19999999999999998
677594,"Rodríguez, Julio",95,0.47368421052631576,0.5263157894736843,0.18947368421052632,0.25263157894736843,0.08421052631578947,0.4105263157894737,0.37894736842105264,0.21052631578947367,0.2,0.2,0.07368421052631578,0.21052631578947367,0.17894736842105263,0.13684210526315788
700250,"Rice, Ben",69,0.4492753623188406,0.5507246376811593,0.2753623188405797,0.2608695652173913,0.014492753623188406,0.5362318840579711,0.3188405797101449,0.14492753623188406,0.30434782608695654,0.14492753623188406,0,0.23188405797101452,0.17391304347826084,0.14492753623188406
676609,"Caballero, José",80,0.5375,0.4625,0.1875,0.1875,0.0875,0.4375,0.375,0.1875,0.25,0.225,0.0625,0.1875,0.15,0.125
663757,"Grisham, Trent",73,0.4246575342465753,0.5753424657534246,0.3287671232876712,0.1643835616438356,0.0821917808219178,0.3972602739726027,0.4246575342465753,0.1780821917808219,0.2054794520547945,0.2054794520547945,0.0136986301369863,0.1917808219178082,0.2191780821917808,0.1643835616438356
660844,"Rivas, Leo",49,0.3877551020408163,0.6122448979591837,0.2857142857142857,0.22448979591836735,0.10204081632653061,0.40816326530612246,0.42857142857142855,0.16326530612244897,0.24489795918367346,0.10204081632653061,0.04081632653061224,0.163265306122449,0.32653061224489793,0.12244897959183673
608070,"Ramírez, José",99,0.2727272727272727,0.7272727272727273,0.42424242424242425,0.20202020202020202,0.10101010101010101,0.43434343434343436,0.41414141414141414,0.15151515151515152,0.15151515151515152,0.10101010101010101,0.020202020202020204,0.2828282828282829,0.31313131313131315,0.13131313131313133
671218,"Ramos, Heliot",74,0.47297297297297297,0.5270270270270271,0.22972972972972974,0.25675675675675674,0.04054054054054054,0.35135135135135137,0.4189189189189189,0.22972972972972974,0.22972972972972974,0.20270270270270271,0.04054054054054054,0.12162162162162163,0.2162162162162162,0.1891891891891892
646240,"Devers, Rafael",82,0.43902439024390244,0.5609756097560976,0.2804878048780488,0.23170731707317074,0.04878048780487805,0.3048780487804878,0.47560975609756095,0.21951219512195122,0.18292682926829268,0.23170731707317074,0.024390243902439025,0.12195121951219512,0.2439024390243902,0.1951219512195122
592518,"Machado, Manny",77,0.4155844155844156,0.5844155844155844,0.19480519480519481,0.2987012987012987,0.09090909090909091,0.42857142857142855,0.3246753246753247,0.24675324675324675,0.22077922077922077,0.15584415584415584,0.03896103896103896,0.20779220779220778,0.16883116883116883,0.2077922077922078
665487,"Tatis Jr., Fernando",85,0.49411764705882355,0.5058823529411764,0.18823529411764706,0.2823529411764706,0.03529411764705882,0.21176470588235294,0.4588235294117647,0.32941176470588235,0.15294117647058825,0.25882352941176473,0.08235294117647059,0.05882352941176469,0.19999999999999996,0.24705882352941178
593428,"Bogaerts, Xander",92,0.44565217391304346,0.5543478260869564,0.2717391304347826,0.21739130434782608,0.06521739130434782,0.45652173913043476,0.29347826086956524,0.25,0.22826086956521738,0.17391304347826086,0.043478260869565216,0.22826086956521738,0.11956521739130438,0.20652173913043478
657757,"Sheets, Gavin",66,0.45454545454545453,0.5454545454545454,0.19696969696969696,0.22727272727272727,0.12121212121212122,0.3484848484848485,0.3939393939393939,0.25757575757575757,0.21212121212121213,0.18181818181818182,0.06060606060606061,0.13636363636363638,0.2121212121212121,0.19696969696969696
681481,"Carpenter, Kerry",53,0.33962264150943394,0.6603773584905661,0.4339622641509434,0.18867924528301888,0.03773584905660377,0.4339622641509434,0.33962264150943394,0.22641509433962265,0.20754716981132076,0.11320754716981132,0.018867924528301886,0.22641509433962265,0.22641509433962262,0.20754716981132076
682985,"Greene, Riley",78,0.41025641025641024,0.5897435897435898,0.3333333333333333,0.23076923076923078,0.02564102564102564,0.32051282051282054,0.4358974358974359,0.24358974358974358,0.19230769230769232,0.16666666666666666,0.05128205128205128,0.12820512820512822,0.2692307692307693,0.1923076923076923
693307,"Dingler, Dillon",74,0.4594594594594595,0.5405405405405405,0.25675675675675674,0.2702702702702703,0.013513513513513514,0.43243243243243246,0.40540540540540543,0.16216216216216217,0.22972972972972974,0.1891891891891892,0.04054054054054054,0.20270270270270271,0.21621621621621623,0.12162162162162163
679529,"Torkelson, Spencer",67,0.3283582089552239,0.6716417910447761,0.34328358208955223,0.29850746268656714,0.029850746268656716,0.4925373134328358,0.373134328358209,0.13432835820895522,0.19402985074626866,0.11940298507462686,0.014925373134328358,0.29850746268656714,0.2537313432835821,0.11940298507462686
650402,"Torres, Gleyber",91,0.4945054945054945,0.5054945054945055,0.24175824175824176,0.25274725274725274,0.01098901098901099,0.16483516483516483,0.37362637362637363,0.46153846153846156,0.13186813186813187,0.23076923076923078,0.13186813186813187,0.03296703296703296,0.14285714285714285,0.3296703296703297
664761,"Bohm, Alec",89,0.4943820224719101,0.5056179775280899,0.19101123595505617,0.2247191011235955,0.0898876404494382,0.24719101123595505,0.5393258426966292,0.21348314606741572,0.1797752808988764,0.2696629213483146,0.0449438202247191,0.06741573033707865,0.2696629213483146,0.16853932584269662
666969,"García, Adolis",80,0.3875,0.6125,0.225,0.3,0.0875,0.375,0.325,0.3,0.2375,0.1375,0.0125,0.1375,0.1875,0.2875
656941,"Schwarber, Kyle",71,0.323943661971831,0.676056338028169,0.39436619718309857,0.18309859154929578,0.09859154929577464,0.5492957746478874,0.22535211267605634,0.22535211267605634,0.2676056338028169,0.056338028169014086,0,0.2816901408450705,0.16901408450704225,0.22535211267605634
669394,"Burger, Jake",84,0.47619047619047616,0.5238095238095238,0.27380952380952384,0.21428571428571427,0.03571428571428571,0.42857142857142855,0.38095238095238093,0.19047619047619047,0.21428571428571427,0.21428571428571427,0.047619047619047616,0.21428571428571427,0.16666666666666666,0.14285714285714285
669701,"Smith, Josh",66,0.36363636363636365,0.6363636363636364,0.3333333333333333,0.21212121212121213,0.09090909090909091,0.3484848484848485,0.3333333333333333,0.3181818181818182,0.18181818181818182,0.10606060606060606,0.07575757575757576,0.16666666666666669,0.22727272727272724,0.24242424242424243
665833,"Cruz, Oneil",77,0.45454545454545453,0.5454545454545454,0.2597402597402597,0.24675324675324675,0.03896103896103896,0.4675324675324675,0.33766233766233766,0.19480519480519481,0.24675324675324675,0.11688311688311688,0.09090909090909091,0.22077922077922077,0.2207792207792208,0.1038961038961039
664040,"Lowe, Brandon",78,0.34615384615384615,0.6538461538461539,0.3076923076923077,0.21794871794871795,0.1282051282051282,0.4358974358974359,0.3333333333333333,0.23076923076923078,0.19230769230769232,0.1282051282051282,0.02564102564102564,0.24358974358974358,0.20512820512820512,0.20512820512820515
687462,"Horwitz, Spencer",71,0.4647887323943662,0.5352112676056338,0.22535211267605634,0.22535211267605634,0.08450704225352113,0.38028169014084506,0.28169014084507044,0.3380281690140845,0.2535211267605634,0.11267605633802817,0.09859154929577464,0.1267605633802817,0.16901408450704225,0.23943661971830987
693304,"Gonzales, Nick",83,0.5180722891566265,0.4819277108433735,0.1566265060240964,0.2891566265060241,0.03614457831325301,0.40963855421686746,0.30120481927710846,0.2891566265060241,0.24096385542168675,0.18072289156626506,0.0963855421686747,0.1686746987951807,0.1204819277108434,0.19277108433734938
542303,"Ozuna, Marcell",70,0.3,0.7,0.2714285714285714,0.24285714285714285,0.18571428571428572,0.4,0.3142857142857143,0.2857142857142857,0.22857142857142856,0.07142857142857142,0,0.17142857142857146,0.24285714285714285,0.2857142857142857
661388,"Contreras, William",97,0.422680412371134,0.5773195876288659,0.2268041237113402,0.2268041237113402,0.12371134020618557,0.4329896907216495,0.31958762886597936,0.24742268041237114,0.23711340206185566,0.16494845360824742,0.020618556701030927,0.19587628865979384,0.15463917525773194,0.2268041237113402
641343,"Bauers, Jake",78,0.46153846153846156,0.5384615384615384,0.28205128205128205,0.20512820512820512,0.05128205128205128,0.3717948717948718,0.358974358974359,0.2692307692307692,0.23076923076923078,0.19230769230769232,0.038461538461538464,0.14102564102564102,0.16666666666666666,0.23076923076923075
687401,"Ortiz, Joey",52,0.5576923076923077,0.4423076923076923,0.15384615384615385,0.15384615384615385,0.1346153846153846,0.3269230769230769,0.5,0.17307692307692307,0.21153846153846154,0.28846153846153844,0.057692307692307696,0.11538461538461539,0.21153846153846156,0.11538461538461538
677592,"Pereira, Everson",44,0.45454545454545453,0.5454545454545454,0.25,0.18181818181818182,0.11363636363636363,0.38636363636363635,0.3409090909090909,0.2727272727272727,0.25,0.09090909090909091,0.11363636363636363,0.13636363636363635,0.24999999999999997,0.15909090909090906
678246,"Vargas, Miguel",86,0.3488372093023256,0.6511627906976745,0.3488372093023256,0.23255813953488372,0.06976744186046512,0.43023255813953487,0.3488372093023256,0.22093023255813954,0.19767441860465115,0.11627906976744186,0.03488372093023256,0.23255813953488372,0.23255813953488375,0.18604651162790697
672640,"Lopez, Otto",93,0.5053763440860215,0.4946236559139785,0.24731182795698925,0.23655913978494625,0.010752688172043012,0.3655913978494624,0.3978494623655914,0.23655913978494625,0.20430107526881722,0.22580645161290322,0.07526881720430108,0.16129032258064516,0.17204301075268816,0.16129032258064518
681715,"Hernández, Heriberto",49,0.5102040816326531,0.489795918367347,0.24489795918367346,0.1836734693877551,0.061224489795918366,0.4489795918367347,0.3673469387755102,0.1836734693877551,0.32653061224489793,0.16326530612244897,0.02040816326530612,0.12244897959183676,0.20408163265306126,0.163265306122449
691594,"Sanoja, Javier",55,0.4909090909090909,0.5090909090909091,0.18181818181818182,0.21818181818181817,0.10909090909090909,0.43636363636363634,0.34545454545454546,0.21818181818181817,0.2545454545454545,0.18181818181818182,0.05454545454545454,0.18181818181818182,0.16363636363636364,0.16363636363636364
663656,"Tucker, Kyle",88,0.3522727272727273,0.6477272727272727,0.3181818181818182,0.25,0.07954545454545454,0.4318181818181818,0.375,0.19318181818181818,0.2159090909090909,0.09090909090909091,0.045454545454545456,0.2159090909090909,0.28409090909090906,0.1477272727272727
686469,"Pasquantino, Vinnie",83,0.3614457831325301,0.6385542168674698,0.27710843373493976,0.24096385542168675,0.12048192771084337,0.4819277108433735,0.25301204819277107,0.26506024096385544,0.21686746987951808,0.10843373493975904,0.03614457831325301,0.2650602409638554,0.14457831325301201,0.22891566265060243
695506,"Caglianone, Jac",55,0.45454545454545453,0.5454545454545454,0.21818181818181817,0.3090909090909091,0.01818181818181818,0.3090909090909091,0.4909090909090909,0.2,0.16363636363636364,0.23636363636363636,0.05454545454545454,0.14545454545454545,0.2545454545454545,0.14545454545454548
665019,"Clemens, Kody",48,0.3541666666666667,0.6458333333333334,0.3541666666666667,0.25,0.041666666666666664,0.3541666666666667,0.3958333333333333,0.25,0.14583333333333334,0.20833333333333334,0,0.20833333333333334,0.18749999999999997,0.25
670242,"Wallner, Matt",54,0.5185185185185185,0.48148148148148145,0.18518518518518517,0.25925925925925924,0.037037037037037035,0.48148148148148145,0.4074074074074074,0.1111111111111111,0.35185185185185186,0.16666666666666666,0,0.1296296296296296,0.24074074074074073,0.1111111111111111
807712,"Keaschall, Luke",101,0.4158415841584158,0.5841584158415841,0.2871287128712871,0.18811881188118812,0.10891089108910891,0.3465346534653465,0.39603960396039606,0.25742574257425743,0.24752475247524752,0.15841584158415842,0.009900990099009901,0.09900990099009899,0.23762376237623764,0.24752475247524752
621439,"Buxton, Byron",88,0.26136363636363635,0.7386363636363636,0.38636363636363635,0.2159090909090909,0.13636363636363635,0.4659090909090909,0.3181818181818182,0.2159090909090909,0.1590909090909091,0.09090909090909091,0.011363636363636364,0.30681818181818177,0.22727272727272727,0.20454545454545456
668885,"Martin, Austin",52,0.4807692307692308,0.5192307692307693,0.23076923076923078,0.23076923076923078,0.057692307692307696,0.38461538461538464,0.38461538461538464,0.23076923076923078,0.21153846153846154,0.17307692307692307,0.09615384615384616,0.1730769230769231,0.21153846153846156,0.13461538461538464
670541,"Alvarez, Yordan",105,0.2761904761904762,0.7238095238095238,0.42857142857142855,0.23809523809523808,0.05714285714285714,0.4857142857142857,0.3047619047619048,0.20952380952380953,0.17142857142857143,0.05714285714285714,0.047619047619047616,0.3142857142857143,0.24761904761904766,0.1619047619047619
701358,"Smith, Cam",73,0.4383561643835616,0.5616438356164384,0.2876712328767123,0.2191780821917808,0.0547945205479452,0.273972602739726,0.410958904109589,0.3150684931506849,0.1917808219178082,0.1780821917808219,0.0684931506849315,0.0821917808219178,0.2328767123287671,0.2465753424657534
701350,"Anthony, Roman",64,0.5,0.5,0.21875,0.265625,0.015625,0.34375,0.421875,0.234375,0.25,0.21875,0.03125,0.09375,0.203125,0.203125
673237,"Diaz, Yainer",79,0.5569620253164557,0.4430379746835443,0.17721518987341772,0.21518987341772153,0.05063291139240506,0.26582278481012656,0.43037974683544306,0.3037974683544304,0.189873417721519,0.27848101265822783,0.08860759493670886,0.07594936708860756,0.15189873417721522,0.21518987341772153
681351,"O'Hoppe, Logan",56,0.42857142857142855,0.5714285714285714,0.30357142857142855,0.16071428571428573,0.10714285714285714,0.5357142857142857,0.25,0.21428571428571427,0.2857142857142857,0.07142857142857142,0.07142857142857142,0.25,0.17857142857142858,0.14285714285714285
660162,"Moncada, Yoán",49,0.3673469387755102,0.6326530612244898,0.3673469387755102,0.24489795918367346,0.02040816326530612,0.3877551020408163,0.40816326530612246,0.20408163265306123,0.20408163265306123,0.08163265306122448,0.08163265306122448,0.18367346938775508,0.326530612244898,0.12244897959183675
691723,"Mayo, Coby",53,0.37735849056603776,0.6226415094339622,0.32075471698113206,0.18867924528301888,0.11320754716981132,0.5094339622641509,0.3018867924528302,0.18867924528301888,0.18867924528301888,0.11320754716981132,0.07547169811320754,0.32075471698113206,0.18867924528301885,0.11320754716981134
645277,"Albies, Ozzie",110,0.37272727272727274,0.6272727272727272,0.3,0.2636363636363636,0.06363636363636363,0.41818181818181815,0.37272727272727274,0.20909090909090908,0.16363636363636364,0.17272727272727273,0.03636363636363636,0.2545454545454545,0.2,0.17272727272727273
671739,"Harris II, Michael",84,0.5119047619047619,0.488095238095238,0.21428571428571427,0.23809523809523808,0.03571428571428571,0.38095238095238093,0.4880952380952381,0.13095238095238096,0.19047619047619047,0.2619047619047619,0.05952380952380952,0.19047619047619047,0.22619047619047616,0.07142857142857144
621566,"Olson, Matt",93,0.3870967741935484,0.6129032258064516,0.3333333333333333,0.17204301075268819,0.10752688172043011,0.3763440860215054,0.3655913978494624,0.25806451612903225,0.16129032258064516,0.1827956989247312,0.043010752688172046,0.21505376344086022,0.1827956989247312,0.2150537634408602