pitches,player_id,player_name,total_pitches,pitch_percent,ba,iso,babip,slg,woba,xwoba,xba,hits,abs,launch_speed,launch_angle,spin_rate,velocity,effective_speed,whiffs,swings,takes,eff_min_vel,release_extension,pos3_int_start_distance,pos4_int_start_distance,pos5_int_start_distance,pos6_int_start_distance,pos7_int_start_distance,pos8_int_start_distance,pos9_int_start_distance,pitcher_run_exp,run_exp,bat_speed,swing_length,pa,bip,singles,doubles,triples,hrs,so,k_percent,bb,bb_percent,api_break_z_with_gravity,api_break_z_induced,api_break_x_arm,api_break_x_batter_in,hyper_speed,bbdist,hardhit_percent,barrels_per_bbe_percent,barrels_per_pa_percent,release_pos_z,release_pos_x,plate_x,plate_z,obp,barrels_total,batter_run_value_per_100,xobp,xslg,pitcher_run_value_per_100,xbadiff,xobpdiff,xslgdiff,wobadiff,swing_miss_percent,arm_angle,attack_angle,attack_direction,swing_path_tilt,rate_ideal_attack_angle,intercept_ball_minus_batter_pos_x_inches,intercept_ball_minus_batter_pos_y_inches
588,608331,"Fried, Max",762,77.2,0.182,0.058,0.233,0.241,0.239,0.24,0.187,25,137,85.8,11.7,2235,87.8,88.03,66,268,320,0.20000000000000284,6.51,103,151,126,148,293,321,283,8.132,-8.132,69.5,7.0,153,105,19,5,0,1,33,21.6,13,8.5,2.73991,0.30384,0.16928,-0.16928,91.3,140,32.69230769230769,0.9615384615384616,0.6535947712418301,5.92,1.24,0.08,2.46,0.263,1,-1.382993197,0.267,0.248,1.382993197,-0.005,-0.0040000000000000036,-0.007,-0.001,24.6,45.6,7.367424791432094,1.4456472627370334,30.509015428653754,0.47692307692307695,36.65393786605522,28.3478766591615
543,666200,"Luzardo, Jesús",672,80.8,0.272,0.128,0.388,0.4,0.326,0.295,0.243,34,125,85.3,10.2,2143,90.5,89.01,85,247,296,-1.5,5.62,103,149,118,145,295,325,290,1.467,-1.467,68.8,7.4,135,83,24,7,0,3,42,31.1,8,5.9,2.4423,0.39301,0.55496,-0.55496,90.9,135,28.915662650602407,6.024096385542169,3.7037037037037033,5.73,2.42,-0.1,2.1,0.326,5,-0.270165746,0.299,0.364,0.270165746,0.029,0.027000000000000024,0.036,0.031,34.4,31.7,9.849018114624254,-5.906858643807689,32.80974104255575,0.46443514644351463,35.22274655621067,31.807532496221594
538,592662,"Ray, Robbie",680,79.1,0.211,0.248,0.222,0.459,0.328,0.339,0.211,23,109,87.8,22.4,2166,88.6,88.15,69,262,276,-0.5,6.12,106,153,123,147,293,321,292,2.285,-2.285,69.9,7.4,121,79,10,6,0,7,30,24.8,12,9.9,1.99138,0.95611,0.45115,-0.45115,91.5,190,38.961038961038966,14.285714285714285,9.090909090909092,6.17,2.68,-0.09,2.3,0.289,11,-0.42472119,0.29,0.503,0.42472119,0,-0.0010000000000000009,-0.044,-0.011,26.3,45.5,9.165862036793621,-1.6001691626699042,30.820601651583956,0.4627450980392157,36.054021440148226,29.900842441721235
518,650911,"Sánchez, Cristopher",649,79.8,0.331,0.137,0.448,0.468,0.377,0.317,0.254,41,124,89.1,5.6,2063,89.5,90.28,75,244,274,0.7999999999999972,6.94,105,150,117,146,292,324,290,-5.377,5.377,70.0,7.5,136,89,28,11,0,2,36,26.5,11,8.1,2.85423,0.02963,1.19591,-1.19591,92.2,129,42.69662921348314,12.359550561797752,8.088235294117647,6.02,1.93,0.05,1.88,0.382,11,1.038030888,0.314,0.409,-1.038030888,0.077,0.068,0.059,0.06,30.7,30.1,10.657534492922851,-5.316861844383499,35.1002214117833,0.5084033613445378,38.598543659864816,31.359657414147787
517,677960,"Weathers, Ryan",631,81.9,0.241,0.207,0.275,0.448,0.327,0.356,0.265,28,116,89.1,13.6,2276,89.7,88.58,59,228,289,-1.1000000000000085,5.8,103,151,127,148,298,322,279,-2.026,2.026,70.6,7.3,126,87,18,2,2,6,30,23.8,9,7.1,2.3025,0.5927,0.62735,-0.62735,92.3,159,44.18604651162791,13.953488372093023,9.523809523809524,5.47,2.69,0.17,2.13,0.296,12,0.391876209,0.318,0.515,-0.391876209,-0.024,-0.02200000000000002,-0.067,-0.029,25.9,33.5,8.580398970652997,-0.623840172538298,33.32703484626081,0.4594594594594595,37.993770643688215,28.774117413943944
516,669373,"Skubal, Tarik",627,82.3,0.192,0.096,0.261,0.288,0.231,0.271,0.249,24,125,86.9,9.5,2161,92.2,92.06,85,267,249,-0.10000000000000853,6.33,108,152,116,146,303,327,291,8.636,-8.636,67.6,7.1,132,89,14,9,0,1,37,28,5,3.8,1.84864,0.87506,0.51808,-0.51808,91.1,156,38.20224719101123,5.617977528089887,3.787878787878788,6.15,1.93,0.11,2.33,0.227,5,-1.673643411,0.282,0.331,1.673643411,-0.057,-0.054999999999999966,-0.043,-0.04,31.8,46.4,8.040775397271204,-0.5419002989015563,30.950221802721085,0.4389312977099237,37.26327839135797,29.896371175984303
506,664285,"Valdez, Framber",634,79.8,0.238,0.087,0.283,0.325,0.295,0.324,0.259,30,126,90.5,10.2,2268,87.8,86.7,50,244,262,-1.0999999999999943,5.77,109,151,115,145,303,323,288,1.829,-1.829,70.6,7.4,140,101,23,5,0,2,25,17.9,12,8.6,3.18051,-0.14806,0.54247,-0.54247,92.8,137,45.45454545454545,5.05050505050505,3.571428571428571,5.97,0.74,-0.14,2.02,0.314,5,-0.361462451,0.334,0.392,0.361462451,-0.021,-0.020000000000000018,-0.067,-0.029,20.5,42.5,11.008502897822874,-3.4271899488644046,34.409625301373055,0.4703389830508475,35.40368983566824,32.63093050260934
503,669022,"Gore, MacKenzie",645,78,0.23,0.16,0.302,0.39,0.321,0.326,0.24,23,100,89.2,13.9,2193,90.2,90.84,63,241,262,0.5999999999999943,6.85,107,152,119,148,303,328,300,-0.075,0.075,70.3,7.1,116,68,15,4,0,4,34,29.3,13,11.2,2.19235,0.66406,0.37614,-0.37614,91.6,167,41.17647058823529,10.294117647058822,6.0344827586206895,5.65,1.76,-0.04,2.37,0.322,7,0.014910537,0.331,0.404,-0.014910537,-0.01,-0.009000000000000008,-0.014,-0.005,26.1,48.3,7.070400023745755,2.1998410424584733,31.857014950665526,0.5256410256410257,35.799053433302305,28.351877526166678
490,663460,"Bubic, Kris",631,77.7,0.194,0.111,0.253,0.306,0.281,0.325,0.232,21,108,90.2,16,2198,88.4,89.06,69,237,253,0.6999999999999886,6.71,108,152,124,149,295,320,283,3.561,-3.561,69.4,7.0,124,77,13,6,0,2,31,25,16,12.9,2.28641,0.65145,0.19108,-0.19108,91.6,179,38.15789473684211,9.210526315789473,5.64516129032258,5.61,2.04,0.11,2.35,0.298,7,-0.726734694,0.332,0.397,0.726734694,-0.038,-0.03400000000000003,-0.091,-0.044,29.1,38.6,6.6689629578768255,2.0740306661759322,32.301886500816074,0.46120689655172414,36.8799408603315,27.079608488006805
489,672282,"Detmers, Reid",669,73.1,0.274,0.15,0.349,0.425,0.32,0.276,0.234,31,113,87.9,19.5,2192,87.4,87.13,68,249,240,-0.30000000000001137,6.3,109,152,118,148,308,331,298,-0.801,0.801,70.6,7.4,123,85,19,9,1,2,31,25.2,7,5.7,2.51626,0.55111,0.31198,-0.31198,91.5,165,35.294117647058826,5.88235294117647,4.0650406504065035,6.12,1.66,-0.03,2.43,0.309,5,0.163803681,0.273,0.362,-0.163803681,0.04,0.035999999999999976,0.063,0.044,27.3,44.4,9.976826261369263,-3.5537584875065704,31.98163586182957,0.5308641975308642,36.09799980919621,30.62972733473553
480,605488,"Springs, Jeffrey",612,78.4,0.212,0.163,0.247,0.375,0.303,0.282,0.201,22,104,86.9,15.8,2027,85.3,85.16,55,210,270,-0.09999999999999432,6.32,108,150,115,147,309,325,293,0.948,-0.948,70.7,7.4,118,77,13,5,0,4,28,23.7,11,9.3,2.32888,0.87238,0.49077,-0.49077,90.9,169,31.16883116883117,7.792207792207792,5.084745762711865,6.14,2.24,0.18,2.47,0.297,6,-0.1975,0.291,0.33,0.1975,0.011,0.006000000000000005,0.045,0.021,26.2,47.2,10.642835626665287,-2.3765418884375134,30.07292603916091,0.5384615384615384,38.99868766092011,31.27496004310327
475,641743,"Kay, Anthony",607,78.3,0.347,0.284,0.333,0.632,0.456,0.466,0.352,33,95,91.3,15.6,2222,90.4,89.74,32,197,278,-0.7000000000000028,5.94,101,152,121,144,303,326,291,-9.846,9.846,71.6,7.4,113,87,19,7,1,6,10,8.8,14,12.4,2.27023,0.55739,0.34811,-0.34811,93.3,168,50.57471264367817,14.942528735632186,11.504424778761061,5.78,2.08,-0.02,2.19,0.434,13,2.072842105,0.446,0.632,-2.072842105,-0.005,-0.01200000000000001,0,-0.01,16.2,37.0,10.516724918521765,-3.2297255848489788,32.01048912955026,0.6051282051282051,35.3188014321314,31.492004767661317
474,671096,"Abbott, Andrew",605,78.3,0.264,0.145,0.286,0.409,0.338,0.349,0.283,29,110,88.2,11.8,2330,87.4,87.73,47,210,264,0.29999999999999716,6.55,103,151,114,145,299,320,283,-1.051,1.051,70.1,7.3,125,94,20,5,1,3,17,13.6,14,11.2,2.28213,0.74116,0.34601,-0.34601,92.0,164,39.08045977011494,8.045977011494253,5.6000000000000005,6.02,2.42,0.32,2.07,0.344,7,0.221729958,0.366,0.422,-0.221729958,-0.019,-0.02200000000000002,-0.013,-0.011,22.4,52.1,9.355975351517191,2.724305407175138,32.44039536587752,0.43333333333333335,40.00025616878946,28.445704091383686
474,519242,"Sale, Chris",644,73.6,0.173,0.145,0.206,0.318,0.266,0.288,0.205,19,110,89.8,16.7,2277,87.2,87.62,72,243,231,0.3999999999999915,6.57,106,152,124,146,312,326,296,5.578,-5.578,69.9,7.4,123,73,13,1,0,5,37,30.1,10,8.1,2.88443,0.19351,0.36867,-0.36867,91.2,166,34.24657534246575,8.21917808219178,4.878048780487805,4.83,3.03,0.08,2.22,0.26,6,-1.176793249,0.289,0.355,1.176793249,-0.032,-0.02899999999999997,-0.037,-0.022,29.6,10.7,9.21818369554482,-2.701220659727729,31.12470792761709,0.4425531914893617,38.159003371454936,30.103494507840395
465,813349,"Early, Connelly",616,75.5,0.25,0.156,0.3,0.406,0.35,0.394,0.27,24,96,92.6,16.2,2025,87.8,88.13,50,204,261,0.29999999999999716,6.7,108,152,121,146,293,319,285,-1.656,1.656,70.7,7.3,113,73,15,6,0,3,23,20.4,15,13.3,2.59809,0.42071,0.58471,-0.58471,92.9,170,43.83561643835616,17.80821917808219,11.504424778761061,5.48,2.7,0.11,2.27,0.363,13,0.356129032,0.38,0.53,-0.356129032,-0.02,-0.017000000000000015,-0.124,-0.044,24.5,30.9,9.819929748868464,-1.5225078215495387,32.53116279067638,0.5911330049261084,37.651172352950084,30.65466821808685
462,624133,"Suarez, Ranger",576,80.2,0.189,0.094,0.217,0.283,0.244,0.301,0.239,20,106,87.3,14.9,1900,86,85.58,38,209,253,-0.4000000000000057,6.08,112,153,121,147,288,318,282,8.126,-8.126,69.3,7.3,116,85,14,4,0,2,22,19,9,7.8,2.7403,0.39638,0.38255,-0.38255,91.7,154,37.64705882352941,7.0588235294117645,5.172413793103448,5.91,2.2,0.16,2.15,0.25,6,-1.758874459,0.301,0.381,1.758874459,-0.05,-0.05099999999999999,-0.098,-0.057,18.2,41.3,9.395330175863782,-1.0055082510137043,32.944179220359345,0.3951219512195122,36.967437489794236,30.10377276871182
452,676979,"Crochet, Garrett",518,87.3,0.274,0.217,0.348,0.491,0.369,0.35,0.265,29,106,91.4,17.3,2403,92.2,92.88,52,223,229,0.7000000000000028,6.79,109,151,118,146,292,317,282,-7.997,7.997,70.1,7.2,118,74,16,8,0,5,32,27.1,11,9.3,1.94624,0.76738,0.32958,-0.32958,92.1,165,50,12.5,7.627118644067797,6.08,2.44,0.15,2.44,0.347,9,1.769247788,0.341,0.464,-1.769247788,0.009,0.00599999999999995,0.027,0.019,23.3,32.0,8.280633076695164,2.2090713461995684,31.389525935096124,0.4885844748858447,37.27452691331112,27.552687670268064
450,571927,"Matz, Steven",601,74.9,0.223,0.213,0.235,0.436,0.332,0.366,0.283,21,94,90,16.9,2270,86.9,86.95,55,217,233,0,6.52,101,152,117,147,308,337,293,-3.039,3.039,72.4,7.9,106,73,12,3,1,5,21,19.8,11,10.4,2.69016,0.39521,0.85091,-0.85091,91.5,171,41.0958904109589,13.698630136986301,9.433962264150944,5.77,2.15,0.08,2.27,0.311,10,0.675333333,0.364,0.474,-0.675333333,-0.06,-0.05299999999999999,-0.038,-0.034,25.3,34.0,8.638329520619886,0.2052049788292393,32.58981336545281,0.5242718446601942,37.61911173710711,29.232078752941845
443,579328,"Kikuchi, Yusei",567,78.1,0.284,0.158,0.352,0.442,0.348,0.345,0.263,27,95,90.6,12.7,2161,89.4,90.24,56,215,228,0.7999999999999972,6.86,107,151,115,146,306,331,297,-1.634,1.634,70.9,7.2,109,73,16,9,0,2,25,22.9,11,10.1,2.18192,0.71041,0.27367,-0.27367,92.6,159,45.20547945205479,8.21917808219178,5.5045871559633035,5.77,1.97,0,2.21,0.349,6,0.368848758,0.335,0.46,-0.368848758,0.021,0.013999999999999957,-0.018,0.003,26,49.7,7.736256545769251,0.7129167434763471,32.4511501779066,0.42105263157894735,36.25583706967897,28.55417601576046
439,684007,"Imanaga, Shota",646,68,0.157,0.137,0.179,0.294,0.216,0.283,0.235,16,102,89.9,15.5,1924,87.2,86.82,66,232,207,-0.4000000000000057,6.24,107,152,118,149,303,321,293,10.013,-10.013,70.9,7.8,108,80,7,6,1,2,23,21.3,5,4.6,2.10517,0.94479,0.85328,-0.85328,92.1,167,42.5,8.75,6.481481481481481,5.53,1.83,0.18,2.25,0.194,7,-2.280865604,0.27,0.381,2.280865604,-0.078,-0.07600000000000001,-0.087,-0.067,28.4,40.5,11.883219495743635,-7.476259330812822,31.719415569193842,0.4681818181818182,38.763894767014854,34.44649301959386
438,676282,"Cantillo, Joey",590,74.2,0.275,0.198,0.356,0.473,0.379,0.354,0.249,25,91,91,9.9,1919,85.4,86.32,52,177,261,0.8999999999999915,7.05,107,151,120,145,305,327,294,-4.494,4.494,68.6,7.4,107,64,15,6,0,4,28,26.2,14,13.1,2.48527,0.70692,0.32742,-0.32742,92.6,162,46.875,12.5,7.476635514018691,6,0.5,0.03,2.22,0.377,8,1.026027397,0.355,0.444,-1.026027397,0.026,0.02200000000000002,0.029,0.025,29.4,52.9,11.029382209255855,-7.967836386562336,30.475710941139145,0.4226190476190476,37.517851890591146,35.38367451088804
432,641778,"Lauer, Eric",522,82.8,0.24,0.221,0.232,0.462,0.335,0.345,0.254,25,104,87.6,24.8,1958,86.1,85.27,43,219,213,-0.7999999999999972,5.79,105,152,115,147,300,323,284,-0.04,0.04,70.2,7.0,116,88,15,3,1,6,17,14.7,10,8.6,2.33461,0.77801,0.44379,-0.44379,91.2,189,37.07865168539326,11.235955056179774,8.620689655172415,6.12,1.72,0.13,2.46,0.304,10,0.009259259,0.317,0.484,-0.009259259,-0.014,-0.013000000000000012,-0.022,-0.01,19.6,36.9,6.563547752572447,-0.46678818072609796,31.643316886064188,0.4700460829493088,36.99007922501187,28.896395525319022
431,669432,"Rogers, Trevor",536,80.4,0.323,0.152,0.377,0.475,0.377,0.328,0.267,32,99,88.7,20.6,2095,88.2,88.51,52,212,219,0.29999999999999716,6.64,104,152,118,145,305,320,288,-5.607,5.607,69.5,7.4,107,80,23,6,0,3,19,17.8,7,6.5,2.27302,0.71138,0.61411,-0.61411,91.6,165,35,7.5,5.607476635514018,5.77,2.05,0.03,2.13,0.374,6,1.300928074,0.322,0.428,-1.300928074,0.056,0.05199999999999999,0.047,0.049,24.5,22.1,10.257518379156215,-6.642362077865435,32.759269158833334,0.5463414634146342,36.041861415751114,32.89158823490792
427,800048,"Messick, Parker",622,68.6,0.198,0.129,0.262,0.327,0.259,0.273,0.227,20,101,86.2,13.6,2061,88.7,88.78,59,212,215,0.09999999999999432,6.4,109,153,122,146,301,324,297,6.863,-6.863,70.8,7.7,108,68,14,2,1,3,33,30.6,7,6.5,2.28433,0.6523,0.37689,-0.37689,91.2,143,27.941176470588236,5.88235294117647,3.7037037037037033,5.46,1.07,0.01,2.31,0.25,4,-1.607259953,0.277,0.335,1.607259953,-0.029,-0.027000000000000024,-0.008,-0.014,27.8,42.4,8.128500346136544,-0.26010423719618725,32.22745203217106,0.4577114427860697,36.12645365266009,30.32110666459354
427,669461,"Liberatore, Matthew",593,72,0.27,0.15,0.277,0.42,0.336,0.351,0.282,27,100,90.7,15.1,2206,89.4,89.2,32,196,231,-0.20000000000000284,6.25,108,150,117,145,308,322,292,-0.133,0.133,70.9,7.4,114,88,20,3,0,4,15,13.2,11,9.6,2.27473,0.62998,0.37124,-0.37124,92.4,176,42.04545454545455,6.8181818181818175,5.263157894736842,6.61,0.54,0.13,2.34,0.336,6,0.031147541,0.348,0.461,-0.031147541,-0.012,-0.011999999999999955,-0.041,-0.015,16.3,47.0,8.766034407511102,-0.463700637319645,30.891991559506337,0.5129533678756477,37.41331441719889,29.870654766983535
427,656492,"Griffin, Foster",639,66.8,0.214,0.112,0.24,0.327,0.277,0.326,0.257,21,98,86.7,13.2,2049,85.6,85.47,42,196,231,-0.09999999999999432,6.24,104,151,118,149,311,326,299,3.658,-3.658,69.5,7.3,108,79,16,2,0,3,20,18.5,9,8.3,2.64459,0.50218,0.06491,-0.06491,91.4,154,37.9746835443038,11.39240506329114,8.333333333333332,5.88,2.7,0.18,2.19,0.28,9,-0.856674473,0.319,0.426,0.856674473,-0.043,-0.03899999999999998,-0.099,-0.049,21.4,46.0,7.831983685913592,-0.4797167385814813,32.2860668773273,0.5,35.97729926530696,30.796269395894903
421,682227,"Williamson, Brandon",518,81.3,0.244,0.134,0.261,0.378,0.351,0.381,0.265,20,82,88.8,17.7,2216,87,86.23,42,181,240,-0.7999999999999972,5.99,103,152,115,146,299,323,283,-2.874,2.874,71.6,7.4,104,71,14,3,1,2,13,12.5,18,17.3,2.35941,0.71606,0.43135,-0.43135,92.0,168,42.25352112676056,9.859154929577464,6.730769230769231,6.52,1.12,0.02,2.39,0.385,7,0.682660333,0.405,0.449,-0.682660333,-0.021,-0.020000000000000018,-0.071,-0.03,23.2,42.6,10.530672233243251,-5.288010481080281,31.934215608160834,0.5084745762711864,37.102030642603374,32.069012244755356
413,680736,"Wrobleski, Justin",518,79.7,0.176,0.029,0.205,0.206,0.21,0.319,0.26,18,102,89.3,14.7,2379,88.9,87.71,30,201,212,-1.2000000000000028,5.39,107,154,123,149,307,319,291,10.473,-10.473,71.2,7.2,110,88,15,3,0,0,14,12.7,7,6.4,2.23659,0.6792,0.13197,-0.13197,92.2,162,43.18181818181818,6.8181818181818175,5.454545454545454,5.57,2.18,-0.11,2.4,0.236,6,-2.535835351,0.314,0.413,2.535835351,-0.084,-0.07800000000000001,-0.207,-0.109,14.9,35.9,7.300415064940806,1.597584865243156,31.86980233209091,0.5309278350515464,34.80461582462947,27.59386624190834
402,682052,"Lopez, Jacob",571,70.4,0.31,0.23,0.319,0.54,0.411,0.295,0.203,27,87,85.7,20.2,2190,85.7,86.35,35,176,226,0.7000000000000028,6.87,104,150,115,146,307,323,291,-6.658,6.658,69.6,7.4,104,74,17,5,0,5,15,14.4,15,14.4,2.5004,0.6589,0.51627,-0.51627,91.1,173,31.08108108108108,4.054054054054054,2.8846153846153846,5.26,3.54,0.3,2.51,0.404,3,1.656218905,0.316,0.326,-1.656218905,0.107,0.08800000000000002,0.214,0.116,19.9,21.3,10.2587561833063,-2.7367484666941495,30.66297764554862,0.5705882352941176,38.04673743042982,31.795311823562024
399,656849,"Peterson, David",560,71.3,0.305,0.084,0.378,0.389,0.336,0.341,0.278,29,95,88.9,4.4,2125,88.2,89.47,34,184,215,1.2999999999999972,7.11,103,150,119,146,307,323,288,-1.114,1.114,70.6,7.2,109,76,24,3,1,1,23,21.1,10,9.2,2.49882,0.46055,0.43834,-0.43834,92.1,137,45.94594594594595,4.054054054054054,2.7522935779816518,6.14,2.15,0.22,2.37,0.361,3,0.279197995,0.358,0.381,-0.279197995,0.027,0.0030000000000000027,0.008,-0.005,18.5,41.7,7.756784081665661,2.405265127785199,32.412816762753856,0.5113636363636364,37.4583481338953,27.978677128610222
394,690986,"Harrison, Kyle",519,75.9,0.185,0.099,0.26,0.284,0.251,0.28,0.219,15,81,90.4,15.3,2102,90.2,90.41,58,209,185,0.20000000000000284,6.51,106,152,120,148,303,323,293,6.482,-6.482,69.9,7.1,89,52,11,2,0,2,29,32.6,6,6.7,2.21315,0.63323,0.64536,-0.64536,91.1,169,38.46153846153847,7.6923076923076925,4.49438202247191,5.01,2.74,0.08,2.34,0.258,4,-1.645177665,0.289,0.334,1.645177665,-0.034,-0.030999999999999972,-0.05,-0.029,27.8,32.7,3.7233376576060135,5.065006679262471,30.861257348625408,0.36231884057971014,37.450373549815495,25.228944787916003
392,702070,"Cameron, Noah",505,77.6,0.304,0.137,0.367,0.441,0.358,0.373,0.312,31,102,90.5,15.4,2165,86.3,86.03,43,189,203,-0.29999999999999716,6.22,109,151,123,147,295,316,282,-2.043,2.043,70.0,7.3,111,81,21,8,0,2,21,18.9,9,8.1,2.45051,0.65026,0.36365,-0.36365,93.2,155,46.913580246913575,8.641975308641975,6.306306306306306,6.18,1.3,0.13,2.46,0.36,7,0.521173469,0.367,0.491,-0.521173469,-0.008,-0.007000000000000006,-0.05,-0.015,22.8,49.8,11.873227825494961,-5.790215822774772,32.9807808849683,0.5359116022099447,36.11075127518461,32.14825301784708
389,593958,"Rodriguez, Eduardo",553,70.3,0.221,0.137,0.234,0.358,0.307,0.342,0.257,21,95,88.2,11.5,2114,87.6,87.74,27,165,224,0.10000000000000853,6.36,105,149,117,147,304,318,289,1.753,-1.753,70.8,7.3,108,80,14,4,0,3,15,13.9,13,12,2.25676,0.73496,0.73464,-0.73464,91.9,168,36.25,7.5,5.555555555555555,5.98,1.22,0.19,2.2,0.315,6,-0.450642674,0.346,0.429,0.450642674,-0.036,-0.030999999999999972,-0.071,-0.035,16.4,42.4,7.442567857471165,5.360809107452462,32.07152578758408,0.53125,38.494938735060764,27.25337075322937
387,666142,"Ragans, Cole",581,66.6,0.21,0.247,0.25,0.457,0.336,0.334,0.211,17,81,87.4,19.6,2438,89.6,89.1,62,187,200,-0.5,6.07,110,152,124,149,297,324,285,-0.858,0.858,70.7,7.4,92,50,9,2,0,6,31,33.7,11,12,1.96855,0.92541,0.81183,-0.81183,91.3,173,36,18,9.782608695652174,6.29,1.23,-0.05,2.36,0.304,9,0.221705426,0.305,0.466,-0.221705426,-0.001,-0.0010000000000000009,-0.009,0.002,33.2,42.3,10.359685596736613,-1.76618763816102,33.04695407126527,0.4945652173913043,36.274483971356034,29.226978581754103
375,663556,"McClanahan, Shane",480,78.1,0.207,0.073,0.271,0.28,0.269,0.323,0.236,17,82,84.9,7.5,2022,89.5,90.13,47,181,194,0.5999999999999943,6.76,100,151,114,145,305,332,293,3.99,-3.99,69.3,7.3,93,60,13,3,0,1,22,23.7,10,10.8,2.35877,0.52016,0.60909,-0.60909,91.2,135,40,11.666666666666666,7.526881720430108,6.13,0.77,-0.12,2.1,0.293,7,-1.064,0.319,0.41,1.064,-0.029,-0.026000000000000023,-0.13,-0.054,26,39.3,8.264003201156722,-1.2413105535892217,31.65999577855601,0.4772727272727273,36.33443363047795,29.21703756224098
357,571510,"Boyd, Matthew",430,83,0.289,0.171,0.4,0.461,0.35,0.336,0.269,22,76,89.6,16.5,2151,86.1,85.77,51,179,178,-0.29999999999999716,6.33,105,153,117,149,302,322,294,-1.546,1.546,68.7,7.3,81,52,13,7,0,2,24,29.6,5,6.2,2.50109,0.6709,1.01403,-1.01403,92.1,171,50,9.615384615384617,6.172839506172839,5.46,2.48,0.18,2.4,0.333,5,0.433053221,0.314,0.466,-0.433053221,0.02,0.019000000000000017,-0.005,0.014,28.5,25.5,8.90763631690066,-1.0518047039467038,30.577616171951263,0.4046242774566474,39.821221320198326,31.56855106946914
354,607536,"Freeland, Kyle",427,82.9,0.256,0.171,0.298,0.427,0.339,0.34,0.267,21,82,89.5,10.8,2232,87,87.52,49,181,173,0.5,6.55,106,150,116,143,303,333,293,-2.382,2.382,70.3,7.4,91,61,16,0,1,4,21,23.1,7,7.7,2.6646,0.35684,0.14361,-0.14361,92.2,146,40.98360655737705,6.557377049180328,4.395604395604396,5.88,2.6,0.09,2.2,0.33,4,0.672881356,0.339,0.43,-0.672881356,-0.011,-0.009000000000000008,-0.003,-0.001,27.1,32.5,10.693982130955145,-2.1333325861544656,32.41999318608468,0.4393063583815029,36.09259610307723,30.704624760143815
319,527048,"Pérez, Martín",445,71.7,0.162,0.147,0.17,0.309,0.264,0.309,0.233,11,68,85.9,11.5,1986,85.3,85.03,32,139,180,-0.29999999999999716,6.06,109,151,124,146,308,324,297,3.677,-3.677,70.6,7.7,80,56,6,2,1,2,14,17.5,10,12.5,2.45335,0.69533,0.69833,-0.69833,92.2,142,42.857142857142854,3.571428571428571,2.5,5.65,1.12,0.03,2.17,0.266,2,-1.152664577,0.333,0.345,1.152664577,-0.071,-0.067,-0.036,-0.045,23,45.7,11.401664957950084,-9.51308741475753,33.948538278610314,0.4744525547445255,36.688607690729995,33.571001594504466
314,571578,"Corbin, Patrick",392,80.1,0.278,0.153,0.288,0.431,0.351,0.379,0.284,20,72,88.7,14.6,1990,85,85.5,26,146,168,0.5,6.7,102,152,118,146,300,321,280,-1.499,1.499,70.8,7.6,84,62,15,2,0,3,12,14.3,7,8.3,2.62949,0.59115,0.52854,-0.52854,92.6,154,40.32258064516129,11.29032258064516,8.333333333333332,6.25,2.55,0.1,1.99,0.357,7,0.477388535,0.37,0.504,-0.477388535,-0.006,-0.013000000000000012,-0.073,-0.028,17.8,37.9,12.611040661895279,-7.453292195537223,34.208035036549845,0.48905109489051096,37.24245575202162,33.29267122127044
301,500779,"Quintana, Jose",415,72.5,0.25,0.147,0.242,0.397,0.315,0.324,0.274,17,68,86.5,19.3,1958,86.1,86.35,34,145,156,0.30000000000001137,6.46,107,151,119,144,301,327,291,-0.068,0.068,71.2,7.5,80,65,11,4,0,2,7,8.8,8,10,2.47648,0.62342,0.44013,-0.44013,91.2,161,27.692307692307693,6.153846153846154,5,5.76,2.49,0,2,0.316,4,0.022591362,0.337,0.41,-0.022591362,-0.024,-0.02100000000000002,-0.013,-0.009,23.4,42.5,11.615925196657614,-0.944388616313228,33.653677136576185,0.6013986013986014,36.68689544492502,31.374481329091356
298,640455,"Manaea, Sean",420,71,0.295,0.18,0.348,0.475,0.383,0.374,0.276,18,61,87.7,19.7,2039,83.6,84.14,26,138,160,0.5,6.84,106,149,120,145,302,319,285,-2.517,2.517,67.5,7.1,73,49,11,5,0,2,14,19.2,9,12.3,2.79252,0.57912,0.48047,-0.48047,91.6,164,36.734693877551024,14.285714285714285,9.58904109589041,5.17,3.49,-0.03,2.29,0.389,7,0.844630872,0.373,0.488,-0.844630872,0.019,0.016000000000000014,-0.013,0.009,18.8,16.4,7.857453140671798,0.33099165892198024,31.558512131957944,0.417910447761194,37.063838579062654,29.749607501691127
271,702273,"Schultz, Noah",336,80.7,0.167,0.133,0.2,0.3,0.267,0.28,0.208,10,60,86.5,13.2,2567,91.6,91.64,25,112,159,0,6.28,105,153,123,144,310,325,292,0.95,-0.95,70.0,7.2,70,47,5,3,1,1,14,20,9,12.9,2.07343,0.6693,0.47103,-0.47103,91.7,167,30.434782608695656,2.1739130434782608,1.4285714285714286,5.8,1.77,-0.01,2.45,0.275,1,-0.350553506,0.313,0.289,0.350553506,-0.041,-0.03799999999999998,0.011,-0.013,22.3,20.7,7.106892752717123,1.7817594278537503,30.461201913535973,0.46296296296296297,36.55326888508307,28.322930490089455
231,676879,"Ashby, Aaron",371,62.3,0.167,0.083,0.28,0.25,0.266,0.26,0.163,8,48,90,1.5,2229,92,90.56,38,94,137,-1.4000000000000057,5.46,105,151,119,147,301,320,293,2.316,-2.316,69.7,7.6,57,26,6,1,0,1,22,38.6,9,15.8,2.70173,0.03667,0.65195,-0.65195,92.8,120,46.15384615384615,7.6923076923076925,3.508771929824561,6.5,0.44,0.05,1.97,0.298,2,-1.002597403,0.295,0.251,1.002597403,0.004,0.0030000000000000027,-0.001,0.006,40.4,51.7,9.98428908105334,-5.573624102193567,32.1080048355875,0.45161290322580644,38.52256672090186,31.995709914752535
224,608718,"Suter, Brent",359,62.4,0.2,0.18,0.229,0.38,0.284,0.284,0.206,10,50,85.4,8.9,1920,82.2,83.62,36,118,106,1.3999999999999915,7.28,108,150,115,145,305,325,296,0.8,-0.8,68.1,7.1,54,37,5,3,0,2,13,24.1,4,7.4,2.47067,0.97507,0.48959,-0.48959,91.0,144,30.555555555555557,8.333333333333332,5.555555555555555,6.05,3.3,0.48,2.44,0.259,3,-0.357142857,0.266,0.381,0.357142857,-0.006,-0.007000000000000006,-0.001,0,30.5,48.3,9.57563947027142,2.9488554574967356,31.449859514049248,0.34210526315789475,39.01703104574714,29.750236693043778
214,687570,"Prielipp, Connor",258,82.9,0.175,0.2,0.217,0.375,0.289,0.27,0.164,7,40,94.7,26.8,2523,89.7,88.87,27,105,109,-0.7999999999999972,5.83,116,151,123,144,293,318,280,-0.919,0.919,69.7,7.4,45,25,3,2,0,2,15,33.3,4,8.9,2.3585,0.50296,0.29671,-0.29671,91.7,167,45.83333333333333,12.5,6.666666666666667,6.1,1.64,0.01,2.33,0.267,3,0.429439252,0.259,0.345,-0.429439252,0.011,0.008000000000000007,0.03,0.019,25.7,40.8,10.642431951386884,-4.933728297881761,33.15368707453744,0.49523809523809526,33.69143887851424,31.10263009962726
211,660761,"Suarez, José",328,64.3,0.405,0.071,0.548,0.476,0.437,0.345,0.288,17,42,91.3,15.1,2201,88,87.72,26,109,102,-0.29999999999999716,6.02,108,151,124,145,308,322,295,-3.887,3.887,70.6,7.5,49,31,14,3,0,0,11,22.4,7,14.3,2.25829,0.71019,0.60654,-0.60654,91.5,148,45.16129032258064,3.225806451612903,2.0408163265306123,5.75,1.22,0.12,2.2,0.49,1,1.842180095,0.39,0.37,-1.842180095,0.117,0.09999999999999998,0.106,0.092,23.9,42.3,10.98901264453355,-4.075252103867567,33.1246137804994,0.4766355140186916,35.79860999224371,32.40161989416937
201,656794,"Newcomb, Sean",341,58.9,0.213,0.106,0.286,0.319,0.25,0.23,0.216,10,47,86.3,6.4,2416,88.1,86.51,21,95,106,-1.5999999999999943,5.6,103,152,118,145,300,324,293,3.612,-3.612,69.6,7.1,49,35,7,1,2,0,12,24.5,2,4.1,2.75473,0.25475,0.03149,-0.03149,91.7,129,37.142857142857146,2.857142857142857,2.0408163265306123,5.83,2.76,0.28,2.39,0.245,1,-1.797014925,0.248,0.262,1.797014925,-0.003,-0.0030000000000000027,0.057,0.02,22.1,25.9,5.757165662051918,1.6037513525366527,33.541222509777214,0.3655913978494624,36.69075436752793,26.7833301611948
192,663947,"Holton, Tyler",282,68.1,0.306,0.167,0.31,0.472,0.402,0.369,0.293,11,36,91.1,5.1,2115,86.6,87.05,14,79,113,0.4000000000000057,6.49,103,152,116,146,299,324,293,-2.583,2.583,69.7,7.3,43,31,9,0,0,2,5,11.6,6,14,2.61719,0.42635,0.00995,-0.00995,92.9,133,50,6.666666666666667,4.651162790697675,5.85,1.67,0.05,2.1,0.419,2,1.3453125,0.411,0.404,-1.3453125,0.013,0.008000000000000007,0.068,0.033,17.7,38.8,8.020002621776012,-5.417723743808818,32.45053410287657,0.5584415584415584,35.773785624964226,30.67522899995356
190,801139,"Tolle, Payton",244,77.9,0.07,0.023,0.115,0.093,0.15,0.22,0.138,3,43,87.4,31.8,2209,92.4,94,27,92,98,1.5999999999999943,7.29,109,152,117,145,294,325,282,4.94,-4.94,68.3,7.2,49,26,2,1,0,0,17,34.7,6,12.2,1.921,0.78326,0.55363,-0.55363,91.2,183,42.30769230769231,7.6923076923076925,4.081632653061225,5.46,2.71,0.01,2.36,0.184,2,-2.6,0.243,0.216,2.6,-0.068,-0.059,-0.123,-0.07,29.3,28.9,6.834778998411356,-8.553954330404887,32.41894766363562,0.47191011235955055,35.33444689268752,29.592675316231436
186,642397,"Soto, Gregory",263,70.7,0.103,0,0.182,0.103,0.163,0.209,0.143,4,39,81.8,18.5,2422,89,88.93,24,74,112,-0.09999999999999432,6.38,108,151,119,148,302,321,289,5.538,-5.538,67.9,7.5,44,22,4,0,0,0,17,38.6,4,9.1,2.43457,0.51446,0.2436,-0.2436,90.7,151,27.27272727272727,0,0,5.63,2.29,-0.2,2.24,0.205,0,-2.977419355,0.24,0.187,2.977419355,-0.04,-0.035,-0.084,-0.046,32.4,34.7,12.042005981564424,-11.9495275815142,31.90621274617637,0.3835616438356164,34.7791926815975,35.4209845383724
184,663558,"Morán, Jovani",294,62.6,0.19,0.214,0.188,0.405,0.313,0.307,0.2,8,42,87.7,18.1,2107,86.2,86.42,19,76,108,0.20000000000000284,6.48,110,152,122,146,292,319,282,1.167,-1.167,70.0,7.4,50,34,3,3,0,2,9,18,7,14,2.29446,0.80804,0.52359,-0.52359,91.8,179,26.47058823529412,8.823529411764707,6,5.83,1.36,0.09,2.03,0.3,3,-0.63423913,0.308,0.383,0.63423913,-0.01,-0.008000000000000007,0.022,0.006,25,47.6,12.798613562237255,-4.843599765692176,33.2073578400655,0.52,37.0593295064537,33.75078759666468
183,656271,"Burke, Brock",285,64.2,0.256,0.179,0.4,0.436,0.345,0.313,0.244,10,39,90,20.5,2257,90.5,91.11,31,86,97,0.5999999999999943,6.77,103,150,115,146,301,323,284,-0.699,0.699,71.6,7.5,44,25,4,5,1,0,14,31.8,5,11.4,1.94863,0.86667,0.78208,-0.78208,92.4,175,50,12.5,6.8181818181818175,6.3,1.81,0.01,2.25,0.341,3,0.381967213,0.332,0.365,-0.381967213,0.012,0.009000000000000008,0.071,0.032,36,42.4,12.249405140040658,-5.938038037681704,32.607294851677736,0.43529411764705883,37.35616516054645,32.4015984801508
179,676571,"Poulin, PJ",310,57.7,0.257,0.143,0.267,0.4,0.349,0.383,0.279,9,35,91.6,13.5,2043,83.7,83.6,8,79,100,-0.10000000000000853,6.36,104,150,119,148,309,322,297,-1.367,1.367,70.4,7.4,41,31,6,2,0,1,4,9.8,6,14.6,2.9519,0.36169,0.62737,-0.62737,93.4,140,51.61290322580645,9.67741935483871,7.317073170731707,4.47,2.38,-0.02,2.03,0.366,3,0.763687151,0.385,0.489,-0.763687151,-0.022,-0.019000000000000017,-0.089,-0.034,10.1,16.9,10.209156754154373,-2.9871127582376564,32.36955014149085,0.5384615384615384,36.41839106025397,32.20709097805305
178,669084,"Hall, DL",294,60.5,0.176,0.118,0.217,0.294,0.28,0.323,0.231,6,34,88.9,6.5,2218,88,88.73,18,70,108,0.7000000000000028,6.92,107,150,119,146,300,319,294,-0.213,0.213,70.6,7.4,40,24,4,1,0,1,10,25,6,15,2.60079,0.39843,0.75478,-0.75478,91.6,148,37.5,12.5,7.5,5.47,2.69,0.06,2.23,0.3,3,0.119662921,0.347,0.368,-0.119662921,-0.055,-0.046999999999999986,-0.074,-0.043,25.7,44.9,9.563935869119755,-3.239846438079779,29.396325306595017,0.4714285714285714,38.82714466522544,31.55210142466165
177,668941,"Romero, JoJo",294,60.2,0.243,0.135,0.258,0.378,0.324,0.388,0.316,9,37,89.1,6.2,2087,89.2,87.5,12,68,109,-1.7000000000000028,5.37,108,151,118,146,306,322,292,0.9,-0.9,70.4,7.3,43,33,6,2,0,1,5,11.6,4,9.3,2.87243,0.03581,0.61842,-0.61842,93.5,116,42.42424242424242,6.0606060606060606,4.651162790697675,5.33,2.15,0.4,2.2,0.333,2,-0.508474576,0.397,0.489,0.508474576,-0.073,-0.064,-0.111,-0.064,17.6,29.5,6.485980468016446,1.4432331278787647,31.622099003323445,0.4393939393939394,38.524788703510495,28.651585711728277
176,670970,"Morejon, Adrian",309,57,0.364,0.091,0.5,0.455,0.371,0.277,0.259,16,44,89.6,-2.5,2173,95.1,94.61,37,94,82,-0.5,6.25,108,150,115,145,303,324,287,-3.181,3.181,69.9,7.2,45,31,14,1,0,1,13,28.9,1,2.2,2.09369,0.47217,0.75608,-0.75608,92.2,138,35.483870967741936,3.225806451612903,2.2222222222222223,5.94,2.59,0.15,2.49,0.378,1,1.807386364,0.275,0.361,-1.807386364,0.105,0.10299999999999998,0.094,0.094,39.4,43.4,7.662471907584982,3.175026548549764,31.57530976147981,0.5119047619047619,38.88744488383673,28.091107392602314
175,621383,"Banks, Tanner",282,62.1,0.375,0.125,0.5,0.5,0.416,0.32,0.267,15,40,85.6,14.1,2184,87,85.85,22,91,84,-1.2000000000000028,5.59,102,149,118,145,294,321,290,-1.921,1.921,69.8,6.8,44,29,12,2,0,1,11,25,4,9.1,2.43303,0.60451,-0.16754,0.16754,91.1,167,31.03448275862069,3.4482758620689653,2.272727272727273,6.43,2.6,0,2.75,0.432,1,1.097714286,0.334,0.389,-1.097714286,0.108,0.09799999999999998,0.111,0.096,24.2,48.8,5.698585775952882,10.407480954379723,31.141291412300163,0.4044943820224719,34.00540837571295,24.763747128126095
173,681870,"Sabrowski, Erik",245,70.6,0.167,0.067,0.333,0.233,0.245,0.318,0.2,5,30,95,26.5,2545,90.8,91.06,27,76,97,0.29999999999999716,6.67,108,152,121,145,300,325,296,2.603,-2.603,70.2,7.3,36,15,3,2,0,0,16,44.4,5,13.9,1.90202,0.91601,0.41306,-0.41306,91.4,179,53.333333333333336,13.333333333333334,5.555555555555555,5.99,1.5,0.05,2.51,0.278,2,-1.504624277,0.322,0.371,1.504624277,-0.033,-0.043999999999999984,-0.138,-0.073,35.5,46.4,7.763690087267828,-0.8915420655632429,30.799959816535633,0.42857142857142855,35.452355468008165,30.24771309205633
172,672335,"Pérez, Cionel",295,58.3,0.286,0.114,0.333,0.4,0.37,0.436,0.329,10,35,95.4,4.2,2424,89.5,88.81,15,65,107,-0.7000000000000028,5.85,100,150,118,148,310,324,299,-1.837,1.837,69.9,7.3,42,28,8,1,0,1,7,16.7,7,16.7,2.93262,-0.06209,0.02767,-0.02767,95.3,125,60.71428571428571,14.285714285714285,9.523809523809524,5.55,1.44,0.1,2.22,0.405,4,1.068023256,0.441,0.572,-1.068023256,-0.043,-0.035999999999999976,-0.172,-0.066,23.1,35.5,7.027476246378736,3.796998930121395,32.45359781765592,0.5076923076923077,35.77468178413515,28.77845526731261
168,607455,"Banda, Anthony",257,65.4,0.294,0.294,0.36,0.588,0.436,0.384,0.275,10,34,93.1,15.3,2134,89.3,88.98,16,80,88,-0.29999999999999716,6.31,105,147,118,140,296,319,282,-2.467,2.467,70.2,7.2,41,26,2,7,0,1,8,19.5,4,9.8,2.30292,0.61373,0.38048,-0.38048,91.9,177,53.84615384615385,11.538461538461538,7.317073170731707,5.45,2.61,-0.2,2.51,0.415,3,1.468452381,0.399,0.461,-1.468452381,0.019,0.01599999999999996,0.127,0.052,20,33.8,8.632255635930695,0.04392902126604192,31.10083353899716,0.43037974683544306,35.81036714693331,29.561756384677928
168,682995,"Barco, Hunter",232,72.4,0.343,0.314,0.346,0.657,0.479,0.408,0.317,12,35,90.7,18,2091,89.8,89.5,9,63,105,-0.29999999999999716,6.24,110,150,116,147,298,321,286,-4.349,4.349,71.6,7.2,42,29,7,2,0,3,6,14.3,6,14.3,2.39744,0.47435,0.83244,-0.83244,92.7,168,46.42857142857143,7.142857142857142,4.761904761904762,5.19,3.3,0.13,2.35,0.452,2,2.588690476,0.434,0.492,-2.588690476,0.026,0.018000000000000016,0.165,0.071,14.3,22.9,6.45023526354992,3.7274785675477524,33.12493428298061,0.5161290322580645,37.73012242068755,26.915936338601856
166,621381,"Strahm, Matt",234,70.9,0.242,0.242,0.273,0.485,0.374,0.27,0.172,8,33,89.2,23.8,2393,86.3,85.76,16,78,88,-0.5,6.15,107,151,123,147,294,320,283,-0.547,0.547,70.2,7.4,39,24,4,2,0,2,9,23.1,5,12.8,2.34783,0.76988,0.70873,-0.70873,92.1,168,41.66666666666667,4.166666666666666,2.564102564102564,5.25,1.78,-0.12,2.48,0.359,1,0.329518072,0.299,0.27,-0.329518072,0.07,0.06,0.215,0.104,20.5,29.7,12.411720485292783,-8.662754307881594,32.39577435777726,0.6103896103896104,34.780376484040225,34.51206441760378
165,663687,"Harris, Hogan",368,44.8,0.161,0.161,0.167,0.323,0.322,0.362,0.215,5,31,83.1,9.2,2398,87.7,87.62,18,67,98,-0.10000000000000853,6.49,105,149,115,145,309,328,293,-0.676,0.676,69.4,6.7,42,25,2,2,0,1,7,16.7,10,23.8,2.49848,0.60994,0.34582,-0.34582,89.7,151,16,8,4.761904761904762,6.13,2.01,-0.21,2.4,0.357,2,0.40969697,0.4,0.386,-0.40969697,-0.054,-0.04300000000000004,-0.063,-0.04,26.9,57.4,3.4961415508444786,8.943659234431927,32.292436329749776,0.3939393939393939,34.95502520674471,24.810317973227374
159,687396,"Headrick, Brent",270,58.9,0.179,0.026,0.25,0.205,0.21,0.231,0.191,7,39,84.1,13.5,2202,90.5,91.11,20,83,76,0.5999999999999943,6.93,99,149,123,148,291,321,285,4.333,-4.333,70.6,7.3,44,30,6,1,0,0,11,25,3,6.8,1.70572,1.13138,0.4393,-0.4393,92.2,163,33.33333333333333,3.3333333333333335,2.272727272727273,6.27,1.83,0.13,2,0.238,1,-2.725157233,0.251,0.26,2.725157233,-0.012,-0.013000000000000012,-0.055,-0.021,24.1,38.7,9.143496973405021,-6.386498901015567,32.670461420215894,0.43037974683544306,37.11856612012452,32.02847096447507
157,606996,"Hart, Kyle",259,60.6,0.233,0.1,0.28,0.333,0.328,0.398,0.305,7,30,88.8,5.5,2019,86.8,86.62,11,67,90,-0.20000000000000284,6.3,115,152,119,148,303,326,292,-0.163,0.163,71.1,7.5,38,25,4,3,0,0,6,15.8,5,13.2,2.82656,0.2366,0.14885,-0.14885,91.5,115,36,8,5.263157894736842,5.6,2.67,0.1,1.9,0.368,2,0.103821656,0.432,0.459,-0.103821656,-0.072,-0.064,-0.126,-0.07,16.4,37.2,7.610427368447562,-2.7797241632145586,34.12500308663007,0.42857142857142855,37.80093992097908,31.813794336037994
155,663542,"Hudson, Bryan",309,50.2,0.2,0,0.316,0.2,0.244,0.264,0.203,6,30,81.2,11.8,2179,88.9,90.19,22,75,80,1.2999999999999972,7.22,105,152,121,144,306,326,293,1.678,-1.678,69.5,6.8,35,20,6,0,0,0,11,31.4,3,8.6,2.29232,0.64422,0.30039,-0.30039,90.2,133,30,0,0,5.12,3.46,-0.14,2.06,0.294,0,-1.082580645,0.297,0.264,1.082580645,-0.003,-0.0030000000000000027,-0.064,-0.02,29.3,14.3,1.1073193138072532,10.261774626391203,35.153943085808606,0.25333333333333335,36.13622982656766,24.07176146495723
152,677865,"Bruihl, Justin",317,47.9,0.154,0.192,0.136,0.346,0.323,0.379,0.243,4,26,88.5,11.3,2124,84.7,85.03,12,53,99,0.29999999999999716,6.75,105,150,113,144,305,318,289,-1.426,1.426,70.6,7.5,37,23,1,2,0,1,5,13.5,8,21.6,3.13605,0.12033,0.40743,-0.40743,91.8,152,34.78260869565217,8.695652173913043,5.405405405405405,4.88,3.5,0.4,2.29,0.351,2,0.938157895,0.422,0.417,-0.938157895,-0.089,-0.07100000000000001,-0.071,-0.056,22.6,26.9,10.17262750083577,1.519374971107242,32.71000100137551,0.47058823529411764,38.99559706599927,30.143271988399903
149,678606,"Ferrer, Jose A.",270,55.2,0.294,0.059,0.385,0.353,0.343,0.293,0.24,10,34,85.8,24.3,2230,92.5,91.45,26,79,70,-1,5.88,104,149,114,144,302,320,287,-0.861,0.861,70.3,7.2,39,26,8,2,0,0,8,20.5,3,7.7,2.27852,0.43466,1.29134,-1.29134,90.4,175,23.076923076923077,0,0,5.74,2.98,0.06,2.32,0.385,0,0.577852349,0.337,0.293,-0.577852349,0.054,0.04799999999999999,0.06,0.05,32.9,33.5,6.696416666731719,1.0314772668402716,33.63959434528287,0.35443037974683544,37.589135412451796,27.853893123809435
148,675660,"Drohan, Shane",227,65.2,0.207,0,0.25,0.207,0.268,0.302,0.23,6,29,83.4,14.5,2371,88.1,87.68,18,72,76,-0.3999999999999915,6.1,108,150,120,146,296,320,293,1.482,-1.482,70.8,7.6,36,24,6,0,0,0,6,16.7,6,16.7,2.41284,0.56926,0.32919,-0.32919,90.9,127,29.166666666666668,0,0,5.61,1.53,0.02,2.31,0.333,0,-1.001351351,0.352,0.293,1.001351351,-0.023,-0.01899999999999996,-0.086,-0.034,25,38.1,10.609925730189998,-6.590773186484231,32.710126537758995,0.4788732394366197,35.59755527960299,33.50692910095362
147,663992,"Lovelady, Richard",248,59.3,0.226,0.129,0.261,0.355,0.306,0.267,0.197,7,31,87.1,5,2391,87.5,88.97,15,68,79,1.5,7.33,104,150,117,148,308,320,289,0.924,-0.924,69.9,6.9,35,24,5,1,0,1,7,20,4,11.4,2.61415,0.41179,-0.09623,0.09623,90.4,143,25,4.166666666666666,2.857142857142857,5.3,2.44,0.19,2.44,0.314,1,-0.628571429,0.289,0.294,0.628571429,0.029,0.025000000000000022,0.061,0.039,22.1,21.5,1.2496697125073375,11.225467932357278,32.55524399944179,0.2647058823529412,36.49163618647335,23.614353965289844
145,669062,"Miller, Erik",235,61.7,0.167,0.083,0.333,0.25,0.257,0.229,0.141,4,24,85.6,11.6,2386,91.4,91.65,22,58,87,0.29999999999999716,6.61,105,151,123,145,296,319,289,1.111,-1.111,70.4,7.7,28,12,2,2,0,0,12,42.9,4,14.3,2.3449,0.43382,0.65285,-0.65285,90.5,164,25,8.333333333333332,3.571428571428571,6.43,1.56,-0.33,2.18,0.286,1,-0.766206897,0.264,0.208,0.766206897,0.026,0.021999999999999964,0.042,0.028,37.9,37.2,12.95818015733352,-10.27810462223818,33.45846765939192,0.4482758620689655,34.32694618579533,34.74198252370471
145,672582,"Zerpa, Angel",216,67.1,0.414,0.31,0.435,0.724,0.525,0.506,0.39,12,29,93.8,-2.6,2079,93.7,92.36,9,61,84,-1.2999999999999972,5.64,108,152,119,148,302,323,293,-7.628,7.628,70.7,6.9,34,25,7,3,0,2,4,11.8,5,14.7,2.39083,0.23252,1.10462,-1.10462,94.1,128,64,12,8.823529411764707,5.09,2.84,-0.05,2.33,0.5,3,5.260689655,0.48,0.709,-5.260689655,0.024,0.020000000000000018,0.015,0.019,14.8,24.7,4.051950765197336,7.4362294577775705,32.5479755743434,0.3333333333333333,37.10172749661381,24.670054725304627
145,700249,"Povich, Cade",261,55.6,0.194,0.111,0.214,0.306,0.268,0.311,0.237,7,36,93.6,18.7,2306,85.3,84.84,17,71,74,-0.5,6.17,107,152,122,145,305,317,282,2.097,-2.097,71.8,7.5,40,29,5,1,0,1,7,17.5,4,10,2.8251,0.40152,0.19041,-0.19041,92.6,161,44.827586206896555,6.896551724137931,5,6.04,1.12,-0.03,2.21,0.275,2,-1.446206897,0.313,0.388,1.446206897,-0.043,-0.03799999999999998,-0.082,-0.043,23.9,47.6,10.488884102271367,-4.8147548830035305,31.573140111844083,0.5735294117647058,37.23329452812801,30.916111532759526
144,693855,"Seymour, Ian",287,50.2,0.333,0.233,0.409,0.567,0.436,0.425,0.287,10,30,87.8,13.8,1929,86.4,86.09,12,58,86,-0.30000000000001137,6.29,96,152,115,146,305,332,293,-2.544,2.544,69.1,7.3,36,24,5,4,0,1,7,19.4,5,13.9,2.25632,0.84083,0.80542,-0.80542,92.5,168,50,20.833333333333336,13.88888888888889,5.65,1.79,0.11,2.3,0.429,5,1.766666667,0.389,0.614,-1.766666667,0.046,0.03999999999999998,-0.047,0.011,20.7,39.6,8.273466239819426,4.7179320128252495,30.109571478298093,0.43859649122807015,37.29363386518731,29.986132455192376
143,641835,"Mayza, Tim",298,48,0.235,0.206,0.273,0.441,0.326,0.328,0.245,8,34,92.4,13.5,2092,91.8,92.88,18,65,78,1.1000000000000085,6.94,105,151,119,146,294,325,294,-2.204,2.204,70.2,7.0,37,24,5,1,0,2,10,27,3,8.1,2.23797,0.48021,0.87035,-0.87035,92.6,190,50,8.333333333333332,5.405405405405405,6.24,1.62,0.12,2.12,0.297,2,1.541258741,0.306,0.453,-1.541258741,-0.01,-0.009000000000000008,-0.012,-0.002,27.7,42.5,4.135662318477584,6.961711405978747,33.119315082123784,0.4838709677419355,38.359176430569306,23.800562125733226
141,593974,"Peralta, Wandy",284,49.6,0.212,0.152,0.222,0.364,0.275,0.325,0.287,7,33,87.3,10.9,2185,91.5,90.4,22,78,63,-1.0999999999999943,5.63,114,152,120,147,303,326,295,2.457,-2.457,71.4,7.6,35,28,5,0,1,1,5,14.3,2,5.7,2.1773,0.56184,1.16184,-1.16184,90.4,152,28.57142857142857,3.571428571428571,2.857142857142857,5.93,0.49,0.35,2.11,0.257,1,-1.742553191,0.327,0.416,1.742553191,-0.075,-0.07,-0.052,-0.05,28.2,40.6,11.145341215313307,-3.603304713230123,32.11790207736039,0.4594594594594595,41.257180646242304,32.44796409910062
140,669276,"Lee, Dylan",234,59.8,0.061,0.03,0.095,0.091,0.085,0.173,0.135,2,33,84.9,19.5,2106,86.4,86.67,35,82,58,0.29999999999999716,6.35,107,152,125,147,310,324,297,6.252,-6.252,72.2,7.9,34,21,1,1,0,0,12,35.3,1,2.9,2.14407,0.91564,0.39364,-0.39364,91.7,172,33.33333333333333,4.761904761904762,2.941176470588235,6.53,1.83,0.05,1.89,0.088,1,-4.465714286,0.16,0.233,4.465714286,-0.074,-0.07200000000000001,-0.142,-0.088,42.7,47.1,16.121695931711532,-14.937734274933668,32.00309901053476,0.3780487804878049,36.75470319608569,38.48379461071578
139,682254,"Montgomery, Mason",234,59.4,0.265,0.147,0.381,0.412,0.329,0.33,0.268,9,34,92.6,14.8,2355,95,96.01,21,69,70,1,6.94,109,151,116,148,297,321,287,0.248,-0.248,69.5,7.0,37,22,6,2,0,1,12,32.4,3,8.1,1.59583,0.9582,0.23432,-0.23432,92.8,160,54.54545454545454,9.090909090909092,5.405405405405405,5.8,1.1,-0.21,2.22,0.324,2,-0.178417266,0.327,0.423,0.178417266,-0.003,-0.0030000000000000027,-0.011,-0.001,30.4,59.4,3.710385680145193,9.264420545011465,32.81632137344398,0.35294117647058826,34.551664023859104,24.197391267243496
139,641302,"Alexander, Tyler",250,55.6,0.31,0.069,0.391,0.379,0.345,0.271,0.215,9,29,84.4,22,2025,86.4,86.21,9,60,79,-0.20000000000000284,6.22,108,149,113,146,304,323,299,0.102,-0.102,72.6,7.4,34,23,7,2,0,0,7,20.6,3,8.8,2.46281,0.61804,0.61784,-0.61784,90.0,155,21.73913043478261,0,0,5.48,2.59,0.17,2.29,0.382,0,-0.073381295,0.302,0.285,0.073381295,0.095,0.08000000000000002,0.094,0.074,15,33.8,8.800057181641645,3.040086110636648,33.24526592081819,0.6206896551724138,39.416471862487114,28.093864139554864
138,656641,"Latz, Jacob",269,51.3,0,0,0,0,0.047,0.131,0.073,0,28,86.8,29.6,2291,87.9,87.87,19,61,77,0,6.51,113,153,118,149,306,328,302,6.043,-6.043,71.1,7.4,30,19,0,0,0,0,9,30,2,6.7,2.1192,0.89428,0.56416,-0.56416,90.4,166,26.31578947368421,0,0,6.01,1.86,-0.04,2.11,0.067,0,-4.378985507,0.134,0.139,4.378985507,-0.073,-0.067,-0.139,-0.084,31.1,52.3,12.436715420737576,-3.3762462253221956,30.95043768489352,0.6610169491525424,37.52166336244088,31.755043469116146
136,621237,"Alvarado, José",240,56.7,0.214,0.071,0.353,0.286,0.269,0.237,0.188,6,28,86.7,20.1,2077,95.7,96.81,25,62,74,1.0999999999999943,6.93,103,147,119,144,293,320,289,1.946,-1.946,67.4,7.2,31,17,4,2,0,0,11,35.5,2,6.5,1.73794,0.76537,0.71853,-0.71853,91.2,162,18.75,0,0,6.46,1.49,-0.34,2.23,0.29,0,-1.430882353,0.27,0.235,1.430882353,0.026,0.019999999999999962,0.051,0.032,40.3,56.8,9.741432349938231,-3.9258386925822153,34.0401709229438,0.47540983606557374,33.45741873698432,28.820065484458517
136,595345,"Okert, Steven",257,52.9,0.345,0.276,0.333,0.621,0.44,0.4,0.3,10,29,88.1,26.7,2293,84.5,84.58,14,68,68,0.09999999999999432,6.36,106,150,118,146,299,328,289,-3.3,3.3,70.3,7.5,34,26,6,2,0,2,4,11.8,4,11.8,2.31904,0.90779,-0.10412,0.10412,91.8,164,30.76923076923077,11.538461538461538,8.823529411764707,5.85,3.12,-0.02,2.44,0.412,3,2.426470588,0.375,0.574,-2.426470588,0.045,0.03699999999999998,0.047,0.04,20.6,34.2,15.01586536823684,-8.199634858095857,33.30057241209721,0.4461538461538462,34.86123016950345,35.1837388415674
135,657424,"Gage, Matt",229,59,0.2,0.067,0.214,0.267,0.244,0.28,0.216,6,30,86,13.6,2024,87.2,87.35,16,65,70,0.20000000000000284,6.37,108,151,121,146,292,319,290,1.706,-1.706,68.7,7.1,34,28,4,2,0,0,3,8.8,3,8.8,2.42104,0.6012,0.03888,-0.03888,91.1,146,25,3.571428571428571,2.941176470588235,6.41,0.87,-0.18,2.07,0.265,1,-1.263703704,0.287,0.321,1.263703704,-0.016,-0.021999999999999964,-0.054,-0.036,24.6,49.0,5.215023798889132,-1.4922341604461649,32.392449369793056,0.453125,34.44992739517345,29.819664931960794
134,519141,"Pomeranz, Drew",208,64.4,0.344,0.313,0.346,0.656,0.455,0.459,0.362,11,32,87.3,23.6,2456,89.7,88.7,13,68,66,-1,5.77,107,151,119,148,307,330,296,-4.122,4.122,70.7,7.2,36,29,5,4,0,2,4,11.1,2,5.6,2.14127,0.71955,0.11376,-0.11376,91.6,172,31.03448275862069,13.793103448275861,11.11111111111111,6.06,1.96,0,2.37,0.4,4,3.076119403,0.417,0.665,-3.076119403,-0.018,-0.01699999999999996,-0.009,-0.004,19.1,36.5,8.818976587207652,0.8195620373609199,32.08763219895771,0.6716417910447762,35.999783171764214,27.307703428385686
128,676263,"Dreyer, Jack",249,51.4,0.231,0.154,0.417,0.385,0.299,0.245,0.17,6,26,98.5,23.5,2452,90.3,90.73,20,60,68,0.4000000000000057,6.58,105,152,118,146,304,317,291,1.211,-1.211,69.8,7.1,28,13,4,1,0,1,13,46.4,2,7.1,1.96016,0.85906,0.11867,-0.11867,92.4,164,69.23076923076923,15.384615384615385,7.142857142857142,6.02,1.18,0.08,2.71,0.286,2,-0.94609375,0.229,0.327,0.94609375,0.061,0.05699999999999997,0.058,0.054,33.3,59.3,6.827961839752417,3.604323111387104,29.896495861876847,0.5172413793103449,36.48408869062274,26.494738939719415
128,547973,"Chapman, Aroldis",168,76.2,0.194,0.097,0.286,0.29,0.241,0.331,0.247,6,31,94.9,22,2247,94.6,96.15,25,63,65,1.5,7.27,108,152,122,146,290,317,284,2.372,-2.372,71.5,7.3,33,21,3,3,0,0,10,30.3,2,6.1,1.46094,1.11648,0.24539,-0.24539,94.0,212,52.38095238095239,19.047619047619047,12.121212121212121,6.26,0.31,-0.06,2.38,0.242,4,-1.853125,0.292,0.478,1.853125,-0.053,-0.04999999999999999,-0.188,-0.09,39.7,55.4,10.180660504691504,-0.8559179675641426,31.266147830450898,0.6349206349206349,37.87381214761497,29.460239117516377
127,646241,"De Jesus, Enmanuel",227,55.9,0.375,0.083,0.5,0.458,0.436,0.373,0.277,9,24,92.9,24.7,2291,89.1,88.45,7,48,79,-0.6999999999999886,5.97,101,149,115,144,305,327,290,-2.987,2.987,70.8,7.4,30,18,8,0,1,0,6,20,6,20,2.13276,0.76819,0.82543,-0.82543,91.4,184,50,5.555555555555555,3.3333333333333335,5.89,2.87,0.26,2.34,0.5,1,2.351968504,0.421,0.394,-2.351968504,0.098,0.07900000000000001,0.064,0.063,14.6,43.8,7.681561270792471,1.2964425675216764,31.728053372397852,0.5434782608695652,39.33923486241574,30.430611405916338
127,573204,"Thielbar, Caleb",166,76.5,0.125,0.25,0.083,0.375,0.266,0.236,0.112,3,24,92.9,32.7,2399,88.2,87.85,19,67,60,-0.29999999999999716,6.22,107,153,117,149,302,319,293,1.815,-1.815,69.1,7.4,27,14,1,0,0,2,10,37,3,11.1,2.33858,0.67457,-0.01654,0.01654,90.5,158,35.714285714285715,14.285714285714285,7.4074074074074066,6.15,0.04,-0.16,2.26,0.222,2,-1.429133858,0.211,0.314,1.429133858,0.013,0.01100000000000001,0.061,0.03,28.4,54.9,10.344486954002743,-2.3714742744044592,31.73067955632297,0.5303030303030303,35.61801449519409,29.508032604352866
127,656945,"Scott, Tanner",195,65.1,0.129,0.194,0.091,0.323,0.224,0.348,0.263,4,31,89.9,18.8,2562,93.2,93.2,14,67,60,0,6.18,104,154,121,147,300,313,288,2.168,-2.168,70.1,7.3,33,24,2,0,0,2,7,21.2,2,6.1,1.80346,0.82228,0.05559,-0.05559,91.7,161,33.33333333333333,12.5,9.090909090909092,5.18,2.71,0.03,2.4,0.182,3,-1.707086614,0.308,0.504,1.707086614,-0.134,-0.126,-0.181,-0.124,20.9,32.5,7.435003069809992,0.24162871641420725,32.2124902379565,0.46153846153846156,34.31411126441783,28.22847682093769
124,687911,"King, Bryan",230,53.9,0.226,0.065,0.304,0.29,0.272,0.255,0.217,7,31,87.2,14.9,2118,88.7,88.86,12,71,53,0.20000000000000284,6.54,101,149,116,147,292,329,289,1.174,-1.174,68.8,6.9,34,23,5,2,0,0,8,23.5,1,2.9,2.04831,0.89839,-0.07463,0.07463,90.3,136,31.818181818181817,0,0,5.6,2.67,-0.17,2.6,0.294,0,-0.946774194,0.288,0.259,0.946774194,0.009,0.006000000000000005,0.031,0.017,16.9,34.5,4.664091722881436,11.12202273569064,32.22296369064425,0.352112676056338,34.490638682371774,24.101551322853997
122,571948,"Milner, Hoby",241,50.6,0.2,0.1,0.192,0.3,0.265,0.312,0.255,6,30,86.1,8.6,1779,83.4,83.68,4,47,75,0.29999999999999716,6.73,103,153,117,149,302,324,293,1.9,-1.9,71.1,7.3,33,27,5,0,0,1,3,9.1,2,6.1,3.34844,-0.02182,0.90369,-0.90369,91.1,144,25.925925925925924,3.7037037037037033,3.0303030303030303,4.2,4.33,0.22,1.95,0.273,1,-1.557377049,0.322,0.374,1.557377049,-0.055,-0.04899999999999999,-0.074,-0.047,8.5,-4.2,5.2310118372129955,3.492858201548271,32.977023584042776,0.5555555555555556,39.786897473314845,28.19837395989668
122,594580,"Moll, Sam",255,47.8,0.192,0.154,0.211,0.346,0.323,0.381,0.27,5,26,90.1,8.6,2384,85.4,82.65,8,46,76,-2.8000000000000114,4.6,102,151,116,145,297,322,288,-0.333,0.333,70.9,7.3,33,20,3,1,0,1,6,18.2,5,15.2,3.37484,-0.20298,0.32008,-0.32008,92.3,132,26.31578947368421,5.263157894736842,3.0303030303030303,4.82,2.08,0.07,1.93,0.344,1,0.27295082,0.416,0.422,-0.27295082,-0.078,-0.07200000000000001,-0.076,-0.058,17.4,13.1,9.103232238788179,-1.899070038432458,34.076841118846325,0.43478260869565216,35.555185171882314,30.23477826701305
120,548384,"Raley, Brooks",190,63.2,0.214,0.107,0.313,0.321,0.267,0.336,0.248,6,28,89.4,13.8,2553,83.7,82.32,13,44,76,-1.4000000000000057,5.76,104,152,119,147,306,319,288,1.126,-1.126,70.8,7.7,31,18,5,0,0,1,11,35.5,2,6.5,2.96392,0.35767,-0.14517,0.14517,93.2,164,38.88888888888889,16.666666666666664,9.67741935483871,5.6,3.09,0.12,2.2,0.267,3,-0.938333333,0.298,0.481,0.938333333,-0.034,-0.030999999999999972,-0.16,-0.069,29.5,31.5,12.301880175156054,-8.423928039413207,34.085161054820226,0.42857142857142855,35.80745813023688,33.0654456077828
119,656222,"Beeks, Jalen",223,53.4,0.2,0,0.25,0.2,0.198,0.289,0.244,6,30,84.9,12.8,2129,90,90.02,12,50,69,0,6.48,106,151,116,147,302,326,300,3.637,-3.637,69.7,7.2,32,25,6,0,0,0,6,18.8,1,3.1,1.8237,1.02622,0.85891,-0.85891,92.3,156,44,8,6.25,5.93,1.18,-0.11,2.3,0.226,2,-3.056302521,0.268,0.396,3.056302521,-0.044,-0.04200000000000001,-0.196,-0.091,24,44.8,9.75541163188116,1.753555479334695,29.940078765306186,0.6875,36.13086303790398,29.17688014187759
119,573124,"Rogers, Taylor",235,50.6,0.333,0.148,0.391,0.481,0.378,0.416,0.303,9,27,94.2,28.7,2377,85.5,84.55,7,54,65,-0.9000000000000057,5.75,107,152,120,145,295,321,282,-1.226,1.226,69.3,7.2,31,23,6,2,1,0,5,16.1,3,9.7,2.77992,0.405,0.02763,-0.02763,92.8,194,47.82608695652174,13.043478260869565,9.67741935483871,5.59,1.96,-0.5,2.66,0.387,3,1.030252101,0.38,0.533,-1.030252101,0.03,0.007000000000000006,-0.052,-0.038,13,28.9,10.514648815479273,-4.772385869323121,29.95704551508852,0.48148148148148145,32.86010241716752,31.820389719431642
118,680730,"Parker, Mitchell",202,58.4,0.276,0.138,0.318,0.414,0.329,0.334,0.285,8,29,87,6.5,2201,85.2,86.01,20,63,55,0.7999999999999972,6.77,103,150,115,148,315,325,302,-0.574,0.574,68.3,7.6,32,24,6,1,0,1,6,18.8,2,6.3,2.88534,0.28441,-0.38127,0.38127,93.6,159,62.5,4.166666666666666,3.125,6.12,1.69,0.06,2.01,0.323,1,0.486440678,0.332,0.434,-0.486440678,-0.009,-0.009000000000000008,-0.02,-0.005,31.7,55.8,10.734589978156539,-11.50793873469921,32.9912376948286,0.423728813559322,34.470971821786115,34.17352227983952
117,642100,"Speier, Gabe",215,54.4,0.36,0.2,0.421,0.56,0.431,0.381,0.272,9,25,88.8,18.2,2209,91.1,90.6,16,62,55,-0.5,6.04,109,150,115,145,305,320,286,-3.697,3.697,69.5,7.0,31,21,6,2,0,1,6,19.4,3,9.7,2.11179,0.66922,0.6247,-0.6247,92.2,177,28.57142857142857,14.285714285714285,9.67741935483871,5.57,1.85,-0.16,2.36,0.433,3,3.15982906,0.36,0.536,-3.15982906,0.088,0.07300000000000001,0.024,0.05,25.8,30.0,6.995698874985195,3.402435530969165,31.013648369082205,0.44642857142857145,36.89146550637224,28.13002615465053
116,681892,"Funderburk, Kody",217,53.5,0.185,0.111,0.19,0.296,0.303,0.385,0.278,5,27,89.7,12.5,2320,89,89.76,9,52,64,0.7999999999999972,6.92,106,152,118,146,298,324,284,0.271,-0.271,70.5,7.1,33,22,4,0,0,1,5,15.2,4,12.1,2.37198,0.54871,0.22313,-0.22313,92.7,157,45.45454545454545,9.090909090909092,6.0606060606060606,5.72,2.43,-0.39,2.39,0.333,2,-0.23362069,0.409,0.453,0.23362069,-0.093,-0.07599999999999996,-0.157,-0.082,17.3,32.3,7.624357865406163,1.93402194954895,31.896390563642555,0.39215686274509803,35.37385219282086,28.46966134143694
116,677053,"Nardi, Andrew",221,52.5,0.25,0.208,0.294,0.458,0.351,0.336,0.217,6,24,88.4,8.9,2316,90.2,90.46,14,57,59,0.29999999999999716,6.69,106,153,121,146,308,324,297,-0.11,0.11,68.7,6.9,27,18,3,2,0,1,6,22.2,3,11.1,1.94802,0.9075,0.13543,-0.13543,92.7,174,44.44444444444444,11.11111111111111,7.4074074074074066,5.61,3.03,-0.09,2.27,0.333,2,0.094827586,0.304,0.468,-0.094827586,0.033,0.029000000000000026,-0.01,0.015,24.6,40.5,7.331039503821019,5.759112787621477,31.238638208008805,0.39285714285714285,35.93143109046262,27.563556682359486
115,607481,"Bummer, Aaron",219,52.5,0.28,0.28,0.278,0.56,0.397,0.438,0.288,7,25,95.1,14.4,2181,85.6,86.1,11,57,58,0.5,6.52,105,149,122,146,312,324,297,-1.969,1.969,70.7,7.3,30,20,4,1,0,2,6,20,3,10,3.09878,0.02921,-0.03319,0.03319,93.4,170,60,20,13.333333333333334,5.1,2.17,-0.16,2.21,0.367,4,1.712173913,0.376,0.684,-1.712173913,-0.008,-0.009000000000000008,-0.124,-0.041,19.3,10.9,8.367090842783016,-1.7573146706228417,33.74931585690054,0.5454545454545454,34.32865399620291,29.274051963331818
114,663738,"Lynch IV, Daniel",197,57.9,0.115,0.192,0.125,0.308,0.233,0.3,0.176,3,26,92.6,18,2058,88.9,88.89,17,55,59,0,6.29,109,151,120,148,296,319,282,0.92,-0.92,69.6,7.7,29,17,0,2,0,1,9,31,3,10.3,2.35482,0.56062,0.78851,-0.78851,91.6,183,47.05882352941176,17.647058823529413,10.344827586206897,6.07,1.72,0.14,2.38,0.207,3,-0.807017544,0.261,0.433,0.807017544,-0.061,-0.05400000000000002,-0.125,-0.067,30.9,41.6,12.682894922993748,-7.8561817356958725,30.526750857492452,0.5,39.232281164155964,32.52291656672104
113,815083,"Farris, Mitch",204,55.4,0.24,0.16,0.278,0.4,0.31,0.347,0.289,6,25,85,13.5,1990,85,85.55,18,62,51,0.5,6.71,110,152,113,148,306,331,296,-0.524,0.524,66.8,7.0,27,19,4,1,0,1,6,22.2,2,7.4,2.62646,0.5867,0.75292,-0.75292,90.8,159,36.84210526315789,5.263157894736842,3.7037037037037033,6.1,0.86,0.16,2.05,0.296,1,0.463716814,0.342,0.454,-0.463716814,-0.049,-0.04600000000000004,-0.054,-0.037,29,47.0,9.560508164423812,2.2855732097238017,31.930500052604117,0.5409836065573771,36.70020613920881,31.196519357671797
112,676428,"Hurter, Brant",238,47.1,0.25,0.156,0.259,0.406,0.334,0.358,0.296,8,32,88.5,8.3,2086,89.3,88.56,9,50,62,-0.7000000000000028,6.01,109,152,120,147,304,326,290,-1.937,1.937,68.7,7.2,36,28,5,2,0,1,4,11.1,3,8.3,2.74223,0.15755,0.77107,-0.77107,92.3,134,35.714285714285715,3.571428571428571,2.7777777777777777,5.93,3.57,0.4,2.41,0.333,1,1.729464286,0.374,0.432,-1.729464286,-0.046,-0.04099999999999998,-0.026,-0.024,18,28.7,6.674391545496068,3.2878219113308367,33.10127011705161,0.5510204081632653,39.82634712154957,27.99905968922508
112,689254,"Fluharty, Mason",241,46.5,0.458,0.208,0.556,0.667,0.511,0.312,0.226,11,24,85.3,18.1,2604,88.6,89.36,17,58,54,0.8000000000000114,6.77,98,148,114,144,295,317,279,-4.435,4.435,71.0,7.2,27,20,8,2,0,1,5,18.5,2,7.4,2.31,0.61223,-0.39135,0.39135,92.0,151,35,15,11.11111111111111,5.91,3.6,-0.2,2.35,0.5,3,3.959821429,0.285,0.441,-3.959821429,0.232,0.21500000000000002,0.226,0.199,29.3,36.3,11.683559130353697,-1.630914350858952,33.10924391060926,0.5454545454545454,32.88825357118625,29.185209639393495
111,681911,"Vesia, Alex",195,56.9,0.15,0.1,0.25,0.25,0.279,0.297,0.176,3,20,83.3,28,2338,88,87.95,21,49,62,-0.09999999999999432,6.3,106,154,120,148,303,313,290,0.592,-0.592,67.5,7.2,25,12,2,0,1,0,8,32,5,20,1.61099,1.35523,0.18631,-0.18631,90.8,218,25,8.333333333333332,4,6.06,0.19,0.08,2.66,0.32,1,-0.533333333,0.341,0.275,0.533333333,-0.026,-0.02100000000000002,-0.025,-0.018,42.9,69.5,9.124291969847576,-5.404042551520439,29.09285009395129,0.5306122448979592,34.96408138510385,31.849758644438705
110,682120,"Herrin, Tim",197,55.8,0.3,0.05,0.333,0.35,0.359,0.298,0.223,6,20,81.9,25.1,2263,87.3,87.2,14,52,58,-0.09999999999999432,6.32,107,151,120,144,304,324,298,-0.721,0.721,68.9,7.7,24,18,5,1,0,0,2,8.3,4,16.7,2.71327,0.33373,-0.03383,0.03383,90.1,135,22.22222222222222,0,0,5.84,2.05,-0.17,2.01,0.417,0,0.655454545,0.353,0.272,-0.655454545,0.077,0.064,0.078,0.061,26.9,33.3,15.178153332514908,-12.58036026071946,34.903983492516076,0.3333333333333333,33.98788879647142,37.03765443687634
108,663465,"Allard, Kolby",181,59.7,0.455,0.273,0.563,0.727,0.532,0.441,0.391,10,22,88.7,6.3,1801,83.7,83.51,9,54,54,-0.20000000000000284,6.18,107,153,125,146,311,326,294,-4.877,4.877,68.6,7.3,24,17,6,3,0,1,5,20.8,1,4.2,2.70759,0.60833,0.26121,-0.26121,92.1,169,47.05882352941176,17.647058823529413,12.5,5.37,2.21,0.03,2.52,0.5,3,4.515740741,0.442,0.578,-4.515740741,0.064,0.057999999999999996,0.149,0.091,16.7,45.0,7.906275955443635,-0.7043215000137146,33.1389731966379,0.46153846153846156,36.671546750411586,31.17754188723692
107,681895,"Sisk, Evan",217,49.3,0.227,0.136,0.333,0.364,0.276,0.198,0.17,5,22,84.8,1.6,2105,82.7,83.64,10,42,65,0.8999999999999915,7.01,110,152,119,147,306,318,286,0.99,-0.99,69.3,7.5,23,15,2,3,0,0,7,30.4,1,4.3,3.37879,0.01972,0.18505,-0.18505,91.6,136,33.33333333333333,0,0,5.17,3.64,0.13,2.08,0.261,0,-0.925233645,0.206,0.239,0.925233645,0.057,0.05500000000000002,0.125,0.078,23.8,24.1,11.086607354868189,-3.881869340348879,29.864573030752748,0.47619047619047616,39.98761895743256,33.58017568271865
106,657514,"Bernardino, Brennan",233,45.5,0.259,0.111,0.318,0.37,0.307,0.314,0.276,7,27,86.1,4.4,2140,85.7,84.73,11,54,52,-1,5.6,106,148,119,140,302,330,296,0.411,-0.411,66.6,7.1,29,22,4,3,0,0,5,17.2,1,3.4,2.8217,0.32048,0.54594,-0.54594,91.1,152,33.33333333333333,0,0,4.93,3.03,0.1,2.17,0.31,0,-0.387735849,0.328,0.372,0.387735849,-0.017,-0.018000000000000016,-0.002,-0.007,20.4,15.2,7.390152553077119,3.1143754122195912,34.08902260557738,0.4117647058823529,36.99877568876025,28.812080895547524
102,676467,"Gordon, Colton",207,49.3,0.435,0.565,0.545,1,0.622,0.355,0.281,10,23,93.8,17.3,1931,87.2,87.85,13,52,50,0.5999999999999943,6.84,112,151,116,148,289,327,288,-9.159,9.159,68.7,7.3,25,15,5,1,0,4,8,32,1,4,2.2101,0.8299,0.67824,-0.67824,91.2,181,60,6.666666666666667,4,5.63,2.36,0.16,2.35,0.48,1,8.979411765,0.339,0.476,-8.979411765,0.154,0.14099999999999996,0.524,0.267,25,32.1,9.811123282868667,2.193089074018802,29.40430841111055,0.4117647058823529,37.79240314839574,28.42428374182587
100,679775,"Backhus, Kyle",161,62.1,0.28,0.24,0.294,0.52,0.347,0.268,0.212,7,25,88.1,11.8,2066,85.9,87.11,5,44,56,1.1999999999999886,7.21,100,147,121,143,295,321,293,-0.026,0.026,69.7,6.7,25,19,5,0,0,2,6,24,0,0,3.0111,0.15041,0.8152,-0.8152,91.1,171,22.22222222222222,11.11111111111111,8,4.32,2.98,0.11,2.28,0.28,2,0.026,0.212,0.43,-0.026,0.068,0.06800000000000003,0.09,0.079,11.4,6.0,2.381863846249156,8.278445870570954,34.18744641520168,0.3023255813953488,35.614232276521186,26.513374989122752
99,573009,"Mantiply, Joe",203,48.8,0.292,0.083,0.389,0.375,0.314,0.285,0.242,7,24,84.1,-8.3,1867,84.1,83.63,11,55,44,-0.5,6.22,99,147,113,145,298,321,285,0.647,-0.647,66.3,7.1,29,20,5,2,0,0,7,24.1,2,6.9,3.34596,-0.07276,1.26152,-1.26152,92.6,122,45,5,3.4482758620689653,5.17,3.29,0.36,1.85,0.333,1,-0.653535354,0.295,0.343,0.653535354,0.05,0.038000000000000034,0.032,0.029,20,14.1,5.088787627931134,-9.359511342639555,36.618914036302286,0.4807692307692308,39.40128133301704,31.632707264368776
93,676395,"Garcia, Robert",153,60.8,0.357,0.071,0.417,0.429,0.457,0.466,0.372,5,14,94,7.9,2099,89.9,89.3,12,33,60,-0.6000000000000085,6.26,107,150,113,148,303,325,302,-2.395,2.395,72.2,7.5,20,12,4,1,0,0,2,10,6,30,2.45978,0.41065,0.75602,-0.75602,93.6,126,50,0,0,5.6,3.73,0.14,2.38,0.55,0,2.575268817,0.561,0.46,-2.575268817,-0.015,-0.01100000000000001,-0.031,-0.009,36.4,23.7,8.237134232742605,1.898248342161816,33.64621226294985,0.5806451612903226,38.8398838317541,27.601445591771753
92,667463,"King, John",203,45.3,0.045,0.136,0,0.182,0.168,0.246,0.14,1,22,92.1,18.9,2204,85.7,84.86,12,35,57,-0.7999999999999972,5.86,102,152,120,146,305,322,291,3.214,-3.214,70.8,7.4,25,14,0,0,0,1,8,32,3,12,3.23033,-0.0863,0.45174,-0.45174,92.4,182,35.714285714285715,7.142857142857142,4,5.47,2.12,0.3,2.05,0.16,1,-3.493478261,0.243,0.295,3.493478261,-0.095,-0.08299999999999999,-0.113,-0.078,34.3,25.0,8.731476431420205,2.3626602978476754,32.572117152321724,0.47058823529411764,39.956505460833355,30.432533540708597
92,664991,"Wolfram, Grant",212,43.4,0.333,0.292,0.571,0.625,0.408,0.324,0.326,8,24,84.9,1.2,2311,91.5,91.15,13,49,43,-0.29999999999999716,6.12,102,151,115,144,305,317,286,-1.029,1.029,66.7,6.9,24,14,3,3,2,0,10,41.7,0,0,2.27478,0.47511,0.52772,-0.52772,91.8,135,57.14285714285714,7.142857142857142,4.166666666666666,6.22,2.16,0,2.43,0.333,1,1.118478261,0.326,0.422,-1.118478261,0.007,0.007000000000000006,0.203,0.084,26.5,42.0,3.710503601614225,-1.531900740708,34.6069452266049,0.48936170212765956,36.01218697886803,28.52543474759847
89,642232,"Yarbrough, Ryan",169,52.7,0.25,0.125,0.278,0.375,0.324,0.311,0.249,6,24,84.2,21.4,2027,82,81.59,10,42,47,-0.4000000000000057,6.27,103,149,125,147,290,323,280,-0.365,0.365,69.9,7.2,27,19,5,0,0,1,5,18.5,2,7.4,2.90258,0.55371,0.83114,-0.83114,91.0,180,26.31578947368421,5.263157894736842,3.7037037037037033,5.32,3.07,-0.02,2.31,0.333,1,0.41011236,0.332,0.36,-0.41011236,0.001,0.0010000000000000009,0.015,0.013,23.8,18.7,8.054509205970453,-4.314732173516047,30.01579595216827,0.45,38.14791257441639,32.99772732633214
86,543056,"Coulombe, Danny",149,57.7,0.278,0.167,0.286,0.444,0.337,0.323,0.306,5,18,86,14.9,2522,84.4,83.57,8,45,41,-0.8000000000000114,5.92,108,152,117,146,290,316,282,0.595,-0.595,69.0,7.3,19,15,4,0,0,1,3,15.8,1,5.3,3.08209,0.16953,-0.18279,0.18279,90.2,116,20,6.666666666666667,5.263157894736842,6.14,-0.45,-0.42,2.12,0.316,1,-0.691860465,0.343,0.386,0.691860465,-0.028,-0.027000000000000024,0.058,0.014,17.8,57.4,12.07164169696817,-7.549016229860864,34.1639466327255,0.6744186046511628,32.23962243467345,34.3571792314534
84,701719,"Samaniego, Tyler",161,52.2,0.238,0.048,0.263,0.286,0.294,0.273,0.213,5,21,86.7,11.7,2148,89.9,90.88,4,35,49,1,6.99,104,151,121,146,290,316,283,1.114,-1.114,68.3,6.8,24,19,4,1,0,0,2,8.3,2,8.3,2.0575,0.79655,0.58107,-0.58107,91.1,139,36.84210526315789,0,0,5.67,1.61,0.16,2.26,0.333,0,-1.326190476,0.311,0.27,1.326190476,0.025,0.02200000000000002,0.016,0.021,11.4,37.3,5.280093815081063,5.323865665473866,30.123262923891772,0.4411764705882353,37.09180749792084,27.219026704547982
82,686610,"Waldichuk, Ken",149,55,0.235,0.529,0.111,0.765,0.475,0.485,0.268,4,17,92.3,25.8,2360,87.7,88.18,8,27,55,0.5,6.68,100,150,119,148,304,321,291,-2.78,2.78,71.9,7.6,21,12,1,0,0,3,5,23.8,4,19,2.36146,0.64012,-0.15469,0.15469,94.1,241,50,25,14.285714285714285,5.81,2.28,0.19,2.58,0.381,3,3.390243902,0.407,0.777,-3.390243902,-0.033,-0.025999999999999968,-0.012,-0.01,29.6,38.8,12.453728913606646,-4.707401628694184,32.03881847584733,0.5384615384615384,34.871035979970664,33.846066986286544
80,657612,"Hill, Tim",154,51.9,0.238,0.143,0.235,0.381,0.309,0.349,0.283,5,21,96.6,-11.7,2123,86.7,86.63,4,43,37,-0.10000000000000853,6.51,103,151,129,149,297,315,277,0.828,-0.828,72.0,7.0,23,18,4,0,0,1,3,13,2,8.7,3.33037,-0.22987,1.15228,-1.15228,93.8,102,66.66666666666666,5.555555555555555,4.3478260869565215,3.19,3.88,0.39,2.32,0.304,1,-1.035,0.345,0.443,1.035,-0.045,-0.04099999999999998,-0.062,-0.04,9.3,-21.3,0.4866812108535524,11.482463151370885,32.57408440282055,0.35714285714285715,40.40407118050922,22.46514926606046
78,621366,"Borucki, Ryan",175,44.6,0.476,0.429,0.471,0.905,0.601,0.414,0.337,10,21,91.2,22.5,1993,87.1,87.39,8,43,35,0.30000000000001137,6.5,107,152,123,147,296,321,292,-5.834,5.834,72.4,7.7,22,19,5,3,0,2,2,9.1,1,4.5,2.74756,0.28282,0.70192,-0.70192,94.1,161,47.368421052631575,10.526315789473683,9.090909090909092,5.65,1.02,-0.26,1.99,0.5,2,7.479487179,0.367,0.599,-7.479487179,0.139,0.133,0.306,0.187,18.6,28.3,16.29923524723028,-13.549149542640636,34.3773622191417,0.4634146341463415,33.95742213458194,38.108903236461366
65,702303,"Martin, Riley",118,55.1,0.118,0,0.167,0.118,0.14,0.2,0.174,2,17,83.8,27.2,2453,91.6,90.34,5,32,33,-1.2999999999999972,5.75,104,154,119,149,303,328,297,2.639,-2.639,70.7,6.9,19,13,2,0,0,0,5,26.3,1,5.3,2.04738,0.71323,0.16923,-0.16923,91.4,141,30.76923076923077,0,0,6.08,2.32,-0.17,2.31,0.167,0,-4.06,0.22,0.226,4.06,-0.056,-0.05299999999999999,-0.108,-0.06,15.6,50.7,2.9286237327589695,7.421428817845397,32.673863310911045,0.5666666666666667,34.316960737689456,23.26356733138312
63,687562,"Bennett, Jake",85,74.1,0.308,0.231,0.3,0.538,0.413,0.544,0.404,4,13,93.3,11.8,2023,88,89.16,9,33,30,1.2000000000000028,7.17,106,154,125,146,279,314,285,-0.391,0.391,68.8,7.3,15,11,3,0,0,1,2,13.3,2,13.3,2.54524,0.44444,0.91444,-0.91444,94.2,148,63.63636363636363,18.181818181818183,13.333333333333334,5.65,2.86,-0.08,2.22,0.4,2,0.620634921,0.483,0.819,-0.620634921,-0.096,-0.08299999999999996,-0.281,-0.131,27.3,32.6,8.909303403928238,-8.545279384337245,35.49309289438326,0.25,35.64954265811982,32.0469024568318
61,663893,"Little, Brendon",97,62.9,0.571,0.429,0.778,1,0.682,0.388,0.328,8,14,93.9,1.8,2047,91.4,90.66,8,28,33,-0.7000000000000028,5.9,105,148,115,146,289,325,286,-4.069,4.069,73.4,7.3,15,10,4,3,0,1,4,26.7,1,6.7,2.92492,-0.17689,0.41885,-0.41885,93.1,124,70,10,6.666666666666667,6.28,2.13,0.04,2.13,0.6,1,6.670491803,0.372,0.529,-6.670491803,0.243,0.22799999999999998,0.471,0.294,28.6,39.0,8.122893822308942,1.2045942811334127,34.0124994597158,0.6428571428571429,34.803997940439935,28.452466604525476
61,669020,"Rolison, Ryan",107,57,0.313,0.313,0.333,0.625,0.421,0.317,0.25,5,16,90,16.4,2380,87.8,88.14,1,27,34,0.29999999999999716,6.56,105,153,117,149,302,323,296,0.119,-0.119,70.5,7.5,17,13,2,2,0,1,3,17.6,1,5.9,2.79,0.22508,-0.218,0.218,91.6,182,38.46153846153847,7.6923076923076925,5.88235294117647,5.93,1.63,-0.07,2.32,0.353,1,-0.195081967,0.295,0.436,0.195081967,0.063,0.057999999999999996,0.189,0.104,3.7,49.6,9.569193691003761,1.2247785388729984,33.734734197545805,0.72,36.61439233586019,30.255824847738346
61,608650,"Enns, Dietrich",133,45.9,0.1,0.1,0.25,0.2,0.262,0.315,0.172,1,10,99.5,-0.5,1600,86.6,86.52,11,24,37,-0.09999999999999432,6.2,102,149,122,144,307,320,289,0.342,-0.342,70.7,7.3,13,4,0,1,0,0,6,46.2,3,23.1,2.52262,0.55262,0.6805,-0.6805,92.9,116,75,25,7.6923076923076925,6.1,1.79,-0.15,2.08,0.308,1,-0.560655738,0.363,0.289,0.560655738,-0.072,-0.05499999999999999,-0.089,-0.053,45.8,49.8,9.091213849646767,0.8215408729172025,31.401289558559654,0.5652173913043478,35.92603591611348,27.628334168075654
56,664192,"Lucchesi, Joey",112,50,0.5,0.5,0.5,1,0.666,0.481,0.267,4,8,92.1,3.4,2130,88.2,87.85,3,18,38,-0.4000000000000057,6.18,106,148,111,143,308,330,293,-3.435,3.435,66.0,6.4,12,7,2,1,0,1,1,8.3,4,33.3,2.30554,0.69018,0.67679,-0.67679,92.1,147,57.14285714285714,28.57142857142857,16.666666666666664,5.98,2.38,0.28,2.29,0.667,2,6.133928571,0.511,0.611,-6.133928571,0.233,0.15600000000000003,0.389,0.185,16.7,46.8,-0.11064172231087982,15.34803915615555,29.118262841328853,0.3333333333333333,41.280418022697226,20.708434292868287
52,669684,"Murphy, Chris",109,47.7,0.429,0.214,0.5,0.643,0.495,0.29,0.228,6,14,82.8,10.1,2263,86.7,86.24,5,23,29,-0.5,6.15,102,151,121,145,304,326,289,-1.97,1.97,70.0,7.4,16,12,4,1,1,0,2,12.5,2,12.5,2.885,0.22961,0.0156,-0.0156,91.5,142,33.33333333333333,8.333333333333332,6.25,5.25,2,0.12,2.19,0.5,1,3.788461538,0.325,0.302,-3.788461538,0.201,0.175,0.341,0.205,21.7,38.5,11.822614897797195,-3.6320137797717496,30.03611567822311,0.45454545454545453,37.05300368764408,33.08426586805447
50,663559,"Falter, Bailey",68,73.5,0.417,0.333,0.5,0.75,0.534,0.297,0.223,5,12,92.7,19.4,1806,89.7,91.33,7,21,29,1.5999999999999943,7.26,106,151,121,146,299,322,290,-2.176,2.176,71.3,7.0,14,9,3,1,0,1,3,21.4,2,14.3,1.7252,1.1234,0.2412,-0.2412,93.4,192,33.33333333333333,0,0,5.81,1.49,-0.23,2.69,0.5,0,4.352,0.334,0.316,-4.352,0.194,0.16599999999999998,0.434,0.237,33.3,55.9,8.468584393613535,3.7945661269658313,29.99319312373744,0.7142857142857143,32.66975248754072,29.07707438411432
45,694363,"Shuster, Jared",85,52.9,0.273,0.091,0.3,0.364,0.28,0.214,0.231,3,11,88.4,3.1,2088,89.1,89.97,1,19,26,0.9000000000000057,6.76,102,148,114,144,311,320,291,-0.459,0.459,71.2,7.3,11,10,2,1,0,0,1,9.1,0,0,2.20267,0.67822,0.69512,-0.69512,91.4,119,40,0,0,5.38,1.6,0.13,2.04,0.273,0,1.02,0.231,0.253,-1.02,0.042,0.04200000000000001,0.111,0.066,5.3,36.5,9.0823773988598,-2.6475282305297574,32.18059257050045,0.631578947368421,37.09066127000971,31.40952232480551
43,674841,"Alvarez, Andrew",62,69.4,0.3,0.2,0.5,0.5,0.346,0.228,0.212,3,10,84.5,1.5,2560,87.4,87.6,5,22,21,0.19999999999998863,6.37,112,151,124,149,311,329,295,0.083,-0.083,69.6,7.1,10,6,1,2,0,0,4,40,0,0,3.1493,-0.13814,-0.595,0.595,91.2,114,33.33333333333333,16.666666666666664,10,6.43,1.35,-0.1,2.14,0.3,1,-0.193023256,0.212,0.318,0.193023256,0.088,0.088,0.182,0.118,22.7,49.6,5.990492009929387,8.057548658640776,32.86403453089219,0.2857142857142857,36.43285926158668,25.408664332384213
42,669211,"Akin, Keegan",70,60,0.455,0.455,0.5,0.909,0.582,0.493,0.435,5,11,91.8,25.8,2209,89.3,87.97,4,21,21,-1.2999999999999972,5.64,110,151,124,143,304,319,287,-1.479,1.479,70.0,7.2,11,9,3,0,1,1,2,18.2,0,0,1.85476,1.03714,0.98286,-0.98286,91.6,180,44.44444444444444,11.11111111111111,9.090909090909092,5.9,2.08,0.03,2.31,0.455,1,3.521428571,0.435,0.718,-3.521428571,0.02,0.020000000000000018,0.191,0.089,19,39.5,6.396526512768239,2.729720551401752,30.066939554818973,0.3333333333333333,37.93388952865173,27.351009229357917
42,675919,"Raquet, Nick",64,65.6,0.286,0.143,0.333,0.429,0.403,0.417,0.343,2,7,88.9,13.2,2268,85.6,85.84,0,14,28,0.20000000000000284,6.56,104,153,121,146,302,322,285,-0.619,0.619,71.4,7.4,9,6,1,1,0,0,1,11.1,1,11.1,3.10762,0.03357,-0.31262,0.31262,90.2,99,33.33333333333333,0,0,5.77,1.39,0.1,2,0.444,0,1.473809524,0.489,0.416,-1.473809524,-0.057,-0.044999999999999984,0.013,-0.014,0,46.0,10.27748099247237,-4.280120927908497,33.82451222315963,0.5,35.74714533676327,32.353171272617274
37,656986,"Sousa, Bennett",73,50.7,0.143,0,0.25,0.143,0.201,0.188,0.124,1,7,81.3,35.8,2211,86.6,86.6,5,17,20,0,6.35,113,154,119,150,293,328,295,0.739,-0.739,70.3,7.9,8,4,1,0,0,0,3,37.5,1,12.5,2.8327,0.23054,-0.20757,0.20757,88.7,168,0,0,0,6.42,0.76,-0.09,1.94,0.25,0,-1.997297297,0.233,0.136,1.997297297,0.019,0.016999999999999987,0.007,0.013,29.4,59.6,13.2843346349973,-9.251280217079604,35.72844376686457,0.5,36.61178367083377,36.42343331144478
37,671109,"Eder, Jake",56,66.1,0.167,0.167,0.143,0.333,0.248,0.426,0.332,1,6,95.7,32.6,2129,91.2,92.18,1,21,16,1,6.65,108,153,123,147,316,326,292,0.545,-0.545,71.4,6.9,8,7,0,1,0,0,0,0,1,12.5,2.17649,0.60714,0.41486,-0.41486,94.1,241,57.14285714285714,28.57142857142857,25,5.85,1.66,0.08,2.45,0.25,2,-1.472972973,0.385,0.688,1.472972973,-0.165,-0.135,-0.355,-0.178,4.8,38.2,4.630826413829903,7.421958261904472,28.723884162070416,0.42857142857142855,37.42625310704599,25.570592877825554
36,689266,"Dodd, Dylan",54,66.7,0.091,0,0.143,0.091,0.082,0.204,0.208,1,11,87.6,15,2076,90.8,90.76,5,18,18,0,6.27,109,152,126,147,304,327,295,2.266,-2.266,69.1,7.3,11,7,1,0,0,0,4,36.4,0,0,1.79472,0.98611,0.65588,-0.65588,90.8,152,28.57142857142857,0,0,5.98,2.29,-0.01,2.51,0.091,0,-6.294444444,0.208,0.267,6.294444444,-0.117,-0.11699999999999999,-0.176,-0.122,27.8,41.4,10.330463613321685,-2.024643810274109,31.440100826461467,0.3888888888888889,35.41472499211015,30.30722950375825
36,702153,"Fitzpatrick, Brian",60,60,0.5,0.125,0.571,0.625,0.54,0.408,0.313,4,8,79.6,10,2046,87,87.1,6,18,18,0.09999999999999432,6.47,106,146,119,141,299,317,291,-1.726,1.726,70.5,7.7,10,7,3,1,0,0,1,10,2,20,2.50333,0.54167,0.94806,-0.94806,89.6,120,14.285714285714285,14.285714285714285,10,5.87,1.09,-0.12,2.09,0.6,1,4.794444444,0.451,0.461,-4.794444444,0.187,0.14899999999999997,0.164,0.132,33.3,31.6,8.514267685869703,-6.9209598737935885,28.303614665063435,0.5555555555555556,38.61947355230194,34.148996323023454
33,685126,"Eisert, Brandon",49,67.3,0.5,0.25,0.667,0.75,0.545,0.329,0.319,4,8,98.5,2.2,1696,85.7,87.24,3,13,20,1.5,7.2,102,145,116,137,304,316,288,-1.149,1.149,74.0,7.7,8,6,2,2,0,0,2,25,0,0,2.38606,0.71909,0.97121,-0.97121,97.4,145,66.66666666666666,0,0,4.88,4.15,0.46,2.19,0.5,0,3.481818182,0.319,0.451,-3.481818182,0.181,0.181,0.299,0.216,23.1,29.3,8.569337023184929,-2.6774054742060023,28.906866674773255,0.5384615384615384,40.86391297239722,33.820475884944905
31,656212,"Barnes, Charlie",62,50,0.429,0.143,0.5,0.571,0.474,0.39,0.357,3,7,97.6,4.2,1999,87.3,86.2,1,10,21,-1.0999999999999943,5.73,107,153,119,149,299,326,284,-1.087,1.087,73.8,7.5,8,6,2,1,0,0,1,12.5,1,12.5,2.55484,0.46516,0.88968,-0.88968,94.5,164,50,0,0,5.57,1.96,0.1,2.2,0.5,0,3.506451613,0.438,0.442,-3.506451613,0.072,0.062,0.129,0.084,10,24.0,6.748292117477075,4.30699009853919,35.476058253584526,0.5,37.78112158286471,25.379357442590493
26,680951,"Nikhazy, Doug",39,66.7,0.2,0,0.2,0.2,0.268,0.302,0.243,1,5,88,-6.2,1934,85.3,85.88,2,8,18,0.6000000000000085,6.98,108,154,130,145,316,325,290,0,0,73.6,7.8,6,5,1,0,0,0,0,0,1,16.7,2.06885,1.11769,0.84077,-0.84077,96.6,110,40,0,0,5.63,2.83,-0.02,1.98,0.333,0,0,0.369,0.262,0,-0.043,-0.035999999999999976,-0.062,-0.034,25,53.2,19.597258506373624,-18.60529843544795,33.37235306662478,0.375,38.30354533392177,42.740713863732445
25,669620,"Basso, Brady",45,55.6,0.5,0.833,0.333,1.333,0.668,0.682,0.541,3,6,94.6,14.1,2239,90.1,90.04,3,14,11,-0.09999999999999432,6.3,108,150,116,145,307,328,301,-2.621,2.621,71.7,6.7,8,7,0,2,0,1,0,0,1,12.5,2.1608,0.6948,0.3408,-0.3408,94.2,218,57.14285714285714,28.57142857142857,25,6.53,1.91,-0.08,2.82,0.5,2,10.484,0.616,0.821,-10.484,-0.041,-0.11599999999999999,0.512,-0.014,21.4,51.6,1.7534397023067205,8.355983615392944,29.576934810423534,0.46153846153846156,33.28303173767758,25.017174397174912
24,696070,"Rojas, Kendry",35,68.6,0.4,0.2,0.4,0.6,0.482,0.462,0.351,2,5,88.2,9.8,1852,92.4,93.15,2,14,10,0.6999999999999886,6.75,97,153,117,145,288,321,278,-0.739,0.739,71.0,7.2,6,5,1,1,0,0,0,0,1,16.7,1.85958,0.82875,0.35417,-0.35417,92.9,172,40,20,16.666666666666664,6.01,1.61,0.43,2.48,0.5,1,3.079166667,0.459,0.631,-3.079166667,0.049,0.04099999999999998,-0.031,0.02,14.3,48.6,5.0352818879057315,8.873413603803051,33.49273865925224,0.35714285714285715,38.38949056640461,22.32007959597595
23,676596,"Fleming, Josh",77,29.9,0.167,0,0.2,0.167,0.15,0.258,0.276,1,6,88.5,0.2,1713,84.1,84.4,4,11,12,0.30000000000001137,6.55,95,148,116,144,296,326,291,0.264,-0.264,65.1,7.1,6,5,1,0,0,0,1,16.7,0,0,3.22304,0.03435,0.85522,-0.85522,92.3,46,40,0,0,5.33,3.16,0.42,2.31,0.167,0,-1.147826087,0.276,0.307,1.147826087,-0.109,-0.10900000000000001,-0.14,-0.108,36.4,29.3,11.521591099505557,-0.29700096992727554,34.894214775372035,0.2727272727272727,41.990608100215184,33.8158754708212
23,664076,"Cleavinger, Garrett",62,37.1,0.286,0,0.4,0.286,0.258,0.277,0.295,2,7,90.8,22.6,2551,87.7,87.64,4,16,7,-0.10000000000000853,6.19,92,150,119,145,303,332,299,0.291,-0.291,70.6,7.4,7,5,2,0,0,0,2,28.6,0,0,2.75174,0.21957,-0.21783,0.21783,92.2,107,60,0,0,5.1,1.15,-0.46,1.81,0.286,0,-1.265217391,0.295,0.337,1.265217391,-0.009,-0.009000000000000008,-0.051,-0.019,25,30.8,11.75674035095155,-9.252689906655142,35.35870750615328,0.25,30.496084568551296,35.15414891897903
21,656457,"Gilbert, Tyler",57,36.8,0.4,0.8,0.25,1.2,0.677,0.67,0.495,2,5,97.6,13.6,2146,88.2,88.25,1,10,11,0.09999999999999432,6.3,101,148,116,141,303,320,296,-1.415,1.415,71.3,7.5,6,5,0,1,0,1,0,0,1,16.7,2.3081,0.6281,0.59857,-0.59857,96.1,218,60,40,33.33333333333333,5.3,3.72,0.01,1.91,0.5,2,6.738095238,0.579,1.082,-6.738095238,-0.095,-0.07899999999999996,0.118,0.007,10,22.6,5.028751767202724,4.376317869636484,31.471451383474296,0.3,37.685465462582705,25.56755112989119
19,805326,"Schweitzer, Tyler",26,73.1,0.2,0.2,0.25,0.4,0.256,0.163,0.151,1,5,92.1,33.5,2273,88.6,88.84,4,10,9,0.20000000000000284,6.54,111,151,117,146,304,327,285,0.277,-0.277,72.3,7.3,5,4,0,1,0,0,1,20,0,0,2.28421,0.64947,0.63235,-0.63235,91.7,173,25,0,0,5.82,2.19,-0.31,2.22,0.2,0,-1.457894737,0.151,0.229,1.457894737,0.049,0.049000000000000016,0.171,0.093,40,44.7,14.500360611114047,-3.8225474577202228,37.79137790164743,0.3,31.525013581593292,31.82633474236546
17,700842,"Rivera, Eduardo",41,41.5,0.25,0,0.333,0.25,0.226,0.256,0.279,1,4,107.9,-7.3,1987,93,93.4,1,5,12,0.4000000000000057,6.66,116,154,118,146,280,310,288,0.339,-0.339,76.9,7.7,4,3,1,0,0,0,1,25,0,0,1.54412,1.11588,0.36882,-0.36882,102.9,81,100,0,0,6.33,1.77,0.42,2.51,0.25,0,-1.994117647,0.279,0.299,1.994117647,-0.029,-0.029000000000000026,-0.049,-0.03,20,50.8,3.8477052948739785,10.24488355193252,35.35213011020606,0.6666666666666666,40.65258006455893,18.52128777382198
16,806188,"Gibson, Cade",50,32,0.6,0,0.6,0.6,0.542,0.479,0.509,3,5,89.1,5.6,2777,83.2,82.17,0,7,9,-1,5.79,93,139,112,135,304,315,291,-0.896,0.896,73.4,7.8,5,5,3,0,0,0,0,0,0,0,3.56875,-0.228,-0.55187,0.55187,92.7,80,40,0,0,5.61,1.52,0.14,2.17,0.6,0,5.6,0.509,0.597,-5.6,0.091,0.09099999999999997,0.003,0.063,0,30.4,10.378996790077268,5.7827622089876565,33.25748643034804,0.5,35.88446542022192,27.890965800447375
15,691951,"Aldegheri, Sam",33,45.5,0,0,0,0,0,0.075,0.08,0,3,79.9,39,2026,83.6,82.91,3,7,8,-0.6999999999999886,5.86,107,152,122,148,309,334,296,0.773,-0.773,76.2,7.9,3,2,0,0,0,0,1,33.3,0,0,2.62933,0.69,0.684,-0.684,88.9,180,0,0,0,5.94,1.61,-0.04,2.35,0,0,-5.153333333,0.08,0.108,5.153333333,-0.08,-0.08,-0.108,-0.075,42.9,39.6,14.824406250483246,-5.919069672959157,30.044244400135316,0.42857142857142855,39.428146224388776,32.02578168153137
13,657649,"Koenig, Jared",52,25,0.25,0.25,0.333,0.5,0.32,0.148,0.106,1,4,91.9,6.3,2220,91.9,91.7,1,5,8,-0.20000000000000284,6.23,112,152,119,150,301,318,293,-0.194,0.194,66.0,7.3,4,3,0,1,0,0,1,25,0,0,1.75077,0.96769,0.93692,-0.93692,91.1,206,33.33333333333333,0,0,6,2.18,-0.15,2.39,0.25,0,1.492307692,0.106,0.244,-1.492307692,0.144,0.14400000000000002,0.256,0.172,20,33.8,5.731642339421118,3.7586859022486703,29.284772116790826,0.6,37.310862639549306,27.71264683649602
13,681432,"Little, Luke",19,68.4,0.333,0,0.5,0.333,0.301,0.212,0.226,1,3,90.3,-5.5,2343,93.4,95.67,3,7,6,2.299999999999997,7.65,112,154,119,149,295,329,278,0.199,-0.199,70.4,7.4,3,2,1,0,0,0,1,33.3,0,0,2.01308,0.62385,0.08154,-0.08154,92.8,87,50,0,0,5.47,3.68,-0.02,2.5,0.333,0,-1.530769231,0.226,0.257,1.530769231,0.107,0.10700000000000001,0.076,0.089,42.9,26.0,5.1116125869948625,4.354867123158986,35.83646559692994,0.42857142857142855,31.296176745431172,29.232167860121926
9,805299,"Garcia, Brandyn",20,45,0,0,0,0,0,0.32,0.27,0,4,94.9,15.5,2238,93.5,92.01,0,4,5,-1.5,5.52,114,150,111,150,292,324,292,1.032,-1.032,71.4,6.8,4,4,0,0,0,0,0,0,0,0,2.40667,0.22556,0.64222,-0.64222,94.9,236,50,0,0,5.56,2.04,0.37,2.77,0,0,-11.466666667,0.27,0.493,11.466666667,-0.27,-0.27,-0.493,-0.32,0,16.5,4.548439226452162,3.240204883801493,32.77131063962421,0.25,33.48074581230932,27.087648788922365
9,691769,"Abner, Philip",34,26.5,0,0,0,0,0,0.052,0.059,0,2,51.4,31,2300,88.2,88.82,1,3,6,0.5999999999999943,6.47,108,150,98,149,301,316,287,0.519,-0.519,71.2,6.6,2,1,0,0,0,0,1,50,0,0,2.14889,0.77222,0.18,-0.18,88.0,152,0,0,0,5.58,1.71,-0.3,2.65,0,0,-5.766666667,0.059,0.059,5.766666667,-0.059,-0.059,-0.059,-0.052,33.3,39.6,-1.1888465085956335,19.976659495684718,28.27018826990612,0,30.904600072105215,18.889033079478608
6,642048,"Saucedo, Tayler",11,54.5,0,0,,0,0,0,,0,1,,,2333,87.8,87.83,0,1,5,0,6.75,115,154,123,149,312,328,298,0.289,-0.289,74.1,8.0,1,0,0,0,0,0,1,100,0,0,2.64167,0.375,0.91333,-0.91333,88.0,1,,,,5.28,2.1,0.55,1.52,0,,-4.816666667,,,4.816666667,,,,0,0,23.3,24.642338299177638,-11.187659400077525,38.282115356894444,0,37.565323563975014,42.47145519192388
