"entity_id","entity_name","entity_code","team_id","total_pitches","total_pitches","total_pitches_empty","median_seconds_empty","total_pitches_onbase","median_seconds_empty","freq_hot","freq_warm","freq_cold"
670764,"Walls, Taylor","Bat",139,98,98,42,14.54,56,14.54,0.24489795918367346,0.7346938775510204,0.02040816326530612
694212,"Basallo, Samuel","Bat",110,101,101,61,14.683,40,14.683,0.36633663366336633,0.6039603960396039,0.0297029702970297
671739,"Harris II, Michael","Bat",144,139,139,84,14.848,55,14.848,0.3381294964028777,0.6474820143884892,0.014388489208633094
672695,"Perdomo, Geraldo","Bat",109,184,184,105,14.856,79,14.856,0.34782608695652173,0.6304347826086957,0.021739130434782608
621438,"Taylor, Tyrone","Bat",121,57,57,40,14.897,17,14.897,0.40350877192982454,0.5614035087719298,0.03508771929824561
677588,"Tena, José","Bat",120,93,93,51,14.897,42,14.897,0.3225806451612903,0.6666666666666666,0.010752688172043012
660688,"Ruiz, Keibert","Bat",120,80,80,38,14.925,42,14.925,0.2625,0.7375,0
643289,"Dubón, Mauricio","Bat",144,159,159,88,14.982,71,14.982,0.3018867924528302,0.6666666666666666,0.031446540880503145
686668,"Doyle, Brenton","Bat",115,112,112,58,15.04,54,15.04,0.26785714285714285,0.7053571428571429,0.026785714285714284
695336,"Saggese, Thomas","Bat",138,82,82,49,15.066,33,15.066,0.3048780487804878,0.6707317073170732,0.024390243902439025
663968,"Mangum, Jake","Bat",134,60,60,43,15.076,17,15.076,0.35,0.6166666666666667,0.03333333333333333
668901,"Vientos, Mark","Bat",121,106,106,66,15.077,40,15.077,0.32075471698113206,0.6226415094339622,0.05660377358490566
662139,"Varsho, Daulton","Bat",141,124,124,82,15.113,42,15.113,0.3387096774193548,0.6532258064516129,0.008064516129032258
668670,"Rogers, Jake","Bat",116,55,55,38,15.129,17,15.129,0.32727272727272727,0.6727272727272727,0
701350,"Anthony, Roman","Bat",111,201,201,133,15.132,68,15.132,0.34328358208955223,0.6368159203980099,0.01990049751243781
663697,"India, Jonathan","Bat",118,111,111,59,15.133,52,15.133,0.2882882882882883,0.7027027027027027,0.009009009009009009
803011,"Antonacci, Sam","Bat",145,68,68,45,15.134,23,15.134,0.3088235294117647,0.6764705882352942,0.014705882352941176
677592,"Pereira, Everson","Bat",145,62,62,33,15.163,29,15.163,0.3387096774193548,0.6612903225806451,0
678554,"Mead, Curtis","Bat",120,99,99,53,15.194,46,15.194,0.2727272727272727,0.7171717171717171,0.010101010101010102
686452,"Millas, Drew","Bat",120,77,77,46,15.195,31,15.195,0.2857142857142857,0.6883116883116883,0.025974025974025976
678391,"Vivas, Jorbit","Bat",120,92,92,66,15.196,26,15.196,0.358695652173913,0.6195652173913043,0.021739130434782608
606466,"Marte, Ketel","Bat",109,163,163,115,15.225,48,15.225,0.3619631901840491,0.6196319018404908,0.018404907975460124
696285,"Young, Jacob","Bat",120,142,142,91,15.229,51,15.229,0.30985915492957744,0.6690140845070423,0.02112676056338028
624424,"Conforto, Michael","Bat",112,55,55,32,15.23,23,15.23,0.2727272727272727,0.7272727272727273,0
663647,"Hayes, Ke'Bryan","Bat",113,124,124,76,15.238,48,15.238,0.2903225806451613,0.6935483870967742,0.016129032258064516
672640,"Lopez, Otto","Bat",146,169,169,91,15.241,78,15.241,0.24260355029585798,0.727810650887574,0.029585798816568046
701675,"Church, Nathan","Bat",138,83,83,50,15.242,33,15.242,0.26506024096385544,0.6867469879518072,0.04819277108433735
687401,"Ortiz, Joey","Bat",158,121,121,64,15.242,57,15.242,0.256198347107438,0.7107438016528925,0.03305785123966942
702222,"Crawford, Justin","Bat",143,120,120,68,15.259,52,15.259,0.275,0.725,0
668885,"Martin, Austin","Bat",142,166,166,121,15.26,45,15.26,0.3493975903614458,0.6385542168674698,0.012048192771084338
686527,"Canzone, Dominic","Bat",136,102,102,61,15.264,41,15.264,0.27450980392156865,0.7156862745098039,0.00980392156862745
656484,"Gray, Tristan","Bat",142,65,65,30,15.279,35,15.279,0.16923076923076924,0.8307692307692308,0
699912,"Fernandez, Jose","Bat",109,131,131,90,15.297,41,15.297,0.3282442748091603,0.648854961832061,0.022900763358778626
694374,"Tawa, Tim","Bat",109,83,83,53,15.32,30,15.32,0.2891566265060241,0.7108433734939759,0
680728,"Del Castillo, Adrian","Bat",109,78,78,41,15.321,37,15.321,0.28205128205128205,0.7051282051282052,0.01282051282051282
663586,"Riley, Austin","Bat",144,219,219,118,15.331,101,15.331,0.2694063926940639,0.7168949771689498,0.0136986301369863
643217,"Benintendi, Andrew","Bat",145,130,130,67,15.334,63,15.334,0.27692307692307694,0.7,0.023076923076923078
680977,"Donovan, Brendan","Bat",136,137,137,91,15.344,46,15.344,0.30656934306569344,0.6788321167883211,0.014598540145985401
663368,"Perkins, Blake","Bat",158,83,83,42,15.352,41,15.352,0.25301204819277107,0.7349397590361446,0.012048192771084338
666139,"Lowe, Josh","Bat",108,119,119,80,15.352,39,15.352,0.29411764705882354,0.6974789915966386,0.008403361344537815
641355,"Bellinger, Cody","Bat",147,181,181,115,15.37,66,15.37,0.32044198895027626,0.6574585635359116,0.022099447513812154
686797,"Lee, Brooks","Bat",142,140,140,95,15.382,45,15.382,0.3357142857142857,0.6571428571428571,0.007142857142857143
663993,"Lowe, Nathaniel","Bat",113,75,75,35,15.392,40,15.392,0.17333333333333334,0.8,0.02666666666666667
665926,"Giménez, Andrés","Bat",141,122,122,66,15.395,56,15.395,0.23770491803278687,0.7295081967213115,0.03278688524590164
665804,"Amaya, Miguel","Bat",112,96,96,43,15.421,53,15.421,0.19791666666666666,0.7916666666666666,0.010416666666666666
672724,"Peraza, Oswald","Bat",108,104,104,72,15.461,32,15.461,0.28846153846153844,0.6826923076923077,0.028846153846153848
682657,"Martínez, Angel","Bat",114,129,129,88,15.461,41,15.461,0.31007751937984496,0.6511627906976745,0.03875968992248062
621493,"Ward, Taylor","Bat",110,296,296,214,15.493,82,15.493,0.2972972972972973,0.6891891891891891,0.013513513513513514
571448,"Arenado, Nolan","Bat",109,167,167,86,15.497,81,15.497,0.25149700598802394,0.7305389221556886,0.017964071856287425
502671,"Goldschmidt, Paul","Bat",147,62,62,44,15.51,18,15.51,0.3225806451612903,0.6612903225806451,0.016129032258064516
805367,"Meidroth, Chase","Bat",145,243,243,168,15.517,75,15.517,0.2962962962962963,0.6790123456790124,0.024691358024691357
650402,"Torres, Gleyber","Bat",116,250,250,164,15.523,86,15.523,0.272,0.696,0.032
683357,"Caissie, Owen","Bat",146,159,159,99,15.524,60,15.524,0.24528301886792453,0.7232704402515723,0.031446540880503145
671277,"García Jr., Luis","Bat",120,119,119,75,15.529,44,15.529,0.25210084033613445,0.7226890756302521,0.025210084033613446
656555,"Hoskins, Rhys","Bat",114,165,165,108,15.529,57,15.529,0.296969696969697,0.6787878787878788,0.024242424242424242
666969,"García, Adolis","Bat",143,172,172,97,15.536,75,15.536,0.23255813953488372,0.75,0.01744186046511628
682668,"Acuña, Luisangel","Bat",145,119,119,56,15.544,63,15.544,0.21008403361344538,0.7647058823529411,0.025210084033613446
664702,"Straw, Myles","Bat",141,72,72,37,15.55,35,15.55,0.25,0.7361111111111112,0.013888888888888888
621439,"Buxton, Byron","Bat",142,154,154,104,15.55,50,15.55,0.24675324675324675,0.7207792207792207,0.032467532467532464
687363,"Scott II, Victor","Bat",138,121,121,76,15.552,45,15.552,0.24793388429752067,0.7272727272727273,0.024793388429752067
641933,"O'Neill, Tyler","Bat",110,55,55,36,15.557,19,15.557,0.3090909090909091,0.6727272727272727,0.01818181818181818
690993,"Keith, Colt","Bat",116,146,146,82,15.56,64,15.56,0.2465753424657534,0.7123287671232876,0.0410958904109589
518692,"Freeman, Freddie","Bat",119,171,171,102,15.56,69,15.56,0.26900584795321636,0.7251461988304093,0.005847953216374269
694377,"Yorke, Nick","Bat",134,127,127,70,15.562,57,15.562,0.2755905511811024,0.7007874015748031,0.023622047244094488
671732,"Butler, Lawrence","Bat",133,164,164,104,15.572,60,15.572,0.2804878048780488,0.6829268292682927,0.036585365853658534
682985,"Greene, Riley","Bat",116,236,236,148,15.575,88,15.575,0.2627118644067797,0.7203389830508474,0.01694915254237288
624413,"Alonso, Pete","Bat",110,217,217,122,15.588,95,15.588,0.2304147465437788,0.7557603686635944,0.013824884792626729
641584,"Fraley, Jake","Bat",139,103,103,55,15.588,48,15.588,0.23300970873786409,0.7281553398058253,0.038834951456310676
545121,"Vargas, Ildemaro","Bat",109,80,80,49,15.589,31,15.589,0.2,0.775,0.025
681351,"O'Hoppe, Logan","Bat",108,159,159,94,15.593,65,15.593,0.2578616352201258,0.7169811320754716,0.025157232704402517
691026,"Winn, Masyn","Bat",138,180,180,82,15.604,98,15.604,0.17777777777777778,0.8,0.022222222222222223
545341,"Grichuk, Randal","Bat",147,57,57,45,15.607,12,15.607,0.3684210526315789,0.631578947368421,0
677800,"Abreu, Wilyer","Bat",111,170,170,90,15.608,80,15.608,0.22941176470588234,0.7352941176470589,0.03529411764705882
663743,"Fortes, Nick","Bat",139,88,88,45,15.618,43,15.618,0.26136363636363635,0.7045454545454546,0.03409090909090909
657041,"Thomas, Lane","Bat",118,110,110,68,15.621,42,15.621,0.23636363636363636,0.7272727272727273,0.03636363636363636
676391,"Clement, Ernie","Bat",141,120,120,75,15.63,45,15.63,0.275,0.7,0.025
677649,"Duran, Ezequiel","Bat",140,86,86,47,15.633,39,15.633,0.2441860465116279,0.7325581395348837,0.023255813953488372
678009,"Meadows, Parker","Bat",116,79,79,47,15.635,32,15.635,0.21518987341772153,0.7721518987341772,0.012658227848101266
671218,"Ramos, Heliot","Bat",137,171,171,95,15.639,76,15.639,0.2222222222222222,0.7426900584795322,0.03508771929824561
676439,"Feduccia, Hunter","Bat",139,59,59,38,15.652,21,15.652,0.3220338983050847,0.6440677966101694,0.03389830508474576
680777,"Jeffers, Ryan","Bat",142,169,169,105,15.652,64,15.652,0.25443786982248523,0.7159763313609467,0.029585798816568046
595879,"Báez, Javier","Bat",116,94,94,68,15.66,26,15.66,0.22340425531914893,0.7446808510638298,0.031914893617021274
642708,"Rosario, Amed","Bat",147,81,81,58,15.67,23,15.67,0.345679012345679,0.654320987654321,0
665862,"Chisholm Jr., Jazz","Bat",147,188,188,109,15.675,79,15.675,0.2765957446808511,0.6808510638297872,0.0425531914893617
543877,"Vázquez, Christian","Bat",117,95,95,51,15.68,44,15.68,0.15789473684210525,0.8105263157894737,0.031578947368421054
683737,"Busch, Michael","Bat",112,168,168,99,15.689,69,15.689,0.2261904761904762,0.7440476190476191,0.02976190476190476
691718,"Crow-Armstrong, Pete","Bat",112,133,133,77,15.691,56,15.691,0.24060150375939848,0.7443609022556391,0.015037593984962405
687859,"Johnston, Troy","Bat",115,126,126,70,15.693,56,15.693,0.24603174603174602,0.7142857142857143,0.03968253968253968
680574,"McLain, Matt","Bat",113,194,194,119,15.697,75,15.697,0.22164948453608246,0.7680412371134021,0.010309278350515464
802139,"Wetherholt, JJ","Bat",138,212,212,151,15.702,61,15.702,0.23113207547169812,0.7641509433962265,0.0047169811320754715
669236,"Jackson, Jeremiah","Bat",110,97,97,63,15.703,34,15.703,0.28865979381443296,0.6907216494845361,0.020618556701030927
660844,"Rivas, Leo","Bat",136,164,164,101,15.709,63,15.709,0.22560975609756098,0.75,0.024390243902439025
695734,"Lile, Daylen","Bat",120,146,146,83,15.712,63,15.712,0.2054794520547945,0.7808219178082192,0.0136986301369863
695578,"Wood, James","Bat",120,293,293,192,15.715,101,15.715,0.2901023890784983,0.6860068259385665,0.023890784982935155
672960,"Okamoto, Kazuma","Bat",141,212,212,126,15.716,86,15.716,0.25,0.7405660377358491,0.009433962264150943
683146,"Baty, Brett","Bat",121,136,136,89,15.718,47,15.718,0.27205882352941174,0.6911764705882353,0.03676470588235294
700932,"Manzardo, Kyle","Bat",114,154,154,98,15.718,56,15.718,0.22077922077922077,0.7597402597402597,0.01948051948051948
641680,"Heim, Jonah","Bat",144,60,60,34,15.721,26,15.721,0.15,0.8333333333333334,0.016666666666666666
666152,"Hamilton, David","Bat",158,141,141,88,15.731,53,15.731,0.24822695035460993,0.7446808510638298,0.0070921985815602835
607208,"Turner, Trea","Bat",143,208,208,162,15.742,46,15.742,0.3125,0.6730769230769231,0.014423076923076924
700337,"Quero, Edgar","Bat",145,118,118,53,15.761,65,15.761,0.288135593220339,0.7033898305084746,0.00847457627118644
606192,"Hernández, Teoscar","Bat",119,171,171,84,15.772,87,15.772,0.15204678362573099,0.8070175438596491,0.04093567251461988
687637,"Beavers, Dylan","Bat",110,138,138,82,15.775,56,15.775,0.2463768115942029,0.7246376811594203,0.028985507246376812
645277,"Albies, Ozzie","Bat",144,161,161,95,15.776,66,15.776,0.2670807453416149,0.7080745341614907,0.024844720496894408
810938,"Williamson, Ben","Bat",139,149,149,92,15.788,57,15.788,0.21476510067114093,0.7718120805369127,0.013422818791946308
676475,"Burleson, Alec","Bat",138,155,155,81,15.791,74,15.791,0.21935483870967742,0.7483870967741936,0.03225806451612903
519317,"Stanton, Giancarlo","Bat",147,192,192,100,15.8,92,15.8,0.25,0.734375,0.015625
672515,"Moreno, Gabriel","Bat",109,85,85,55,15.805,30,15.805,0.23529411764705882,0.7176470588235294,0.047058823529411764
666182,"Bichette, Bo","Bat",121,150,150,104,15.806,46,15.806,0.26666666666666666,0.72,0.013333333333333334
663604,"Lockridge, Brandon","Bat",158,146,146,90,15.807,56,15.807,0.2328767123287671,0.7465753424657534,0.02054794520547945
682626,"Alvarez, Francisco","Bat",121,146,146,83,15.809,63,15.809,0.22602739726027396,0.7671232876712328,0.00684931506849315
683002,"Henderson, Gunnar","Bat",110,234,234,166,15.831,68,15.831,0.28205128205128205,0.688034188034188,0.029914529914529916
664770,"Lukes, Nathan","Bat",141,92,92,63,15.836,29,15.836,0.17391304347826086,0.8152173913043478,0.010869565217391304
592450,"Judge, Aaron","Bat",147,236,236,134,15.84,102,15.84,0.211864406779661,0.7669491525423728,0.0211864406779661
808959,"Murakami, Munetaka","Bat",145,224,224,136,15.843,88,15.843,0.22767857142857142,0.7544642857142857,0.017857142857142856
805300,"Marsee, Jakob","Bat",146,245,245,158,15.849,87,15.849,0.22448979591836735,0.7673469387755102,0.00816326530612245
596019,"Lindor, Francisco","Bat",121,218,218,163,15.85,55,15.85,0.26146788990825687,0.7247706422018348,0.013761467889908258
666023,"Fermin, Freddy","Bat",135,89,89,61,15.851,28,15.851,0.2696629213483146,0.7191011235955056,0.011235955056179775
679529,"Torkelson, Spencer","Bat",116,226,226,128,15.864,98,15.864,0.1902654867256637,0.7964601769911505,0.01327433628318584
663698,"Bart, Joey","Bat",134,65,65,39,15.866,26,15.866,0.18461538461538463,0.8,0.015384615384615385
624428,"Frazier, Adam","Bat",108,81,81,53,15.869,28,15.869,0.2839506172839506,0.691358024691358,0.024691358024691357
681807,"Fry, David","Bat",114,84,84,51,15.873,33,15.873,0.2261904761904762,0.75,0.023809523809523808
686780,"Pagés, Pedro","Bat",138,62,62,34,15.874,28,15.874,0.1935483870967742,0.7580645161290323,0.04838709677419355
656775,"Mullins, Cedric","Bat",139,142,142,83,15.879,59,15.879,0.2112676056338028,0.7676056338028169,0.02112676056338028
672356,"Arias, Gabriel","Bat",114,57,57,31,15.88,26,15.88,0.15789473684210525,0.8245614035087719,0.017543859649122806
624585,"Soler, Jorge","Bat",108,191,191,101,15.883,90,15.883,0.18848167539267016,0.806282722513089,0.005235602094240838
656811,"O'Hearn, Ryan","Bat",134,198,198,107,15.885,91,15.885,0.2222222222222222,0.7272727272727273,0.050505050505050504
553993,"Suárez, Eugenio","Bat",113,177,177,98,15.888,79,15.888,0.23728813559322035,0.7457627118644068,0.01694915254237288
655316,"Monasterio, Andruw","Bat",111,71,71,40,15.889,31,15.889,0.18309859154929578,0.7605633802816901,0.056338028169014086
691781,"House, Brady","Bat",120,169,169,101,15.889,68,15.889,0.21893491124260356,0.7633136094674556,0.01775147928994083
660821,"Sánchez, Jesús","Bat",141,123,123,63,15.889,60,15.889,0.18699186991869918,0.7642276422764228,0.04878048780487805
682998,"Carroll, Corbin","Bat",109,185,185,120,15.889,65,15.889,0.23783783783783785,0.7297297297297297,0.032432432432432434
543309,"Higashioka, Kyle","Bat",140,80,80,42,15.892,38,15.892,0.225,0.7625,0.0125
621566,"Olson, Matt","Bat",144,252,252,142,15.895,110,15.895,0.2261904761904762,0.7420634920634921,0.031746031746031744
691785,"Mayer, Marcelo","Bat",111,117,117,70,15.896,47,15.896,0.2564102564102564,0.7350427350427351,0.008547008547008548
666160,"Moniak, Mickey","Bat",115,106,106,74,15.898,32,15.898,0.2358490566037736,0.7452830188679245,0.018867924528301886
667670,"Rooker, Brent","Bat",133,73,73,36,15.911,37,15.911,0.1643835616438356,0.821917808219178,0.0136986301369863
807712,"Keaschall, Luke","Bat",142,180,180,114,15.916,66,15.916,0.19444444444444445,0.7666666666666667,0.03888888888888889
669701,"Smith, Josh","Bat",140,158,158,99,15.918,59,15.918,0.21518987341772153,0.7721518987341772,0.012658227848101266
663538,"Hoerner, Nico","Bat",112,170,170,109,15.919,61,15.919,0.2647058823529412,0.6882352941176471,0.047058823529411764
663837,"Vierling, Matt","Bat",116,99,99,47,15.922,52,15.922,0.16161616161616163,0.8181818181818182,0.020202020202020204
701398,"Stewart, Sal","Bat",113,178,178,114,15.926,64,15.926,0.29213483146067415,0.6797752808988764,0.028089887640449437
686681,"Massey, Michael","Bat",118,68,68,38,15.93,30,15.93,0.17647058823529413,0.8235294117647058,0
605170,"Caratini, Victor","Bat",142,122,122,72,15.933,50,15.933,0.19672131147540983,0.7950819672131147,0.00819672131147541
661388,"Contreras, William","Bat",158,160,160,90,15.95,70,15.95,0.19375,0.7625,0.04375
680779,"Davis, Henry","Bat",134,84,84,51,15.953,33,15.953,0.27380952380952384,0.7142857142857143,0.011904761904761904
660271,"Ohtani, Shohei","Bat",119,182,182,126,15.959,56,15.959,0.29120879120879123,0.6703296703296703,0.038461538461538464
593871,"Polanco, Jorge","Bat",121,102,102,73,15.965,29,15.965,0.23529411764705882,0.7647058823529411,0
669743,"Call, Alex","Bat",119,65,65,33,15.965,32,15.965,0.26153846153846155,0.7076923076923077,0.03076923076923077
668930,"Turang, Brice","Bat",158,225,225,163,15.971,62,15.971,0.27555555555555555,0.7022222222222222,0.022222222222222223
543760,"Semien, Marcus","Bat",121,157,157,82,15.981,75,15.981,0.21019108280254778,0.7515923566878981,0.03821656050955414
678882,"Rafaela, Ceddanne","Bat",111,136,136,91,15.984,45,15.984,0.22794117647058823,0.75,0.022058823529411766
605137,"Bell, Josh","Bat",142,166,166,100,15.985,66,15.985,0.21084337349397592,0.7590361445783133,0.030120481927710843
663616,"Larnach, Trevor","Bat",142,148,148,93,15.989,55,15.989,0.20945945945945946,0.777027027027027,0.013513513513513514
642086,"Smith, Dominic","Bat",144,77,77,41,15.99,36,15.99,0.19480519480519481,0.7662337662337663,0.03896103896103896
669003,"Mitchell, Garrett","Bat",158,168,168,108,15.992,60,15.992,0.23214285714285715,0.7678571428571429,0
677594,"Rodríguez, Julio","Bat",136,187,187,108,15.996,79,15.996,0.1711229946524064,0.8235294117647058,0.0053475935828877
668904,"Lewis, Royce","Bat",142,97,97,46,16.006,51,16.006,0.2268041237113402,0.7628865979381443,0.010309278350515464
571970,"Muncy, Max","Bat",119,193,193,126,16.01,67,16.01,0.23316062176165803,0.7357512953367875,0.031088082901554404
672761,"Pérez, Wenceel","Bat",116,58,58,33,16.016,25,16.016,0.1896551724137931,0.8103448275862069,0
702332,"Durbin, Caleb","Bat",111,160,160,91,16.023,69,16.023,0.21875,0.76875,0.0125
682928,"Abrams, CJ","Bat",120,171,171,117,16.024,54,16.024,0.25146198830409355,0.7309941520467836,0.017543859649122806
650489,"Castro, Willi","Bat",115,125,125,64,16.025,61,16.025,0.192,0.752,0.056
650859,"Rengifo, Luis","Bat",158,131,131,84,16.028,47,16.028,0.2595419847328244,0.7251908396946565,0.015267175572519083
668227,"Arozarena, Randy","Bat",136,219,219,141,16.031,78,16.031,0.2191780821917808,0.7625570776255708,0.0182648401826484
660670,"Acuña Jr., Ronald","Bat",144,224,224,164,16.033,60,16.033,0.25,0.7053571428571429,0.044642857142857144
678246,"Vargas, Miguel","Bat",145,207,207,143,16.036,64,16.036,0.2560386473429952,0.7198067632850241,0.024154589371980676
691720,"Karros, Kyle","Bat",115,184,184,115,16.04,69,16.04,0.1956521739130435,0.7880434782608695,0.016304347826086956
664983,"McCarthy, Jake","Bat",115,77,77,43,16.041,34,16.041,0.24675324675324675,0.7142857142857143,0.03896103896103896
672820,"Sosa, Lenyn","Bat",141,83,83,65,16.042,18,16.042,0.30120481927710846,0.6385542168674698,0.060240963855421686
596142,"Sánchez, Gary","Bat",158,144,144,93,16.046,51,16.046,0.2222222222222222,0.7013888888888888,0.0763888888888889
694388,"Loperfido, Joey","Bat",117,115,115,76,16.052,39,16.052,0.24347826086956523,0.7217391304347827,0.034782608695652174
686948,"Baldwin, Drake","Bat",144,205,205,123,16.054,82,16.054,0.24390243902439024,0.7414634146341463,0.014634146341463415
664023,"Happ, Ian","Bat",112,207,207,127,16.056,80,16.056,0.23671497584541062,0.748792270531401,0.014492753623188406
608369,"Seager, Corey","Bat",140,168,168,98,16.057,70,16.057,0.19047619047619047,0.7857142857142857,0.023809523809523808
677950,"Thomas, Alek","Bat",109,92,92,57,16.067,35,16.067,0.2391304347826087,0.7065217391304348,0.05434782608695652
608070,"Ramírez, José","Bat",114,237,237,167,16.086,70,16.086,0.27848101265822783,0.7172995780590717,0.004219409282700422
573262,"Yastrzemski, Mike","Bat",144,173,173,98,16.092,75,16.092,0.20809248554913296,0.7745664739884393,0.017341040462427744
670770,"Friedl, TJ","Bat",113,182,182,125,16.094,57,16.094,0.15384615384615385,0.8351648351648352,0.01098901098901099
686469,"Pasquantino, Vinnie","Bat",118,180,180,119,16.103,61,16.103,0.22777777777777777,0.7388888888888889,0.03333333333333333
700250,"Rice, Ben","Bat",147,218,218,129,16.103,89,16.103,0.23394495412844038,0.7201834862385321,0.045871559633027525
680757,"Kwan, Steven","Bat",114,255,255,195,16.109,60,16.109,0.22745098039215686,0.7568627450980392,0.01568627450980392
807799,"Yoshida, Masataka","Bat",111,113,113,61,16.112,52,16.112,0.20353982300884957,0.7876106194690266,0.008849557522123894
804606,"Griffin, Konnor","Bat",134,113,113,58,16.114,55,16.114,0.13274336283185842,0.8407079646017699,0.02654867256637168
656716,"McKinstry, Zach","Bat",116,82,82,54,16.126,28,16.126,0.25609756097560976,0.7439024390243902,0
808975,"Kim, Hyeseong","Bat",119,78,78,36,16.127,42,16.127,0.1794871794871795,0.7948717948717948,0.02564102564102564
665966,"Narváez, Carlos","Bat",111,88,88,67,16.129,21,16.129,0.22727272727272727,0.7727272727272727,0
669257,"Smith, Will","Bat",119,193,193,124,16.132,69,16.132,0.2538860103626943,0.7202072538860104,0.025906735751295335
545361,"Trout, Mike","Bat",108,262,262,164,16.133,98,16.133,0.24045801526717558,0.7290076335877863,0.030534351145038167
808982,"Lee, Jung Hoo","Bat",137,200,200,145,16.133,55,16.133,0.23,0.765,0.005
670242,"Wallner, Matt","Bat",142,152,152,80,16.145,72,16.145,0.19736842105263158,0.7763157894736842,0.02631578947368421
650333,"Arraez, Luis","Bat",137,186,186,147,16.148,39,16.148,0.25268817204301075,0.7311827956989247,0.016129032258064516
602104,"Urías, Ramón","Bat",138,71,71,42,16.155,29,16.155,0.15492957746478872,0.8309859154929577,0.014084507042253521
805808,"McGonigle, Kevin","Bat",116,225,225,138,16.156,87,16.156,0.2088888888888889,0.7555555555555555,0.035555555555555556
596115,"Story, Trevor","Bat",111,150,150,96,16.163,54,16.163,0.20666666666666667,0.7866666666666666,0.006666666666666667
682877,"Brito, Juan","Bat",114,89,89,56,16.169,33,16.169,0.2696629213483146,0.6966292134831461,0.033707865168539325
687093,"Grissom, Vaughn","Bat",108,67,67,45,16.17,22,16.17,0.2537313432835821,0.7164179104477612,0.029850746268656716
677587,"Rocchio, Brayan","Bat",114,178,178,120,16.174,58,16.174,0.25842696629213485,0.7134831460674157,0.028089887640449437
668939,"Rutschman, Adley","Bat",110,90,90,41,16.175,49,16.175,0.15555555555555556,0.8222222222222222,0.022222222222222223
666397,"Julien, Edouard","Bat",115,143,143,104,16.178,39,16.178,0.23776223776223776,0.7482517482517482,0.013986013986013986
660162,"Moncada, Yoán","Bat",108,192,192,121,16.18,71,16.18,0.21354166666666666,0.7708333333333334,0.015625
521692,"Perez, Salvador","Bat",118,133,133,92,16.184,41,16.184,0.24060150375939848,0.7368421052631579,0.022556390977443608
673548,"Suzuki, Seiya","Bat",112,112,112,42,16.186,70,16.186,0.15178571428571427,0.8035714285714286,0.044642857142857144
671289,"Freeman, Tyler","Bat",115,76,76,37,16.197,39,16.197,0.13157894736842105,0.8026315789473685,0.06578947368421052
592885,"Yelich, Christian","Bat",158,108,108,54,16.199,54,16.199,0.17592592592592593,0.8148148148148148,0.009259259259259259
686217,"Frelick, Sal","Bat",158,181,181,131,16.2,50,16.2,0.2154696132596685,0.7734806629834254,0.011049723756906077
686555,"Collins, Isaac","Bat",118,136,136,67,16.205,69,16.205,0.18382352941176472,0.7867647058823529,0.029411764705882353
694208,"Ballesteros, Moisés","Bat",112,83,83,53,16.216,30,16.216,0.21686746987951808,0.7349397590361446,0.04819277108433735
457705,"McCutchen, Andrew","Bat",140,74,74,51,16.223,23,16.223,0.1891891891891892,0.7972972972972973,0.013513513513513514
694384,"Schanuel, Nolan","Bat",108,206,206,114,16.228,92,16.228,0.20388349514563106,0.7524271844660194,0.043689320388349516
666018,"Aranda, Jonathan","Bat",139,214,214,128,16.229,86,16.229,0.1588785046728972,0.8177570093457944,0.02336448598130841
664954,"Sullivan, Brett","Bat",115,54,54,31,16.234,23,16.234,0.18518518518518517,0.7962962962962963,0.018518518518518517
689414,"Hicks, Liam","Bat",146,140,140,76,16.238,64,16.238,0.20714285714285716,0.7857142857142857,0.007142857142857143
695506,"Caglianone, Jac","Bat",118,133,133,94,16.239,39,16.239,0.18045112781954886,0.7894736842105263,0.03007518796992481
666176,"Adell, Jo","Bat",108,161,161,84,16.24,77,16.24,0.16149068322981366,0.8198757763975155,0.018633540372670808
693307,"Dingler, Dillon","Bat",116,145,145,75,16.241,70,16.241,0.1103448275862069,0.8689655172413793,0.020689655172413793
650490,"Díaz, Yandy","Bat",139,190,190,115,16.243,75,16.243,0.22105263157894736,0.7631578947368421,0.015789473684210527
592626,"Pederson, Joc","Bat",140,150,150,105,16.246,45,16.246,0.2,0.7666666666666667,0.03333333333333333
667472,"Myers, Dane","Bat",113,104,104,68,16.248,36,16.248,0.15384615384615385,0.8076923076923077,0.038461538461538464
668715,"Steer, Spencer","Bat",113,152,152,91,16.254,61,16.254,0.21052631578947367,0.7697368421052632,0.019736842105263157
688363,"Pauley, Graham","Bat",146,118,118,58,16.255,60,16.255,0.1440677966101695,0.8389830508474576,0.01694915254237288
672580,"Garcia, Maikel","Bat",118,229,229,154,16.256,75,16.256,0.2314410480349345,0.7336244541484717,0.034934497816593885
681082,"Stott, Bryson","Bat",143,141,141,87,16.261,54,16.261,0.2127659574468085,0.7730496453900709,0.014184397163120567
694497,"Carter, Evan","Bat",140,199,199,130,16.262,69,16.262,0.22613065326633167,0.7437185929648241,0.03015075376884422
669224,"Wells, Austin","Bat",147,125,125,93,16.264,32,16.264,0.224,0.76,0.016
664728,"Isbel, Kyle","Bat",118,108,108,73,16.271,35,16.271,0.21296296296296297,0.7777777777777778,0.009259259259259259
691406,"Caminero, Junior","Bat",139,196,196,131,16.276,65,16.276,0.1989795918367347,0.7908163265306123,0.01020408163265306
677951,"Witt Jr., Bobby","Bat",118,184,184,116,16.279,68,16.279,0.20652173913043478,0.7663043478260869,0.02717391304347826
669127,"Langeliers, Shea","Bat",133,155,155,100,16.28,55,16.28,0.1870967741935484,0.7935483870967742,0.01935483870967742
608324,"Bregman, Alex","Bat",112,253,253,145,16.289,108,16.289,0.22924901185770752,0.7430830039525692,0.02766798418972332
669357,"Gorman, Nolan","Bat",138,165,165,110,16.291,55,16.291,0.2,0.7757575757575758,0.024242424242424242
663757,"Grisham, Trent","Bat",147,179,179,120,16.294,59,16.294,0.17318435754189945,0.7653631284916201,0.061452513966480445
670623,"Paredes, Isaac","Bat",117,149,149,88,16.299,61,16.299,0.18791946308724833,0.7986577181208053,0.013422818791946308
691023,"Walker, Jordan","Bat",138,143,143,97,16.309,46,16.309,0.15384615384615385,0.8041958041958042,0.04195804195804196
802415,"Simpson, Chandler","Bat",139,159,159,115,16.311,44,16.311,0.20754716981132076,0.7735849056603774,0.018867924528301886
669364,"Edwards, Xavier","Bat",146,187,187,100,16.316,87,16.316,0.16042780748663102,0.8021390374331551,0.0374331550802139
500743,"Rojas, Miguel","Bat",119,65,65,46,16.325,19,16.325,0.2153846153846154,0.7846153846153846,0
608348,"Kelly, Carson","Bat",112,132,132,68,16.331,64,16.331,0.15151515151515152,0.8333333333333334,0.015151515151515152
663886,"Stephenson, Tyler","Bat",113,138,138,102,16.338,36,16.338,0.2318840579710145,0.7246376811594203,0.043478260869565216
664040,"Lowe, Brandon","Bat",134,165,165,96,16.356,69,16.356,0.2,0.7696969696969697,0.030303030303030304
695600,"Jensen, Carter","Bat",118,169,169,121,16.357,48,16.357,0.25443786982248523,0.7396449704142012,0.005917159763313609
665833,"Cruz, Oneil","Bat",134,208,208,148,16.36,60,16.36,0.27403846153846156,0.6875,0.038461538461538464
630105,"Cronenworth, Jake","Bat",135,187,187,107,16.362,80,16.362,0.19786096256684493,0.786096256684492,0.016042780748663103
665877,"Fermín, José","Bat",138,76,76,49,16.363,27,16.363,0.21052631578947367,0.7631578947368421,0.02631578947368421
687597,"Beck, Jordan","Bat",115,72,72,36,16.366,36,16.366,0.16666666666666666,0.7777777777777778,0.05555555555555555
676356,"DeLuca, Jonny","Bat",139,81,81,44,16.371,37,16.371,0.14814814814814814,0.8148148148148148,0.037037037037037035
687462,"Horwitz, Spencer","Bat",134,162,162,97,16.371,65,16.371,0.14814814814814814,0.8209876543209876,0.030864197530864196
673357,"Robert Jr., Luis","Bat",121,158,158,86,16.382,72,16.382,0.24050632911392406,0.7278481012658228,0.03164556962025317
681393,"Norby, Connor","Bat",146,155,155,79,16.385,76,16.385,0.16774193548387098,0.7935483870967742,0.03870967741935484
678662,"Tovar, Ezequiel","Bat",115,113,113,78,16.386,35,16.386,0.24778761061946902,0.7256637168141593,0.02654867256637168
609280,"Andujar, Miguel","Bat",135,105,105,74,16.387,31,16.387,0.20952380952380953,0.7714285714285715,0.01904761904761905
702284,"Young, Cole","Bat",136,188,188,112,16.399,76,16.399,0.1702127659574468,0.8191489361702128,0.010638297872340425
665750,"Taveras, Leody","Bat",110,110,110,73,16.401,37,16.401,0.22727272727272727,0.7545454545454545,0.01818181818181818
673962,"Jung, Josh","Bat",140,146,146,84,16.403,62,16.403,0.19863013698630136,0.7945205479452054,0.00684931506849315
682663,"Ramírez, Agustín","Bat",146,157,157,74,16.405,83,16.405,0.2229299363057325,0.7388535031847133,0.03821656050955414
657757,"Sheets, Gavin","Bat",135,151,151,101,16.408,50,16.408,0.19205298013245034,0.7814569536423841,0.026490066225165563
690976,"Freeland, Alex","Bat",119,144,144,93,16.408,51,16.408,0.2013888888888889,0.7777777777777778,0.020833333333333332
666310,"Naylor, Bo","Bat",114,137,137,92,16.427,45,16.427,0.21897810218978103,0.7737226277372263,0.0072992700729927005
641598,"Garver, Mitch","Bat",136,59,59,47,16.434,12,16.434,0.2542372881355932,0.711864406779661,0.03389830508474576
572233,"Walker, Christian","Bat",117,181,181,102,16.44,79,16.44,0.12154696132596685,0.856353591160221,0.022099447513812154
701807,"Benge, Carson","Bat",121,157,157,94,16.447,63,16.447,0.2484076433121019,0.7388535031847133,0.012738853503184714
691777,"Muncy, Max","Bat",133,154,154,90,16.453,64,16.453,0.14285714285714285,0.8441558441558441,0.012987012987012988
665161,"Peña, Jeremy","Bat",117,65,65,47,16.454,18,16.454,0.23076923076923078,0.7538461538461538,0.015384615384615385
672016,"Clarke, Denzel","Bat",133,101,101,56,16.466,45,16.466,0.1782178217821782,0.7821782178217822,0.039603960396039604
682829,"De La Cruz, Elly","Bat",113,219,219,129,16.471,90,16.471,0.2009132420091324,0.7808219178082192,0.0182648401826484
669016,"Marsh, Brandon","Bat",143,130,130,75,16.477,55,16.477,0.13846153846153847,0.8538461538461538,0.007692307692307693
691723,"Mayo, Coby","Bat",110,136,136,88,16.48,48,16.48,0.18382352941176472,0.7573529411764706,0.058823529411764705
669394,"Burger, Jake","Bat",140,138,138,79,16.489,59,16.489,0.1956521739130435,0.7608695652173914,0.043478260869565216
542303,"Ozuna, Marcell","Bat",134,186,186,110,16.501,76,16.501,0.20967741935483872,0.7526881720430108,0.03763440860215054
681715,"Hernández, Heriberto","Bat",146,110,110,72,16.507,38,16.507,0.18181818181818182,0.7909090909090909,0.02727272727272727
641857,"McMahon, Ryan","Bat",147,115,115,83,16.509,32,16.509,0.17391304347826086,0.8,0.02608695652173913
670042,"Raley, Luke","Bat",136,119,119,70,16.509,49,16.509,0.16806722689075632,0.8067226890756303,0.025210084033613446
683083,"Nuñez, Nasim","Bat",120,171,171,115,16.512,56,16.512,0.23391812865497075,0.7426900584795322,0.023391812865497075
687551,"Gilbert, Drew","Bat",137,65,65,42,16.513,23,16.513,0.12307692307692308,0.8153846153846154,0.06153846153846154
641343,"Bauers, Jake","Bat",158,128,128,79,16.524,49,16.524,0.1484375,0.828125,0.0234375
695657,"Montgomery, Colson","Bat",145,161,161,83,16.524,78,16.524,0.16149068322981366,0.8136645962732919,0.024844720496894408
681481,"Carpenter, Kerry","Bat",116,150,150,87,16.545,63,16.545,0.18,0.78,0.04
686894,"Wiemer, Joey","Bat",120,80,80,41,16.558,39,16.558,0.125,0.85,0.025
595978,"Hedges, Austin","Bat",114,59,59,38,16.563,21,16.563,0.1864406779661017,0.7966101694915254,0.01694915254237288
676914,"Schneider, Davis","Bat",141,113,113,76,16.573,37,16.573,0.20353982300884957,0.7610619469026548,0.035398230088495575
666126,"Cortes, Carlos","Bat",133,120,120,83,16.579,37,16.579,0.175,0.8,0.025
608701,"Refsnyder, Rob","Bat",136,63,63,48,16.582,15,16.582,0.12698412698412698,0.8571428571428571,0.015873015873015872
701358,"Smith, Cam","Bat",117,193,193,98,16.582,95,16.582,0.15025906735751296,0.8238341968911918,0.025906735751295335
670541,"Alvarez, Yordan","Bat",117,224,224,128,16.583,96,16.583,0.12053571428571429,0.8705357142857143,0.008928571428571428
807713,"Shaw, Matt","Bat",112,102,102,49,16.586,53,16.586,0.13725490196078433,0.8137254901960784,0.049019607843137254
607043,"Nimmo, Brandon","Bat",140,185,185,118,16.59,67,16.59,0.16756756756756758,0.8216216216216217,0.010810810810810811
668723,"Vilade, Ryan","Bat",139,61,61,40,16.591,21,16.591,0.22950819672131148,0.7540983606557377,0.01639344262295082
701762,"Kurtz, Nick","Bat",133,262,262,167,16.596,95,16.596,0.16412213740458015,0.7938931297709924,0.04198473282442748
547180,"Harper, Bryce","Bat",143,154,154,91,16.601,63,16.601,0.16233766233766234,0.7987012987012987,0.03896103896103896
641487,"Crawford, J.P.","Bat",136,166,166,103,16.603,63,16.603,0.1746987951807229,0.7771084337349398,0.04819277108433735
646240,"Devers, Rafael","Bat",137,175,175,97,16.607,78,16.607,0.2,0.7885714285714286,0.011428571428571429
642715,"Adames, Willy","Bat",137,223,223,176,16.613,47,16.613,0.23318385650224216,0.757847533632287,0.008968609865470852
693304,"Gonzales, Nick","Bat",134,107,107,55,16.624,52,16.624,0.18691588785046728,0.7850467289719626,0.028037383177570093
681297,"Cowser, Colton","Bat",110,119,119,79,16.638,40,16.638,0.15126050420168066,0.8151260504201681,0.03361344537815126
665561,"Marchán, Rafael","Bat",143,61,61,34,16.644,27,16.644,0.16393442622950818,0.8032786885245902,0.03278688524590164
678489,"Barrosa, Jorge","Bat",109,112,112,75,16.648,37,16.648,0.22321428571428573,0.7678571428571429,0.008928571428571428
664056,"Bader, Harrison","Bat",137,79,79,55,16.657,24,16.657,0.21518987341772153,0.7721518987341772,0.012658227848101266
673237,"Diaz, Yainer","Bat",117,102,102,61,16.667,41,16.667,0.14705882352941177,0.8333333333333334,0.0196078431372549
543807,"Springer, George","Bat",141,103,103,67,16.673,36,16.673,0.14563106796116504,0.8058252427184466,0.04854368932038835
656305,"Chapman, Matt","Bat",137,187,187,107,16.673,80,16.673,0.16042780748663102,0.8128342245989305,0.026737967914438502
664761,"Bohm, Alec","Bat",143,188,188,119,16.679,69,16.679,0.2074468085106383,0.7659574468085106,0.026595744680851064
681624,"Pages, Andy","Bat",119,180,180,102,16.682,78,16.682,0.16111111111111112,0.8222222222222222,0.016666666666666666
665489,"Guerrero Jr., Vladimir","Bat",141,151,151,98,16.683,53,16.683,0.16556291390728478,0.7947019867549668,0.039735099337748346
671056,"Herrera, Iván","Bat",138,199,199,122,16.699,77,16.699,0.1457286432160804,0.8090452261306532,0.04522613065326633
691016,"Soderstrom, Tyler","Bat",133,177,177,95,16.699,82,16.699,0.12994350282485875,0.8531073446327684,0.01694915254237288
691594,"Sanoja, Javier","Bat",146,99,99,61,16.714,38,16.714,0.13131313131313133,0.8484848484848485,0.020202020202020204
677942,"Alexander, Blaze","Bat",110,84,84,51,16.715,33,16.715,0.14285714285714285,0.8571428571428571,0
687263,"Neto, Zach","Bat",108,217,217,149,16.722,68,16.722,0.14746543778801843,0.815668202764977,0.03686635944700461
657656,"Laureano, Ramón","Bat",135,159,159,112,16.724,47,16.724,0.22012578616352202,0.7547169811320755,0.025157232704402517
666181,"Benson, Will","Bat",113,75,75,41,16.724,34,16.724,0.2,0.7866666666666666,0.013333333333333334
680700,"Palacios, Richie","Bat",139,84,84,52,16.728,32,16.728,0.14285714285714285,0.8571428571428571,0
666464,"Encarnacion, Jerar","Bat",137,54,54,44,16.743,10,16.743,0.3333333333333333,0.6111111111111112,0.05555555555555555
575929,"Contreras, Willson","Bat",111,188,188,112,16.745,76,16.745,0.14361702127659576,0.824468085106383,0.031914893617021274
665487,"Tatis Jr., Fernando","Bat",135,185,185,113,16.751,72,16.751,0.14594594594594595,0.8324324324324325,0.021621621621621623
543510,"McCann, James","Bat",109,71,71,50,16.752,21,16.752,0.09859154929577464,0.8732394366197183,0.028169014084507043
669134,"Campusano, Luis","Bat",135,55,55,33,16.762,22,16.762,0.21818181818181817,0.7818181818181819,0
805779,"Wilson, Jacob","Bat",133,129,129,78,16.762,51,16.762,0.10852713178294573,0.8837209302325582,0.007751937984496124
668804,"Reynolds, Bryan","Bat",134,209,209,122,16.772,87,16.772,0.1291866028708134,0.84688995215311,0.023923444976076555
514888,"Altuve, Jose","Bat",117,189,189,105,16.795,84,16.795,0.10052910052910052,0.8571428571428571,0.042328042328042326
621043,"Correa, Carlos","Bat",117,199,199,104,16.799,95,16.799,0.11055276381909548,0.864321608040201,0.02512562814070352
621020,"Swanson, Dansby","Bat",112,217,217,108,16.809,109,16.809,0.1152073732718894,0.847926267281106,0.03686635944700461
696100,"Goodman, Hunter","Bat",115,135,135,95,16.81,40,16.81,0.17037037037037037,0.7703703703703704,0.05925925925925926
671976,"Peters, Tristan","Bat",145,85,85,55,16.82,30,16.82,0.17647058823529413,0.8117647058823529,0.011764705882352941
665019,"Clemens, Kody","Bat",142,124,124,81,16.85,43,16.85,0.1532258064516129,0.7903225806451613,0.056451612903225805
665742,"Soto, Juan","Bat",121,72,72,47,16.851,25,16.851,0.1388888888888889,0.8333333333333334,0.027777777777777776
680776,"Duran, Jarren","Bat",111,131,131,97,16.855,34,16.855,0.183206106870229,0.7862595419847328,0.030534351145038167
643376,"Jansen, Danny","Bat",140,122,122,86,16.857,36,16.857,0.13934426229508196,0.860655737704918,0
663656,"Tucker, Kyle","Bat",119,171,171,85,16.864,86,16.864,0.1111111111111111,0.8771929824561403,0.011695906432748537
681198,"Rumfield, TJ","Bat",115,155,155,77,16.869,78,16.869,0.12258064516129032,0.8580645161290322,0.01935483870967742
663728,"Raleigh, Cal","Bat",136,202,202,115,16.871,87,16.871,0.12376237623762376,0.8663366336633663,0.009900990099009901
694671,"Langford, Wyatt","Bat",140,140,140,82,16.913,58,16.913,0.11428571428571428,0.8642857142857143,0.02142857142857143
676609,"Caballero, José","Bat",147,157,157,95,16.916,62,16.916,0.1337579617834395,0.7898089171974523,0.07643312101910828
669477,"Schmitt, Casey","Bat",137,120,120,73,16.92,47,16.92,0.20833333333333334,0.7583333333333333,0.03333333333333333
682177,"Schneemann, Daniel","Bat",114,139,139,87,16.958,52,16.958,0.16546762589928057,0.8201438848920863,0.014388489208633094
592206,"Castellanos, Nick","Bat",135,64,64,42,17.012,22,17.012,0.1875,0.796875,0.015625
643446,"McNeil, Jeff","Bat",133,130,130,73,17.049,57,17.049,0.09230769230769231,0.8769230769230769,0.03076923076923077
593428,"Bogaerts, Xander","Bat",135,187,187,107,17.06,80,17.06,0.10160427807486631,0.8556149732620321,0.0427807486631016
694728,"Matthews, Brice","Bat",117,109,109,70,17.129,39,17.129,0.2018348623853211,0.7614678899082569,0.03669724770642202
701538,"Merrill, Jackson","Bat",135,156,156,100,17.161,56,17.161,0.11538461538461539,0.8653846153846154,0.019230769230769232
647304,"Naylor, Josh","Bat",136,105,105,59,17.217,46,17.217,0.08571428571428572,0.8571428571428571,0.05714285714285714
592518,"Machado, Manny","Bat",135,201,201,116,17.219,85,17.219,0.13930348258706468,0.8258706467661692,0.03482587064676617
592663,"Realmuto, J.T.","Bat",143,102,102,69,17.264,33,17.264,0.13725490196078433,0.8529411764705882,0.00980392156862745
800050,"DeLauter, Chase","Bat",114,209,209,130,17.44,79,17.44,0.14354066985645933,0.8277511961722488,0.028708133971291867
656941,"Schwarber, Kyle","Bat",143,223,223,141,17.442,82,17.442,0.15246636771300448,0.8071748878923767,0.04035874439461883
669720,"Hays, Austin","Bat",145,54,54,36,17.513,18,17.513,0.12962962962962962,0.8148148148148148,0.05555555555555555
672275,"Bailey, Patrick","Bat",137,114,114,82,17.774,32,17.774,0.08771929824561403,0.8947368421052632,0.017543859649122806