"last_name, first_name","player_id","team_name_alt","pitch_type","pitch_name","run_value_per_100","run_value","pitches","pitch_usage","pa","ba","slg","woba","whiff_percent","k_percent","put_away","est_ba","est_slg","est_woba","hard_hit_percent"
"Gausman, Kevin",592332,"TOR","FF","4-Seam Fastball",2.1,7,"332",53.2,"98","0.22","0.363","0.282",20,21.4,21.6,"0.248","0.473","0.332",44.3
"Pérez, Eury",691587,"MIA","FF","4-Seam Fastball",-0.5,-2,"327",52.6,"96","0.268","0.463","0.378",24,25,21.8,"0.241","0.44","0.349",50
"Singer, Brady",663903,"CIN","SI","Sinker",-2.6,-7,"276",49,"95","0.356","0.621","0.447",12.1,11.6,13.8,"0.333","0.568","0.41",48.1
"Nelson, Ryne",669194,"AZ","FF","4-Seam Fastball",-0.9,-3,"340",62,"94","0.247","0.518","0.37",22.3,16,13.8,"0.273","0.583","0.392",50
"Misiorowski, Jacob",694819,"MIL","FF","4-Seam Fastball",0.4,2,"392",61.4,"92","0.221","0.351","0.32",47.1,44.6,34.2,"0.203","0.31","0.299",41.7
"Sánchez, Cristopher",650911,"PHI","SI","Sinker",-1,-3,"298",45.9,"87","0.358","0.543","0.42",13.3,14.9,19.4,"0.288","0.504","0.361",61.8
"Bradley, Taj",671737,"MIN","FF","4-Seam Fastball",0.7,2,"323",45.6,"87","0.267","0.48","0.358",11.8,13.8,15.4,"0.283","0.528","0.387",49.2
"Ray, Robbie",592662,"SF","FF","4-Seam Fastball",1.5,5,"327",48.1,"86","0.195","0.403","0.293",18.2,23.3,17.5,"0.2","0.441","0.307",37.9
"Abbott, Andrew",671096,"CIN","FF","4-Seam Fastball",-0.4,-1,"287",47.4,"86","0.307","0.453","0.404",8.5,9.3,10.4,"0.344","0.508","0.413",49.3
"Ragans, Cole",666142,"KC","FF","4-Seam Fastball",0.7,2,"325",56,"85","0.149","0.373","0.31",30.4,32.9,27.2,"0.185","0.378","0.328",45
"Holmes, Clay",605280,"NYM","SI","Sinker",2.4,7,"313",49.7,"83","0.167","0.306","0.266",11.3,4.8,8.5,"0.28","0.421","0.353",41.2
"Burns, Chase",695505,"CIN","FF","4-Seam Fastball",0.9,3,"346",54.7,"82","0.214","0.357","0.315",22.7,17.1,16.1,"0.241","0.415","0.341",44.6
"Valdez, Framber",664285,"DET","SI","Sinker",0,0,"294",46.4,"82","0.288","0.384","0.343",9.9,9.8,14.3,"0.292","0.488","0.375",60
"Webb, Logan",657277,"SF","SI","Sinker",2.2,5,"255",38.1,"79","0.232","0.333","0.303",13.4,10.1,17.4,"0.277","0.415","0.348",62.3
"Kochanowicz, Jack",686799,"LAA","SI","Sinker",2.1,5,"255",38.6,"76","0.194","0.284","0.277",15.4,7.9,13,"0.26","0.438","0.348",50.8
"Peralta, Freddy",642547,"NYM","FF","4-Seam Fastball",1.2,4,"340",52.2,"73","0.203","0.281","0.284",24.2,20.5,17.6,"0.249","0.388","0.326",49
"Flaherty, Jack",656427,"DET","FF","4-Seam Fastball",-0.4,-1,"268",45.2,"73","0.241","0.328","0.345",16.8,28.8,24.4,"0.219","0.362","0.342",59.5
"Houser, Adrian",605288,"SF","SI","Sinker",-2.2,-4,"206",41.5,"73","0.323","0.565","0.429",6.7,4.1,8.1,"0.334","0.535","0.413",51.7
"Eovaldi, Nathan",543135,"TEX","FS","Split-Finger",3.2,8,"241",38.4,"73","0.164","0.239","0.218",33.3,27.4,25,"0.244","0.364","0.298",59.6
"Sánchez, Cristopher",650911,"PHI","CH","Changeup",1.4,3,"229",35.3,"71","0.19","0.206","0.239",48.4,43.7,31.3,"0.142","0.174","0.193",15.2
"Woo, Bryan",693433,"SEA","FF","4-Seam Fastball",1.3,4,"278",49,"71","0.239","0.403","0.288",24.5,18.3,17.1,"0.246","0.459","0.314",45.5
"Wrobleski, Justin",680736,"LAD","FF","4-Seam Fastball",3.4,9,"262",50.7,"71","0.194","0.209","0.209",11.2,12.7,12.2,"0.253","0.392","0.3",39.7
"Cease, Dylan",656302,"TOR","FF","4-Seam Fastball",-0.6,-2,"260",36.7,"70","0.304","0.411","0.374",31.2,34.3,25.5,"0.232","0.32","0.332",53.1
"Burns, Chase",695505,"CIN","SL","Slider",2.8,7,"240",38,"70","0.145","0.261","0.191",49.6,44.3,37.8,"0.154","0.281","0.193",36.8
"Bubic, Kris",663460,"KC","FF","4-Seam Fastball",-1.3,-3,"265",42,"70","0.259","0.466","0.374",27.6,24.3,20.5,"0.252","0.498","0.382",41.5
"Sale, Chris",519242,"ATL","SL","Slider",1.5,4,"261",40.5,"70","0.161","0.21","0.224",34.7,42.9,27.8,"0.161","0.235","0.23",15.6
"Woods Richardson, Simeon",680573,"MIN","FF","4-Seam Fastball",0.3,1,"240",40.5,"69","0.313","0.469","0.359",15.7,10.1,14.9,"0.231","0.393","0.292",41.4
"Schlittler, Cam",693645,"NYY","FF","4-Seam Fastball",2.1,6,"303",43.8,"69","0.2","0.262","0.23",37.6,36.2,24.3,"0.211","0.328","0.259",57.5
"Castillo, Luis",622491,"SEA","FF","4-Seam Fastball",-0.6,-2,"294",44.5,"69","0.293","0.517","0.386",25.8,24.6,15.9,"0.282","0.508","0.379",51.2
"Dollander, Chase",801403,"COL","FF","4-Seam Fastball",2.5,6,"231",36.9,"69","0.169","0.254","0.251",30.9,33.3,23.7,"0.139","0.311","0.256",51.4
"Ryan, Joe",657746,"MIN","FF","4-Seam Fastball",-0.3,-1,"276",43.3,"68","0.29","0.5","0.382",24.8,19.1,13.8,"0.252","0.403","0.317",42.9
"Lauer, Eric",641778,"TOR","FF","4-Seam Fastball",-0.9,-2,"236",45.2,"68","0.237","0.593","0.38",20,25,22.4,"0.237","0.51","0.357",44.2
"Gore, MacKenzie",669022,"TEX","FF","4-Seam Fastball",0.5,1,"285",44.3,"68","0.25","0.393","0.341",24.7,29.4,23.5,"0.236","0.378","0.331",40.5
"Elder, Bryce",693821,"ATL","SL","Slider",1.9,4,"195",32.1,"67","0.183","0.283","0.253",32.1,29.9,31.7,"0.177","0.279","0.247",37.5
"Springs, Jeffrey",605488,"ATH","FF","4-Seam Fastball",0.5,1,"264",43.1,"67","0.207","0.345","0.288",17.7,20.9,15.6,"0.199","0.333","0.286",33.3
"Sasaki, Roki",808963,"LAD","FF","4-Seam Fastball",-3.5,-8,"229",42.2,"66","0.382","0.727","0.508",17.8,7.6,10.6,"0.35","0.658","0.472",58
"Cabrera, Edward",665795,"CHC","CH","Changeup",1.7,4,"214",33.6,"66","0.222","0.238","0.242",32.8,27.3,24.7,"0.239","0.328","0.265",37.8
"Bello, Brayan",678394,"BOS","SI","Sinker",-2.5,-5,"221",43.8,"66","0.423","0.558","0.476",15.6,6.1,10.3,"0.354","0.563","0.448",46.9
"Cantillo, Joey",676282,"CLE","FF","4-Seam Fastball",-1.3,-4,"265",44.9,"66","0.268","0.518","0.388",13.3,13.6,16.7,"0.251","0.526","0.384",51.1
"Harrison, Kyle",690986,"MIL","FF","4-Seam Fastball",1,3,"303",58.4,"65","0.25","0.357","0.324",29.8,33.8,20.6,"0.235","0.371","0.321",35.3
"Burke, Sean",680732,"CWS","FF","4-Seam Fastball",1.9,4,"231",37,"65","0.203","0.322","0.263",21.3,29.2,18.4,"0.221","0.377","0.289",36.6
"Matz, Steven",571927,"TB","SI","Sinker",-1.4,-4,"291",48.4,"65","0.291","0.582","0.418",20.8,13.8,11.7,"0.297","0.526","0.404",43.5
"Imanaga, Shota",684007,"CHC","FS","Split-Finger",2.7,6,"223",34.6,"65","0.129","0.242","0.195",43.9,33.8,26.2,"0.166","0.24","0.199",25
"Chandler, Bubba",696149,"PIT","FF","4-Seam Fastball",-1.5,-4,"281",55.4,"65","0.204","0.429","0.386",21.5,16.9,12.9,"0.246","0.485","0.406",47.4
"Mahle, Tyler",641816,"SF","FF","4-Seam Fastball",-0.7,-2,"298",48.1,"64","0.264","0.547","0.402",22.1,29.7,27.1,"0.251","0.478","0.376",44.1
"Mattson, Isaac",676755,"PIT","FF","4-Seam Fastball",2.1,5,"241",82.3,"64","0.185","0.185","0.239",17.8,15.6,12.5,"0.286","0.466","0.369",46.7
"Holmes, Grant",656550,"ATL","FF","4-Seam Fastball",1.7,4,"215",37.3,"64","0.218","0.382","0.308",15.7,9.4,16.2,"0.276","0.494","0.374",50
"Baz, Shane",669358,"BAL","CU","Curveball",-1.7,-4,"220",33,"64","0.339","0.525","0.375",28.4,25,18.8,"0.277","0.433","0.322",46.7
"Kirby, George",669923,"SEA","FF","4-Seam Fastball",2,4,"221",34.4,"63","0.186","0.305","0.242",22.4,17.5,16.4,"0.231","0.369","0.286",45.8
"López, Reynaldo",625643,"ATL","FF","4-Seam Fastball",2,4,"222",53,"63","0.196","0.393","0.313",12.1,20.6,23.6,"0.24","0.432","0.332",37.2
"Sale, Chris",519242,"ATL","FF","4-Seam Fastball",0.8,2,"255",39.6,"63","0.196","0.411","0.305",21.3,28.6,21.7,"0.233","0.439","0.331",47.4
"Rea, Colin",607067,"CHC","FF","4-Seam Fastball",0.6,1,"222",40.3,"63","0.316","0.421","0.341",14.8,14.3,12.7,"0.289","0.47","0.343",50
"McLean, Nolan",690997,"NYM","SI","Sinker",3.1,7,"234",36.6,"63","0.186","0.254","0.224",19.6,28.6,36,"0.199","0.282","0.238",34.1
"Vásquez, Randy",681190,"SD","FF","4-Seam Fastball",1.4,3,"195",31,"61","0.17","0.264","0.25",21.2,24.6,18.5,"0.221","0.367","0.306",42.5
"Liberatore, Matthew",669461,"STL","FF","4-Seam Fastball",-0.5,-1,"207",34.9,"61","0.296","0.5","0.37",8.7,9.8,12.2,"0.34","0.604","0.425",55.1
"Cecconi, Slade",677944,"CLE","FF","4-Seam Fastball",0.2,0,"211",35,"60","0.273","0.527","0.357",21.7,21.7,22.4,"0.315","0.654","0.421",51.2
"deGrom, Jacob",594798,"TEX","FF","4-Seam Fastball",1.6,4,"248",47.7,"60","0.232","0.393","0.296",25.2,23.3,23.7,"0.267","0.536","0.361",52.4
"Roupp, Landen",694738,"SF","SI","Sinker",2.6,7,"255",38.6,"60","0.163","0.204","0.257",11.9,16.7,27,"0.224","0.273","0.299",27.5
"Skubal, Tarik",669373,"DET","FF","4-Seam Fastball",0.7,2,"244",39,"60","0.281","0.456","0.323",21.1,23.3,20.6,"0.298","0.452","0.331",36.4
"Detmers, Reid",672282,"LAA","SL","Slider",1.3,3,"223",33.4,"60","0.22","0.237","0.228",33.9,35,22.3,"0.184","0.224","0.186",23.7
"Rocker, Kumar",677958,"TEX","SI","Sinker",-2.2,-4,"185",38.9,"59","0.353","0.49","0.442",14.3,5.1,13.6,"0.307","0.49","0.39",52.1
"Imanaga, Shota",684007,"CHC","FF","4-Seam Fastball",0.7,2,"271",42,"59","0.218","0.418","0.297",16.1,22,16.9,"0.278","0.519","0.361",61.9
"Suarez, Ranger",624133,"BOS","SI","Sinker",2.4,4,"162",28.2,"59","0.212","0.231","0.257",11.6,16.9,27,"0.29","0.365","0.333",35.7
"Gausman, Kevin",592332,"TOR","FS","Split-Finger",1.1,3,"255",40.9,"59","0.158","0.263","0.204",40.5,32.2,19.4,"0.214","0.278","0.221",30.8
"Fedde, Erick",607200,"CWS","ST","Sweeper",3.2,6,"199",38.3,"59","0.115","0.192","0.175",23.4,22,17.6,"0.157","0.282","0.231",31.7
"Warren, Will",701542,"NYY","FF","4-Seam Fastball",0.6,1,"252",40.9,"59","0.222","0.426","0.31",22.7,33.9,23.3,"0.21","0.412","0.3",52.9
"Alcantara, Sandy",645261,"MIA","SI","Sinker",1.8,3,"149",22.2,"59","0.275","0.314","0.32",10.5,6.8,13.8,"0.284","0.376","0.342",38.3
"Wacha, Michael",608379,"KC","FF","4-Seam Fastball",1.5,3,"184",28.7,"59","0.17","0.264","0.239",20.5,16.9,18.5,"0.262","0.502","0.361",34.9
"Ober, Bailey",641927,"MIN","CH","Changeup",-0.2,-1,"211",34.9,"58","0.173","0.327","0.278",23.3,13.8,10.8,"0.238","0.376","0.309",22.7
"Peterson, David",656849,"NYM","SI","Sinker",-1.7,-3,"177",31.7,"58","0.381","0.524","0.454",9,3.4,18.2,"0.424","0.624","0.524",64.3
"Márquez, Germán",608566,"SD","FF","4-Seam Fastball",-1.5,-3,"189",37.7,"57","0.283","0.5","0.404",14.8,12.3,12.5,"0.296","0.565","0.429",51.3
"Cease, Dylan",656302,"TOR","SL","Slider",3.3,7,"208",29.4,"57","0.096","0.096","0.16",47.4,40.4,24.7,"0.173","0.197","0.204",20
"Martinez, Nick",607259,"TB","SI","Sinker",3.4,6,"189",32.1,"57","0.208","0.226","0.217",4.6,21.1,24,"0.255","0.37","0.288",38.1
"Bassitt, Chris",605135,"BAL","SI","Sinker",-1.8,-4,"200",37.5,"57","0.388","0.551","0.437",14,10.5,13.6,"0.304","0.451","0.372",45.5
"Detmers, Reid",672282,"LAA","FF","4-Seam Fastball",-1,-3,"264",39.6,"56","0.3","0.52","0.386",18.9,16.1,11.1,"0.275","0.416","0.339",58.5
"Soriano, José",667755,"LAA","SI","Sinker",2.1,5,"216",28.7,"56","0.184","0.245","0.273",26.9,10.7,18.2,"0.276","0.471","0.367",41.9
"Bradish, Kyle",680694,"BAL","SI","Sinker",-1.1,-2,"192",30.1,"56","0.283","0.457","0.373",11.4,23.2,19.7,"0.244","0.493","0.37",41.2
"Keller, Mitch",656605,"PIT","FF","4-Seam Fastball",4.3,9,"215",34.9,"56","0.137","0.157","0.181",20.5,12.5,13.2,"0.279","0.412","0.332",43.2
"Paddack, Chris",663978,"MIA","CH","Changeup",-0.2,0,"155",26.5,"56","0.245","0.358","0.317",27.1,25,21.5,"0.247","0.381","0.292",48.7
"Woodruff, Brandon",605540,"MIL","FF","4-Seam Fastball",1.5,3,"176",42.4,"55","0.146","0.313","0.26",24.5,30.9,23.9,"0.173","0.345","0.267",28.1
"Hancock, Emerson",676106,"SEA","SI","Sinker",2.5,4,"160",24.7,"55","0.28","0.38","0.331",10.5,9.1,15.6,"0.321","0.475","0.376",46.7
"Webb, Logan",657277,"SF","CH","Changeup",0.1,0,"158",23.6,"55","0.25","0.308","0.275",30.2,30.9,22.4,"0.255","0.347","0.284",34.3
"Matz, Steven",571927,"TB","CH","Changeup",1.7,3,"182",30.3,"55","0.137","0.235","0.185",28.9,25.5,17.1,"0.217","0.334","0.257",23.7
"Ohtani, Shohei",660271,"LAD","FF","4-Seam Fastball",3.6,8,"212",44.8,"55","0.137","0.176","0.195",26.9,27.3,25.9,"0.194","0.29","0.244",47.2
"Luzardo, Jesús",666200,"PHI","ST","Sweeper",1.1,3,"244",36.3,"55","0.192","0.25","0.222",49.5,50.9,33.7,"0.178","0.245","0.212",16.7
"Sheehan, Emmet",686218,"LAD","SL","Slider",2.4,4,"176",33,"55","0.176","0.333","0.238",44.2,38.2,34.4,"0.201","0.346","0.256",35.5
"Boyd, Matthew",571510,"CHC","FF","4-Seam Fastball",-0.9,-2,"219",50.9,"54","0.347","0.49","0.411",24,25.9,18.9,"0.293","0.52","0.376",71.4
"Harris, Hogan",663687,"ATH","FF","4-Seam Fastball",0.5,1,"205",56.3,"54","0.22","0.341","0.339",21,18.5,18.2,"0.193","0.267","0.31",21.9
"Rodriguez, Eduardo",593958,"AZ","CH","Changeup",1.8,3,"175",31.7,"54","0.216","0.255","0.235",17.7,9.3,11.1,"0.265","0.365","0.296",28.3
"Mahle, Tyler",641816,"SF","FS","Split-Finger",-0.6,-1,"158",25.5,"54","0.275","0.373","0.293",23.2,22.2,17.1,"0.247","0.374","0.278",30
"Leiter, Jack",683004,"TEX","FF","4-Seam Fastball",1.5,4,"268",41.1,"54","0.184","0.306","0.255",27.3,25.9,17.7,"0.214","0.39","0.298",42.9
"Svanson, Matt",694335,"STL","SI","Sinker",-2.3,-4,"171",51.4,"53","0.364","0.568","0.452",14.7,15.1,21.6,"0.346","0.507","0.424",58.3
"Nola, Aaron",605400,"PHI","CU","Curveball",2.7,5,"196",30.6,"53","0.173","0.269","0.217",39.8,37.7,28.2,"0.169","0.224","0.18",21.9
"Lowder, Rhett",695076,"CIN","SI","Sinker",2.3,4,"181",30.6,"53","0.234","0.298","0.309",7.9,13.2,22.6,"0.338","0.53","0.41",50
"Rogers, Trevor",669432,"BAL","FF","4-Seam Fastball",-0.3,-1,"228",42.5,"53","0.298","0.447","0.381",21.6,15.1,11.3,"0.25","0.46","0.346",35.9
"Gallen, Zac",668678,"AZ","FF","4-Seam Fastball",1.2,3,"214",37.2,"53","0.292","0.333","0.304",5.3,11.3,13.3,"0.332","0.485","0.372",51.2
"Cavalli, Cade",676917,"WSH","FF","4-Seam Fastball",-2.5,-5,"201",35,"53","0.4","0.578","0.452",19.8,20.8,18.6,"0.28","0.437","0.356",34.3
"Weiss, Ryan",680802,"HOU","FF","4-Seam Fastball",-5,-10,"196",37,"52","0.409","0.886","0.56",15.6,17.3,16.1,"0.343","0.707","0.483",54.3
"Holmes, Grant",656550,"ATL","SL","Slider",0.2,0,"216",37.5,"52","0.196","0.37","0.292",49.5,38.5,25.6,"0.189","0.358","0.286",34.6
"Painter, Andrew",691725,"PHI","FF","4-Seam Fastball",-0.5,-1,"204",38.3,"52","0.36","0.48","0.38",7,5.8,5.8,"0.312","0.481","0.355",31.9
"Mlodzinski, Carmen",669387,"PIT","FS","Split-Finger",1.9,3,"171",28.2,"52","0.184","0.265","0.223",33.7,30.8,23.5,"0.224","0.313","0.259",36.4
"King, Michael",650633,"SD","CH","Changeup",1.4,2,"176",27.2,"52","0.213","0.277","0.247",28,15.4,17,"0.246","0.341","0.288",32.5
"Hancock, Emerson",676106,"SEA","FF","4-Seam Fastball",1.4,3,"234",36.2,"52","0.196","0.529","0.306",29.9,42.3,23.9,"0.222","0.568","0.334",58.6
"Junk, Janson",676083,"MIA","FF","4-Seam Fastball",0,0,"180",30.9,"51","0.25","0.364","0.343",15.9,21.6,16.7,"0.232","0.356","0.313",39.4
"Glasnow, Tyler",607192,"LAD","CU","Curveball",0.7,1,"174",30,"51","0.083","0.188","0.147",50,56.9,32.6,"0.081","0.133","0.127",42.1
"Roupp, Landen",694738,"SF","CU","Curveball",1.6,3,"190",28.8,"51","0.191","0.255","0.235",33.3,39.2,30.8,"0.178","0.223","0.215",14.8
"Rodriguez, Eduardo",593958,"AZ","FF","4-Seam Fastball",0.9,2,"206",37.3,"50","0.167","0.357","0.314",21.8,26,20,"0.229","0.397","0.335",44.8
"Ginn, J.T.",669372,"ATH","SI","Sinker",2.4,4,"167",35.1,"50","0.19","0.286","0.271",22.5,22,28.2,"0.22","0.357","0.307",40.6
"Luzardo, Jesús",666200,"PHI","FF","4-Seam Fastball",-1.6,-3,"177",26.3,"50","0.304","0.522","0.381",19.8,24,18.5,"0.236","0.389","0.301",29.4
"Baz, Shane",669358,"BAL","FF","4-Seam Fastball",-2.4,-5,"219",32.9,"50","0.341","0.659","0.443",22.2,18,18,"0.292","0.493","0.382",35.3
"Fried, Max",608331,"NYY","SI","Sinker",2.9,5,"172",22.6,"50","0.196","0.239","0.236",17.7,12,20,"0.202","0.259","0.24",36.6
"Irvin, Jake",663623,"WSH","FF","4-Seam Fastball",0.9,2,"178",28.8,"50","0.154","0.179","0.301",25,30,20,"0.179","0.311","0.332",54.2
"Bradish, Kyle",680694,"BAL","SL","Slider",-1.4,-3,"208",32.6,"50","0.25","0.477","0.354",30.5,30,23.1,"0.211","0.34","0.291",34.5
"Alcantara, Sandy",645261,"MIA","FF","4-Seam Fastball",0.3,0,"150",22.4,"49","0.267","0.378","0.333",17.7,14.3,20.6,"0.239","0.382","0.302",39.5
"Soriano, José",667755,"LAA","FF","4-Seam Fastball",-1.1,-2,"187",24.9,"49","0.268","0.512","0.391",20.3,24.5,21.8,"0.266","0.573","0.41",51.7
"Wrobleski, Justin",680736,"LAD","SL","Slider",1.9,3,"178",34.4,"49","0.111","0.156","0.196",18.1,12.2,10,"0.244","0.39","0.321",46.2
"Mlodzinski, Carmen",669387,"PIT","FF","4-Seam Fastball",-1.9,-3,"164",27.1,"49","0.35","0.525","0.441",16.9,26.5,30.2,"0.259","0.477","0.376",71.4
"Rasmussen, Drew",656876,"TB","FC","Cutter",2.8,5,"174",35.4,"49","0.111","0.2","0.201",22.9,22.4,18.3,"0.181","0.257","0.217",20
"Bibee, Tanner",676440,"CLE","FC","Cutter",-1.4,-3,"201",29,"49","0.295","0.568","0.413",37.5,22.4,15.7,"0.296","0.517","0.397",54.5
"Yamamoto, Yoshinobu",808967,"LAD","FS","Split-Finger",1.5,3,"199",29.9,"49","0.167","0.25","0.191",39.6,34.7,22.7,"0.198","0.254","0.207",38.7
"Soroka, Michael",647336,"AZ","FF","4-Seam Fastball",-1,-2,"204",37.3,"49","0.326","0.465","0.387",15.6,28.6,20.9,"0.271","0.459","0.359",51.7
"Messick, Parker",800048,"CLE","CH","Changeup",1.5,2,"141",22.7,"48","0.196","0.261","0.22",47.1,52.1,34.2,"0.199","0.249","0.215",19
"Early, Connelly",813349,"BOS","FF","4-Seam Fastball",0.1,0,"209",33.9,"48","0.233","0.465","0.335",22.2,18.8,15.8,"0.253","0.601","0.394",52.9
"Ashcraft, Braxton",677952,"PIT","CU","Curveball",2.6,5,"172",28.5,"48","0.104","0.25","0.166",46.2,52.1,36.8,"0.15","0.276","0.181",34.8
"Kay, Anthony",641743,"CWS","FF","4-Seam Fastball",-2.5,-5,"183",30.1,"48","0.39","0.707","0.484",12.5,12.5,9.8,"0.39","0.661","0.49",50
"Skubal, Tarik",669373,"DET","CH","Changeup",2.6,4,"161",25.7,"48","0.149","0.234","0.194",49.5,39.6,26.8,"0.188","0.234","0.194",25
"Patrick, Chad",694477,"MIL","FC","Cutter",2.1,4,"211",39.6,"48","0.178","0.2","0.201",30.5,18.8,23.1,"0.235","0.304","0.262",36.1
"Mayza, Tim",641835,"PHI","SI","Sinker",1.5,3,"191",65,"48","0.19","0.286","0.286",22.6,20.8,23.8,"0.2","0.297","0.274",43.8
"Manaea, Sean",640455,"NYM","FF","4-Seam Fastball",-0.6,-1,"176",41.9,"48","0.279","0.512","0.373",18.2,27.1,18.8,"0.295","0.537","0.389",50
"Ferrer, Jose A.",678606,"SEA","SI","Sinker",1.1,2,"166",61.7,"48","0.341","0.386","0.347",18,12.5,20,"0.22","0.258","0.239",30.8
"Hicks, Jordan",663855,"CWS","SI","Sinker",-1.3,-2,"158",67.8,"48","0.316","0.421","0.413",5.7,10.4,14.3,"0.259","0.299","0.325",32.4
"Stanek, Ryne",592773,"STL","FF","4-Seam Fastball",-1,-2,"177",51.2,"48","0.342","0.447","0.42",27.2,22.9,18,"0.251","0.39","0.362",51.9
"Phillips, Connor",683175,"CIN","ST","Sweeper",0.9,2,"177",51.8,"47","0.108","0.216","0.256",36.6,25.5,20.3,"0.183","0.317","0.316",36
"Valdez, Framber",664285,"DET","CU","Curveball",0.7,1,"195",30.8,"47","0.146","0.244","0.259",35.2,31.9,16.1,"0.184","0.235","0.248",23.1
"Williams, Gavin",668909,"CLE","FF","4-Seam Fastball",-0.1,0,"183",28.5,"47","0.139","0.333","0.314",28.9,25.5,21.8,"0.216","0.475","0.386",50
"Alcantara, Sandy",645261,"MIA","CH","Changeup",1.2,2,"157",23.4,"47","0.178","0.289","0.24",37.3,23.4,22.4,"0.225","0.287","0.243",32.4
"Woo, Bryan",693433,"SEA","SI","Sinker",-2.5,-3,"120",21.2,"46","0.317","0.561","0.414",7.1,10.9,17.9,"0.316","0.552","0.398",56.8
"Rogers, Tyler",643511,"TOR","SI","Sinker",5.5,8,"151",76.3,"46","0.114","0.114","0.139",11.9,15.2,18.9,"0.175","0.194","0.175",15.8
"Griffin, Foster",656492,"WSH","FC","Cutter",1.3,2,"192",30.1,"46","0.279","0.488","0.343",19.4,15.2,22.6,"0.276","0.523","0.354",45.9
"Weathers, Ryan",677960,"NYY","FF","4-Seam Fastball",-0.8,-2,"197",31.3,"46","0.262","0.595","0.387",21.9,23.9,18.3,"0.301","0.737","0.454",61.3
"Elder, Bryce",693821,"ATL","SI","Sinker",1.5,2,"138",22.7,"46","0.238","0.333","0.308",17.5,26.1,37.5,"0.271","0.399","0.323",50
"O'Brien, Riley",676617,"STL","SI","Sinker",3,4,"149",58,"46","0.289","0.289","0.27",23.4,19.6,23.1,"0.237","0.291","0.24",33.3
"Hurter, Brant",676428,"DET","SI","Sinker",3.1,5,"146",61.3,"46","0.122","0.195","0.207",9,6.5,10.7,"0.261","0.381","0.323",38.5
"Sasaki, Roki",808963,"LAD","FS","Split-Finger",-0.2,-1,"204",37.6,"46","0.182","0.364","0.25",36.6,32.6,18.1,"0.202","0.368","0.262",27.6
"Schlittler, Cam",693645,"NYY","SI","Sinker",1.1,1,"141",20.4,"46","0.205","0.318","0.265",17.3,26.1,22.2,"0.236","0.399","0.289",37.5
"Woods Richardson, Simeon",680573,"MIN","FS","Split-Finger",-5.9,-10,"172",29.1,"46","0.35","0.625","0.491",18.7,13,8.7,"0.298","0.534","0.399",38.2
"Soroka, Michael",647336,"AZ","SV","Slurve",0,0,"168",30.7,"46","0.262","0.333","0.299",28.7,34.8,21.1,"0.283","0.383","0.324",46.2
"Ashcraft, Braxton",677952,"PIT","FF","4-Seam Fastball",1.1,2,"194",32.1,"46","0.205","0.41","0.301",18.8,17.4,19.5,"0.172","0.357","0.286",33.3
"Peralta, Freddy",642547,"NYM","CH","Changeup",2.2,3,"151",23.2,"46","0.15","0.15","0.218",29.1,23.9,20.4,"0.209","0.239","0.253",20
"Bachman, Sam",696147,"LAA","SL","Slider",3.2,5,"153",57.3,"45","0.146","0.244","0.219",39.7,31.1,36.8,"0.186","0.289","0.249",25.9
"Kinley, Tyler",641755,"ATL","SL","Slider",0.7,1,"189",69,"45","0.184","0.289","0.281",29.9,26.7,23.5,"0.192","0.258","0.273",23.1
"Okert, Steven",595345,"HOU","SL","Slider",-0.2,0,"172",67.2,"45","0.256","0.41","0.324",28.4,15.6,13.2,"0.254","0.518","0.356",17.6
"Schlittler, Cam",693645,"NYY","FC","Cutter",4,7,"177",25.6,"45","0.098","0.098","0.15",25.2,22.2,20,"0.186","0.27","0.232",28.1
"Skenes, Paul",694973,"PIT","FF","4-Seam Fastball",1.5,3,"192",35,"45","0.122","0.341","0.236",26.5,37.8,25.8,"0.171","0.389","0.277",37.5
"Martin, Davis",663436,"CWS","FF","4-Seam Fastball",-1,-2,"166",26.4,"45","0.341","0.39","0.358",24.1,24.4,21.2,"0.308","0.442","0.356",26.7
"Kikuchi, Yusei",579328,"LAA","FF","4-Seam Fastball",-2.1,-4,"187",33,"45","0.349","0.488","0.362",19.8,20,13.4,"0.283","0.414","0.304",48.6
"Rocker, Kumar",677958,"TEX","SL","Slider",0.3,0,"174",36.6,"45","0.209","0.326","0.257",30,33.3,21.1,"0.222","0.359","0.266",42.9
"Martinez, Nick",607259,"TB","CH","Changeup",3,5,"161",27.4,"45","0.119","0.143","0.142",33.3,22.2,15.6,"0.163","0.204","0.184",12.1
"Severino, Luis",622663,"ATH","SI","Sinker",-1.3,-2,"147",22.1,"45","0.282","0.564","0.416",18.4,15.6,17.1,"0.326","0.615","0.435",54.5
"Lopez, Jacob",682052,"ATH","FF","4-Seam Fastball",-1.6,-3,"193",33.8,"45","0.316","0.553","0.399",16.3,13.3,14,"0.164","0.241","0.231",35.3
"Santillan, Tony",663574,"CIN","FF","4-Seam Fastball",-0.7,-1,"135",61.6,"44","0.243","0.405","0.345",23.9,25,27.5,"0.237","0.415","0.343",46.2
"Burrows, Mike",681347,"HOU","CH","Changeup",0.5,1,"162",25.5,"44","0.205","0.256","0.259",37.3,27.3,23.5,"0.166","0.231","0.231",25.9
"Civale, Aaron",650644,"ATH","FC","Cutter",2.1,4,"201",32.5,"44","0.231","0.282","0.28",23.1,13.6,12.2,"0.231","0.356","0.303",48.5
"Lopez, Jacob",682052,"ATH","SL","Slider",0.9,1,"153",26.8,"44","0.179","0.256","0.248",23.9,25,21.6,"0.145","0.221","0.218",21.4
"Baz, Shane",669358,"BAL","FC","Cutter",3.7,5,"138",20.7,"44","0.154","0.282","0.243",22.7,18.2,27.6,"0.203","0.302","0.272",29
"Warren, Will",701542,"NYY","SI","Sinker",2,3,"154",25,"44","0.22","0.293","0.257",19.7,27.3,30,"0.232","0.337","0.277",44.8
"Leahy, Kyle",681517,"STL","SI","Sinker",-1.9,-2,"94",15.8,"44","0.314","0.429","0.422",6,9.1,10.3,"0.341","0.53","0.439",48.4
"Assad, Javier",665871,"CHC","SI","Sinker",-2.1,-3,"136",42.4,"44","0.375","0.55","0.405",8.1,9.1,15.4,"0.359","0.526","0.401",57.9
"Leahy, Kyle",681517,"STL","FF","4-Seam Fastball",-1.4,-3,"188",31.6,"44","0.366","0.659","0.453",12.7,13.6,18.8,"0.325","0.54","0.392",68.6
"Brown, Ben",676962,"CHC","CU","Curveball",2.7,4,"139",34.7,"44","0.15","0.2","0.186",40,31.8,25.5,"0.218","0.306","0.278",40.7
"Liberatore, Matthew",669461,"STL","SL","Slider",-2.4,-4,"155",26.1,"44","0.25","0.55","0.357",35,34.1,23.4,"0.253","0.535","0.344",48.1
"Pallante, Andre",669467,"STL","SL","Slider",3.2,5,"141",26.2,"44","0.122","0.244","0.211",40.6,36.4,32,"0.157","0.311","0.232",44
"Pagán, Emilio",641941,"CIN","FF","4-Seam Fastball",-1.1,-1,"135",59.2,"44","0.216","0.459","0.333",17.6,15.9,20.6,"0.241","0.49","0.354",64.5
"Ray, Robbie",592662,"SF","SL","Slider",0.2,0,"218",32.1,"44","0.231","0.41","0.322",39,31.8,18.2,"0.245","0.512","0.362",32
"Messick, Parker",800048,"CLE","FF","4-Seam Fastball",2.8,6,"198",31.9,"44","0.146","0.244","0.203",19.1,29.5,21.7,"0.176","0.291","0.234",28.6
"Meyer, Max",676974,"MIA","ST","Sweeper",1.2,2,"154",26.1,"43","0.179","0.231","0.228",37.8,39.5,23.9,"0.199","0.33","0.27",31.8
"King, Michael",650633,"SD","SI","Sinker",-0.5,-1,"178",27.6,"43","0.229","0.457","0.386",15.1,20.9,22,"0.309","0.596","0.442",50
"Cantillo, Joey",676282,"CLE","CH","Changeup",1,1,"151",25.6,"43","0.158","0.316","0.246",43.8,41.9,38.3,"0.172","0.262","0.235",28.6
"Latz, Jacob",656641,"TEX","FF","4-Seam Fastball",4.8,7,"139",51.7,"43","0.1","0.15","0.17",15.3,18.6,18.6,"0.147","0.238","0.202",46.9
"Gilbert, Logan",669302,"SEA","SL","Slider",-0.9,-1,"148",20.2,"43","0.289","0.632","0.405",37.3,20.9,21.4,"0.321","0.581","0.404",63.3
"Quintana, Jose",500779,"COL","FF","4-Seam Fastball",1.9,2,"131",31.7,"42","0.176","0.353","0.281",24.3,14.3,15.8,"0.229","0.375","0.309",36.7
"Blubaugh, AJ",805123,"HOU","FF","4-Seam Fastball",-1.9,-3,"171",43.5,"42","0.25","0.625","0.425",24.4,23.8,15.4,"0.258","0.55","0.419",47.8
"Mize, Casey",663554,"DET","FS","Split-Finger",2.3,3,"139",29.4,"42","0.125","0.175","0.179",34.7,38.1,29.1,"0.148","0.194","0.174",20.8
"Montero, Keider",672456,"DET","FF","4-Seam Fastball",1,2,"160",33,"42","0.231","0.41","0.302",13.2,11.9,10.9,"0.245","0.441","0.322",50
"Kirby, George",669923,"SEA","ST","Sweeper",0.3,0,"148",23.1,"42","0.275","0.35","0.295",30.8,31,21.7,"0.205","0.28","0.233",22.2
"Severino, Luis",622663,"ATH","ST","Sweeper",0.3,0,"169",25.4,"42","0.2","0.229","0.275",23.5,33.3,20.3,"0.156","0.201","0.246",42.9
"Keller, Mitch",656605,"PIT","ST","Sweeper",-0.6,-1,"125",20.3,"42","0.162","0.27","0.23",24.1,26.2,18,"0.193","0.27","0.246",25.9
"Fried, Max",608331,"NYY","FC","Cutter",3.1,5,"161",21.1,"42","0.189","0.189","0.233",22.4,19,26.7,"0.177","0.229","0.238",41.4
"Springs, Jeffrey",605488,"ATH","SL","Slider",0.1,0,"152",24.8,"42","0.263","0.553","0.36",32.4,21.4,30,"0.268","0.566","0.379",43.3
"Williams, Gavin",668909,"CLE","ST","Sweeper",1.4,2,"177",27.6,"42","0.108","0.216","0.225",46.3,40.5,27.4,"0.15","0.207","0.219",30
"Cecconi, Slade",677944,"CLE","FC","Cutter",0.8,1,"155",25.7,"42","0.243","0.297","0.3",18.2,14.3,17.6,"0.224","0.284","0.279",19.4
"Soriano, José",667755,"LAA","CU","Curveball",1.6,3,"186",24.7,"41","0.205","0.282","0.225",48.3,51.2,30.4,"0.219","0.301","0.236",26.3
"Yamamoto, Yoshinobu",808967,"LAD","FF","4-Seam Fastball",0.5,1,"167",25.1,"41","0.222","0.472","0.34",24.4,19.5,17,"0.318","0.685","0.456",57.1
"McGreevy, Michael",700241,"STL","FF","4-Seam Fastball",-0.1,0,"157",25.5,"41","0.225","0.4","0.277",8.9,12.2,10.4,"0.331","0.664","0.426",42.9
"Montgomery, Mason",682254,"PIT","FF","4-Seam Fastball",1.6,3,"155",66.2,"41","0.2","0.257","0.273",29.8,34.1,33.3,"0.226","0.34","0.31",47.6
"Glasnow, Tyler",607192,"LAD","FF","4-Seam Fastball",-1.1,-2,"170",29.3,"41","0.297","0.649","0.407",11.9,14.6,14,"0.312","0.57","0.389",46.9
"Gil, Luis",661563,"NYY","FF","4-Seam Fastball",-1.1,-2,"152",45.1,"41","0.278","0.583","0.402",9.5,4.9,4.9,"0.297","0.554","0.402",50
"Hill, Tim",657612,"NYY","SI","Sinker",5.8,7,"124",80.5,"41","0.103","0.103","0.122",13.4,9.8,12.9,"0.226","0.266","0.241",51.4
"Mejia, Juan",675848,"COL","FF","4-Seam Fastball",-1,-1,"150",45.5,"41","0.351","0.432","0.38",21.3,24.4,16.4,"0.329","0.507","0.39",55.6
"Kirby, George",669923,"SEA","SI","Sinker",1,1,"120",18.7,"41","0.289","0.368","0.328",5.3,17.1,20.6,"0.237","0.343","0.284",48.4
"Kochanowicz, Jack",686799,"LAA","CH","Changeup",-1,-2,"154",23.3,"41","0.257","0.314","0.361",31.6,22,20,"0.24","0.301","0.303",26.9
"Smith, Cade",671922,"CLE","FF","4-Seam Fastball",-1.8,-3,"172",61.4,"41","0.333","0.59","0.428",25.6,22,13.6,"0.312","0.538","0.378",50
"Márquez, Germán",608566,"SD","CU","Curveball",0.3,0,"190",37.9,"41","0.22","0.39","0.26",27.7,22,15.3,"0.247","0.416","0.283",43.8
"McGreevy, Michael",700241,"STL","CH","Changeup",2.8,4,"130",21.1,"41","0.105","0.184","0.166",26.2,17.1,20.6,"0.24","0.411","0.308",22.6
"McClanahan, Shane",663556,"TB","SL","Slider",2,3,"127",26.5,"40","0.194","0.278","0.255",27.5,22.5,23.7,"0.236","0.419","0.321",40.7
"Littell, Zack",641793,"WSH","FF","4-Seam Fastball",-4.9,-6,"122",23.7,"40","0.371","0.743","0.499",4.9,7.5,12,"0.325","0.63","0.441",53.1
"Bazardo, Eduard",660825,"SEA","SI","Sinker",3.1,5,"155",63.5,"40","0.171","0.2","0.214",13.6,22.5,17.3,"0.236","0.359","0.297",48.1
"Pomeranz, Drew",519141,"LAA","FF","4-Seam Fastball",-4,-5,"130",67.7,"40","0.333","0.75","0.471",23.9,15,23.1,"0.265","0.572","0.377",38.7
"Bibee, Tanner",676440,"CLE","FF","4-Seam Fastball",-1.2,-2,"171",24.7,"40","0.378","0.514","0.413",8.7,5,5,"0.31","0.489","0.37",62.9
"Pallette, Peyton",688883,"CLE","FF","4-Seam Fastball",-0.9,-1,"162",53.8,"40","0.3","0.467","0.423",31.9,20,24.2,"0.3","0.476","0.424",50
"Wacha, Michael",608379,"KC","CH","Changeup",1.2,2,"156",24.4,"40","0.162","0.243","0.238",31,20,14.8,"0.197","0.265","0.238",20.7
"Weiss, Ryan",680802,"HOU","ST","Sweeper",-1.7,-3,"172",32.5,"40","0.242","0.455","0.366",32,35,24.1,"0.176","0.359","0.308",52.6
"May, Dustin",669160,"STL","FF","4-Seam Fastball",-0.4,-1,"159",26.8,"40","0.333","0.5","0.394",14.3,15,12,"0.245","0.409","0.321",53.3
"Cabrera, Edward",665795,"CHC","SI","Sinker",-1.7,-2,"128",20.1,"40","0.361","0.583","0.41",3.2,5,11.8,"0.356","0.583","0.406",38.9
"Crochet, Garrett",676979,"BOS","FF","4-Seam Fastball",-0.8,-1,"174",33.6,"40","0.237","0.474","0.327",25.6,25,18.5,"0.239","0.434","0.304",39.3
"Weathers, Ryan",677960,"NYY","CH","Changeup",-0.5,-1,"147",23.3,"40","0.256","0.333","0.266",30.6,22.5,14.3,"0.26","0.342","0.261",35.5
"Crochet, Garrett",676979,"BOS","FC","Cutter",-0.4,-1,"128",24.7,"40","0.265","0.382","0.399",19.4,20,38.1,"0.32","0.453","0.39",50
"Valdez, Framber",664285,"DET","CH","Changeup",2.3,3,"134",21.1,"40","0.231","0.282","0.238",24.7,17.5,16.7,"0.248","0.332","0.261",28.1
"Leiter, Jack",683004,"TEX","CH","Changeup",-1.3,-2,"135",20.7,"40","0.306","0.389","0.345",35.8,25,18.9,"0.282","0.483","0.365",42.3
"Paddack, Chris",663978,"MIA","FF","4-Seam Fastball",-0.5,-1,"189",32.3,"40","0.361","0.472","0.391",15.8,17.5,11.1,"0.26","0.416","0.321",40
"Nola, Aaron",605400,"PHI","FF","4-Seam Fastball",-3.3,-6,"183",28.6,"40","0.361","0.75","0.489",18.5,27.5,26.8,"0.294","0.59","0.406",56
"Woods Richardson, Simeon",680573,"MIN","SL","Slider",-3,-5,"154",26,"40","0.343","0.6","0.461",15.2,10,11.1,"0.337","0.52","0.41",51.6
"Ashcraft, Graham",668933,"CIN","FC","Cutter",-1.5,-2,"148",51.2,"39","0.345","0.552","0.517",19.2,7.7,7.5,"0.286","0.439","0.421",38.5
"Rogers, Trevor",669432,"BAL","CH","Changeup",-1.6,-2,"135",25.2,"39","0.297","0.405","0.383",29.3,17.9,16.3,"0.287","0.386","0.313",33.3
"Meyer, Max",676974,"MIA","SL","Slider",2,3,"160",27.1,"39","0.121","0.242","0.243",43.5,35.9,27.5,"0.192","0.331","0.298",42.1
"Muñoz, Andrés",662253,"SEA","SL","Slider",2.3,3,"145",58.2,"39","0.132","0.263","0.197",50.6,48.7,33.9,"0.185","0.366","0.261",42.1
"Sugano, Tomoyuki",608372,"COL","FS","Split-Finger",3.2,4,"124",21.6,"39","0.132","0.237","0.153",30.6,20.5,18.6,"0.249","0.435","0.299",25.8
"Ober, Bailey",641927,"MIN","FF","4-Seam Fastball",-0.4,-1,"191",31.6,"39","0.273","0.485","0.379",19.2,23.1,20.5,"0.226","0.389","0.329",45.8
"Teng, Kai-Wei",678906,"HOU","ST","Sweeper",3.9,5,"128",36.3,"39","0.118","0.118","0.182",27.9,25.6,21.3,"0.235","0.326","0.301",25
"Castillo, Luis",622491,"SEA","SL","Slider",-1.4,-3,"175",26.5,"39","0.294","0.471","0.376",31.1,25.6,16.4,"0.254","0.371","0.323",45.8
"Peterson, David",656849,"NYM","SL","Slider",3.6,4,"116",20.8,"39","0.135","0.189","0.133",36.2,43.6,30.4,"0.155","0.232","0.193",40.9
"Littell, Zack",641793,"WSH","FS","Split-Finger",0.1,0,"109",21.2,"39","0.158","0.316","0.259",18,20.5,19.5,"0.226","0.4","0.277",33.3
"Burrows, Mike",681347,"HOU","SL","Slider",-1.6,-2,"111",17.5,"39","0.342","0.447","0.355",30.2,20.5,26.7,"0.232","0.342","0.257",23.3
"Gilbert, Logan",669302,"SEA","FF","4-Seam Fastball",-0.6,-1,"222",30.3,"39","0.324","0.73","0.454",20.9,10.3,9.1,"0.322","0.664","0.43",57.6
"McClanahan, Shane",663556,"TB","FF","4-Seam Fastball",0.5,1,"181",37.7,"39","0.281","0.406","0.369",23.8,20.5,20.5,"0.298","0.562","0.425",45.8
"Mize, Casey",663554,"DET","FF","4-Seam Fastball",-1.6,-3,"157",33.2,"39","0.273","0.485","0.403",24.6,25.6,22.7,"0.245","0.467","0.363",47.8
"Sheehan, Emmet",686218,"LAD","FF","4-Seam Fastball",-3.1,-6,"212",39.8,"39","0.412","0.882","0.562",27.7,17.9,15.6,"0.353","0.733","0.486",48.1
"Singer, Brady",663903,"CIN","SL","Slider",0.9,2,"174",30.9,"39","0.222","0.278","0.263",26.7,17.9,17.9,"0.235","0.356","0.287",48.3
"Williamson, Brandon",682227,"CIN","FC","Cutter",-0.2,0,"137",26.4,"39","0.31","0.448","0.406",20,17.9,28,"0.266","0.469","0.397",56.5
"Orze, Eric",679358,"MIN","FS","Split-Finger",0.2,0,"152",56.7,"38","0.235","0.294","0.263",29.7,28.9,22,"0.212","0.271","0.242",33.3
"Bassitt, Chris",605135,"BAL","CU","Curveball",0.7,1,"134",25.1,"38","0.242","0.273","0.296",27.5,13.2,12.2,"0.302","0.366","0.326",13.8
"Lowder, Rhett",695076,"CIN","SL","Slider",-1.5,-2,"147",24.8,"38","0.324","0.486","0.369",33.8,26.3,22.2,"0.227","0.301","0.241",33.3
"Johnson, Pierce",572955,"CIN","CU","Curveball",-0.3,0,"147",69.3,"38","0.314","0.543","0.364",23.2,18.4,17.1,"0.354","0.664","0.432",40
"Sugano, Tomoyuki",608372,"COL","FF","4-Seam Fastball",0.6,1,"148",25.7,"38","0.265","0.412","0.333",14.3,18.4,12.5,"0.28","0.502","0.371",59.3
"Taylor, Grant",691799,"CWS","FF","4-Seam Fastball",0.4,1,"172",56,"38","0.229","0.343","0.305",26.3,34.2,21.7,"0.238","0.329","0.28",59.1
"Pivetta, Nick",601713,"SD","FF","4-Seam Fastball",1.4,2,"163",57.6,"38","0.182","0.273","0.262",23.8,34.2,21.3,"0.133","0.245","0.231",40
"Cameron, Noah",702070,"KC","FF","4-Seam Fastball",-0.3,0,"159",31.5,"38","0.306","0.444","0.368",20,15.8,16.2,"0.315","0.596","0.402",53.3
"Junk, Janson",676083,"MIA","SL","Slider",2.3,3,"136",23.4,"38","0.194","0.278","0.279",17.9,13.2,11.4,"0.261","0.398","0.307",45.2
"Pérez, Martín",527048,"ATL","SI","Sinker",0.5,1,"139",31.2,"37","0.226","0.387","0.332",5.6,8.1,8.3,"0.316","0.578","0.431",50
"Peralta, Freddy",642547,"NYM","CU","Curveball",-0.8,-1,"109",16.7,"37","0.235","0.471","0.33",38.2,35.1,26.5,"0.213","0.348","0.277",42.9
"Walker, Taijuan",592836,"PHI","FS","Split-Finger",-4,-4,"98",23.1,"37","0.361","0.583","0.449",19,13.5,17.2,"0.358","0.627","0.428",45.2
"Fisher, Braydon",680755,"TOR","SL","Slider",1.9,3,"141",50.4,"37","0.229","0.286","0.251",32.4,16.2,16.7,"0.264","0.373","0.298",37.9
"Schultz, Noah",702273,"CWS","FF","4-Seam Fastball",4.3,5,"105",31.3,"37","0.094","0.125","0.177",28.6,29.7,22.4,"0.183","0.242","0.254",38.1
"Anderson, Drew",623454,"DET","FF","4-Seam Fastball",1.8,2,"129",39.4,"37","0.172","0.31","0.301",24.3,21.6,19.5,"0.253","0.43","0.369",50
"Mikolas, Miles",571945,"WSH","FF","4-Seam Fastball",-2.5,-3,"123",25.7,"37","0.323","0.581","0.459",20.3,18.9,20.6,"0.263","0.541","0.399",62.5
"Gallen, Zac",668678,"AZ","SL","Slider",0.5,1,"139",24.2,"37","0.324","0.382","0.333",29.7,18.9,15.2,"0.239","0.342","0.275",39.3
"Pallante, Andre",669467,"STL","SI","Sinker",-2.3,-2,"110",20.4,"37","0.281","0.406","0.377",15,10.8,12.5,"0.269","0.407","0.347",14.3
"Sulser, Cole",642121,"TB","FF","4-Seam Fastball",0.4,1,"134",42.9,"37","0.265","0.441","0.334",17.6,18.9,23.3,"0.28","0.557","0.382",48.1
"Senzatela, Antonio",622608,"COL","FF","4-Seam Fastball",1.9,2,"111",37,"37","0.219","0.25","0.274",32.4,35.1,25.5,"0.251","0.322","0.31",42.1
"Pallante, Andre",669467,"STL","FF","4-Seam Fastball",-0.8,-1,"163",30.2,"37","0.333","0.567","0.445",15.9,5.4,7.7,"0.336","0.617","0.461",57.1
"Civale, Aaron",650644,"ATH","CU","Curveball",2.1,3,"134",21.7,"36","0.182","0.242","0.228",27.6,25,18,"0.166","0.233","0.214",33.3
"Pérez, Martín",527048,"ATL","CH","Changeup",1.6,2,"136",30.6,"36","0.065","0.161","0.158",30.3,22.2,13.3,"0.2","0.279","0.269",20.8
"Ginkel, Kevin",656464,"AZ","SL","Slider",2.7,4,"128",51.8,"36","0.121","0.152","0.168",42.6,30.6,25,"0.164","0.227","0.213",31.8
"Banda, Anthony",607455,"MIN","SL","Slider",-1.6,-2,"113",44,"36","0.235","0.441","0.333",38.5,36.1,27.1,"0.19","0.29","0.234",42.9
"Fedde, Erick",607200,"CWS","FC","Cutter",-0.3,0,"130",25,"36","0.303","0.606","0.41",13.3,5.6,10.5,"0.276","0.481","0.353",45.2
"Castillo, Luis",622491,"SEA","SI","Sinker",-0.7,-1,"124",18.8,"36","0.382","0.412","0.399",9,5.6,9.5,"0.409","0.573","0.441",53.1
"Zerpa, Angel",672582,"MIL","SI","Sinker",-0.5,-1,"147",68.1,"36","0.3","0.467","0.383",19.3,16.7,15,"0.338","0.489","0.407",52
"Patrick, Chad",694477,"MIL","FF","4-Seam Fastball",-1,-1,"128",24,"36","0.29","0.516","0.383",15.3,8.3,7.3,"0.304","0.505","0.386",51.7
"Lugo, Seth",607625,"KC","CU","Curveball",2,2,"115",17.5,"36","0.139","0.222","0.179",17.5,30.6,20.8,"0.183","0.247","0.186",28
"Festa, Matt",670036,"CLE","ST","Sweeper",-1.7,-2,"118",47,"36","0.182","0.424","0.338",25,11.1,12.9,"0.162","0.348","0.254",37.9
"Alvarado, José",621237,"PHI","SI","Sinker",0.6,1,"154",65.5,"36","0.367","0.4","0.404",28.4,16.7,20.7,"0.26","0.326","0.32",28
"deGrom, Jacob",594798,"TEX","SL","Slider",2.3,4,"151",29,"36","0.147","0.147","0.189",37.8,44.4,19.8,"0.191","0.23","0.212",27.8
"Holmes, Clay",605280,"NYM","CH","Changeup",2.1,2,"97",15.4,"36","0.194","0.222","0.185",33.3,30.6,19,"0.245","0.297","0.236",60
"Myers, Tobias",668964,"NYM","FF","4-Seam Fastball",2.3,3,"129",43.3,"36","0.206","0.382","0.275",12.3,19.4,19.4,"0.286","0.446","0.335",51.9
"Walker, Ryan",676254,"SF","SI","Sinker",-0.5,-1,"168",70,"36","0.323","0.419","0.367",16.7,25,18,"0.232","0.321","0.29",34.8
"McClanahan, Shane",663556,"TB","CH","Changeup",2.1,3,"131",27.3,"36","0.121","0.121","0.208",33.8,36.1,24.1,"0.149","0.186","0.192",30
"Headrick, Brent",687396,"NYY","FF","4-Seam Fastball",2.8,4,"124",46.4,"36","0.194","0.194","0.254",15.9,19.4,19.4,"0.211","0.297","0.286",33.3
"May, Dustin",669160,"STL","ST","Sweeper",-3,-3,"112",18.9,"36","0.29","0.452","0.372",31,27.8,22.7,"0.218","0.314","0.296",28.6
"Topa, Justin",623437,"MIN","SI","Sinker",-2.5,-3,"124",49.6,"36","0.394","0.485","0.465",10.7,11.1,16.7,"0.335","0.483","0.383",44.8
"Corbin, Patrick",571578,"TOR","SI","Sinker",1.8,2,"133",33.9,"36","0.258","0.29","0.307",5,8.3,9.4,"0.277","0.424","0.356",42.9
"Williams, Gavin",668909,"CLE","CU","Curveball",-1.5,-2,"124",19.3,"35","0.2","0.4","0.279",24.2,31.4,19,"0.204","0.45","0.276",45.8
"Arrighetti, Spencer",681293,"HOU","CU","Curveball",0.9,1,"116",30.6,"35","0.138","0.172","0.233",55.6,51.4,47.4,"0.122","0.148","0.217",9.1
"Cameron, Noah",702070,"KC","CH","Changeup",-0.7,-1,"101",20,"35","0.233","0.367","0.321",28.8,22.9,24.2,"0.243","0.343","0.316",40.9
"Luzardo, Jesús",666200,"PHI","CH","Changeup",1.5,2,"149",22.2,"35","0.219","0.313","0.27",43.9,31.4,22.4,"0.232","0.405","0.309",19
"Ashby, Aaron",676879,"MIL","SI","Sinker",-1.1,-2,"189",50.9,"35","0.367","0.567","0.47",13,8.6,11.1,"0.316","0.489","0.392",44.4
"King, Bryan",687911,"HOU","FF","4-Seam Fastball",2.4,3,"123",54.4,"35","0.161","0.258","0.219",16.2,28.6,21.7,"0.136","0.157","0.194",19
"Flaherty, Jack",656427,"DET","SL","Slider",-2.3,-4,"154",26,"35","0.28","0.76","0.5",30.6,17.1,14.3,"0.204","0.482","0.396",50
"Lugo, Seth",607625,"KC","SI","Sinker",2,3,"134",20.4,"35","0.233","0.3","0.28",17.7,11.4,14.8,"0.319","0.386","0.342",44.4
"Finnegan, Kyle",640448,"DET","FF","4-Seam Fastball",1.9,3,"150",56.4,"35","0.179","0.286","0.299",16.4,20,18.9,"0.171","0.263","0.289",28.6
"Lugo, Seth",607625,"KC","FC","Cutter",-1.7,-2,"94",14.3,"35","0.345","0.552","0.439",27.9,22.9,20.5,"0.262","0.437","0.365",42.9
"Gilbert, Logan",669302,"SEA","FS","Split-Finger",-2.7,-3,"105",14.3,"35","0.25","0.375","0.331",38.5,40,17.3,"0.184","0.233","0.226",33.3
"Hudson, Bryan",663542,"CWS","FF","4-Seam Fastball",1.2,2,"174",56.7,"35","0.207","0.241","0.29",27.5,34.3,21.4,"0.186","0.24","0.255",22.2
"Kochanowicz, Jack",686799,"LAA","FF","4-Seam Fastball",1.4,2,"124",18.8,"35","0.2","0.267","0.274",17.9,22.9,18.2,"0.262","0.366","0.331",40.9
"Fried, Max",608331,"NYY","CH","Changeup",2.7,3,"108",14.2,"35","0.152","0.212","0.189",32.2,28.6,22.2,"0.253","0.31","0.27",30.4
"Dollander, Chase",801403,"COL","SI","Sinker",0.4,1,"147",23.5,"35","0.258","0.387","0.359",16.4,5.7,11.1,"0.272","0.398","0.316",46.7
"Crochet, Garrett",676979,"BOS","SI","Sinker",-1.7,-2,"116",22.4,"35","0.296","0.444","0.399",20.8,20,33.3,"0.262","0.462","0.388",38.1
"Gore, MacKenzie",669022,"TEX","CU","Curveball",-0.9,-1,"133",20.7,"35","0.219","0.438","0.301",32.2,40,21.9,"0.25","0.458","0.324",57.9
"Suárez, Albert",544150,"BAL","FF","4-Seam Fastball",1.8,2,"133",51.8,"35","0.172","0.241","0.269",15.9,14.3,12.5,"0.205","0.331","0.308",37.5
"Hoffmann, Andrew",694851,"AZ","FF","4-Seam Fastball",-1.2,-1,"118",51.5,"35","0.31","0.552","0.456",12.5,20,21.2,"0.243","0.44","0.341",56.5
"Mikolas, Miles",571945,"WSH","SI","Sinker",0.3,0,"105",21.9,"35","0.286","0.486","0.33",11.8,17.1,20.7,"0.229","0.382","0.262",37.9
"Misiorowski, Jacob",694819,"MIL","SL","Slider",2.8,4,"142",22.3,"35","0.125","0.25","0.184",25.6,20,26.9,"0.193","0.252","0.217",30.8
"Sproat, Brandon",687075,"MIL","SI","Sinker",-2.2,-3,"120",26.4,"35","0.296","0.519","0.429",10.2,8.6,11.5,"0.288","0.502","0.421",41.7
"Ober, Bailey",641927,"MIN","SL","Slider",3.8,4,"97",16,"34","0.235","0.265","0.222",13.7,14.7,20,"0.217","0.29","0.22",34.5
"Keller, Mitch",656605,"PIT","SI","Sinker",-0.3,0,"115",18.7,"34","0.333","0.367","0.357",18.4,11.8,19,"0.35","0.429","0.381",50
"Soriano, José",667755,"LAA","FS","Split-Finger",3.4,4,"127",16.9,"34","0.091","0.091","0.1",48.3,44.1,30.6,"0.147","0.193","0.164",11.1
"Leiter, Jack",683004,"TEX","SL","Slider",-1.8,-2,"114",17.5,"34","0.29","0.613","0.407",38.5,32.4,28.9,"0.283","0.551","0.382",55
"Skubal, Tarik",669373,"DET","SI","Sinker",-0.3,0,"117",18.7,"34","0.3","0.367","0.368",14.5,14.7,18.5,"0.357","0.419","0.382",56
"Rogers, Taylor",573124,"MIN","SI","Sinker",-1.4,-1,"89",37.9,"34","0.286","0.393","0.346",7.9,14.7,17.2,"0.311","0.473","0.415",33.3
"Burrows, Mike",681347,"HOU","FF","4-Seam Fastball",-3.2,-5,"166",26.1,"34","0.4","0.933","0.572",12.3,14.7,11.9,"0.353","0.622","0.449",52
"Eovaldi, Nathan",543135,"TEX","FC","Cutter",-1.8,-3,"144",22.9,"34","0.207","0.517","0.412",35.1,17.6,13.6,"0.256","0.544","0.391",43.5
"Glasnow, Tyler",607192,"LAD","SI","Sinker",3.8,6,"146",25.2,"34","0.071","0.071","0.203",24.1,17.6,25,"0.182","0.308","0.295",27.3
"Morillo, Juan",666661,"AZ","FF","4-Seam Fastball",0.8,1,"131",52.2,"34","0.194","0.29","0.259",33.3,44.1,29.4,"0.159","0.28","0.212",47.1
"Sabrowski, Erik",681870,"CLE","FF","4-Seam Fastball",1.7,3,"160",66.7,"34","0.148","0.296","0.272",30.7,38.2,26.5,"0.165","0.366","0.318",46.7
"Fried, Max",608331,"NYY","FF","4-Seam Fastball",-1.2,-2,"135",17.7,"34","0.241","0.448","0.351",22.4,35.3,23.5,"0.164","0.268","0.259",41.2
"Early, Connelly",813349,"BOS","CH","Changeup",0.7,1,"128",20.8,"34","0.273","0.303","0.269",24.2,17.6,13.6,"0.296","0.427","0.32",44.4
"Tolle, Payton",801139,"BOS","FF","4-Seam Fastball",3,3,"113",46.3,"34","0.063","0.156","0.153",30.5,44.1,36.6,"0.071","0.115","0.116",29.4
"Morán, Jovani",663558,"BOS","FF","4-Seam Fastball",2.7,3,"112",38.8,"34","0.111","0.259","0.253",20.4,14.7,26.3,"0.142","0.255","0.261",26.1
"Phillips, Connor",683175,"CIN","FF","4-Seam Fastball",-0.5,-1,"161",47.1,"34","0.227","0.318","0.4",21.2,20.6,16.3,"0.259","0.389","0.427",26.7
"Thompson, Ryan",657044,"AZ","SI","Sinker",0.2,0,"122",70.5,"34","0.241","0.414","0.368",16.1,5.9,11.1,"0.282","0.357","0.339",37
"Abreu, Bryan",650556,"HOU","FF","4-Seam Fastball",-1.6,-2,"138",52.3,"34","0.273","0.591","0.474",26.5,23.5,23.5,"0.235","0.446","0.427",53.3
"Burke, Sean",680732,"CWS","CU","Curveball",-1.1,-2,"148",23.7,"34","0.273","0.424","0.312",18.6,26.5,15,"0.288","0.39","0.305",41.7
"Abbott, Andrew",671096,"CIN","CH","Changeup",-1.4,-2,"124",20.5,"34","0.323","0.452","0.369",46.7,17.6,18.2,"0.23","0.31","0.274",12
"Scherzer, Max",453286,"TOR","FF","4-Seam Fastball",0.2,0,"162",47.2,"34","0.3","0.533","0.396",12.6,11.8,10.3,"0.315","0.562","0.411",50
"Bradley, Taj",671737,"MIN","FC","Cutter",1.5,2,"147",20.8,"34","0.161","0.161","0.194",32.4,26.5,23.1,"0.206","0.261","0.247",45.5
"Springs, Jeffrey",605488,"ATH","CH","Changeup",0.4,1,"117",19.1,"34","0.219","0.281","0.274",46.8,32.4,25,"0.166","0.204","0.192",14.3
"Martinez, Nick",607259,"TB","FC","Cutter",2.9,3,"107",18.2,"33","0.226","0.387","0.288",16.4,9.1,21.4,"0.3","0.463","0.351",25
"Littell, Zack",641793,"WSH","SL","Slider",-0.9,-1,"138",26.8,"33","0.292","0.583","0.408",19,12.1,26.7,"0.374","0.722","0.516",65.2
"Manaea, Sean",640455,"NYM","ST","Sweeper",0,0,"147",35,"33","0.241","0.379","0.286",27.8,27.3,16.4,"0.224","0.387","0.28",22.7
"Kuhnel, Joel",669270,"ATH","SI","Sinker",2.2,2,"89",56,"33","0.259","0.296","0.286",10.9,6.1,9.1,"0.37","0.478","0.404",44.4
"McCullers Jr., Lance",621121,"HOU","FC","Cutter",-0.7,-1,"147",27.4,"33","0.286","0.536","0.4",20.3,15.2,18.5,"0.272","0.466","0.372",60.9
"Martin, Davis",663436,"CWS","SI","Sinker",2.6,2,"93",14.8,"33","0.214","0.321","0.302",6.1,9.1,23.1,"0.218","0.305","0.297",44
"Miller, Mason",695243,"SD","SL","Slider",5.1,6,"121",52.6,"33","0.091","0.091","0.082",72.5,72.7,57.1,"0.037","0.042","0.034",11.1
"Wacha, Michael",608379,"KC","FC","Cutter",0,0,"104",16.3,"33","0.323","0.613","0.403",19,27.3,33.3,"0.255","0.492","0.327",56.5
"Ashcraft, Braxton",677952,"PIT","SL","Slider",-3,-3,"111",18.4,"33","0.346","0.462","0.453",37.9,27.3,24.3,"0.216","0.255","0.311",23.5
"Irvin, Jake",663623,"WSH","SI","Sinker",-0.5,-1,"137",22.2,"33","0.296","0.519","0.418",10.2,9.1,14.3,"0.322","0.531","0.414",52
"Montero, Keider",672456,"DET","SI","Sinker",0.5,1,"105",21.6,"33","0.207","0.414","0.292",10.4,9.1,16.7,"0.23","0.381","0.318",40.7
"Webb, Jacob",657097,"CHC","FF","4-Seam Fastball",-4.3,-6,"128",51.4,"33","0.308","0.538","0.467",20.3,21.2,17.1,"0.335","0.663","0.468",65
"Sheehan, Emmet",686218,"LAD","CH","Changeup",-0.2,0,"92",17.3,"33","0.258","0.355","0.292",21.6,21.2,16.3,"0.252","0.311","0.271",45.8
"Rasmussen, Drew",656876,"TB","FF","4-Seam Fastball",-1.9,-3,"137",27.9,"33","0.387","0.71","0.48",21.9,27.3,20.5,"0.312","0.516","0.374",45.5
"Burrows, Mike",681347,"HOU","SI","Sinker",-2.5,-3,"101",15.9,"33","0.464","0.643","0.515",11.3,3,12.5,"0.289","0.454","0.377",33.3
"Senga, Kodai",673540,"NYM","FF","4-Seam Fastball",-1.6,-2,"138",37.6,"32","0.308","0.577","0.436",21.7,34.4,33.3,"0.241","0.435","0.363",33.3
"Fuentes, Didier",800311,"ATL","FF","4-Seam Fastball",-0.2,0,"115",65.7,"32","0.286","0.429","0.336",25,28.1,23.7,"0.256","0.479","0.346",50
"Suarez, Robert",663158,"ATL","FF","4-Seam Fastball",3.9,4,"114",54.3,"32","0.133","0.133","0.184",23.1,31.3,23.3,"0.194","0.255","0.226",30
"Pfaadt, Brandon",694297,"AZ","SI","Sinker",-2.4,-2,"96",20.3,"32","0.25","0.464","0.381",13.3,9.4,15,"0.274","0.547","0.391",48
"Cabrera, Edward",665795,"CHC","CU","Curveball",-0.2,0,"134",21,"32","0.231","0.5","0.358",29.8,37.5,25,"0.222","0.437","0.356",60
"Bibee, Tanner",676440,"CLE","CH","Changeup",2.6,3,"125",18,"32","0.074","0.074","0.166",45.3,37.5,29.3,"0.091","0.103","0.181",13.3
"Lorenzen, Michael",547179,"COL","SI","Sinker",0.3,0,"97",15.8,"32","0.345","0.345","0.403",6.7,6.3,14.3,"0.343","0.405","0.361",59.3
"Freeland, Kyle",607536,"COL","FF","4-Seam Fastball",-4.8,-6,"114",26.7,"32","0.393","0.821","0.533",18.6,18.8,15.8,"0.319","0.627","0.436",40.9
"Kay, Anthony",641743,"CWS","SI","Sinker",-0.4,0,"93",15.3,"32","0.269","0.423","0.392",19.6,18.8,24,"0.29","0.497","0.403",42.9
"Martin, Davis",663436,"CWS","CH","Changeup",3.1,3,"108",17.2,"32","0.156","0.281","0.186",14.3,12.5,10.5,"0.321","0.533","0.365",64.3
"Blubaugh, AJ",805123,"HOU","CH","Changeup",1.9,2,"103",26.2,"32","0.148","0.185","0.195",28.3,18.8,17.6,"0.157","0.229","0.214",26.1
"McCullers Jr., Lance",621121,"HOU","SI","Sinker",0.9,1,"140",26.1,"32","0.222","0.407","0.334",15.1,15.6,26.3,"0.223","0.308","0.303",50
"Cameron, Noah",702070,"KC","FC","Cutter",-1.1,-1,"103",20.4,"32","0.345","0.517","0.403",32,9.4,30,"0.341","0.517","0.398",30.8
"Petersen, Michael",656848,"MIA","FF","4-Seam Fastball",2.4,3,"107",54.9,"32","0.179","0.286","0.263",26.3,25,24.2,"0.235","0.562","0.38",50
"Bender, Anthony",669622,"MIA","ST","Sweeper",1.8,2,"106",45.1,"32","0.179","0.214","0.217",25,43.8,31.1,"0.143","0.201","0.196",33.3
"Harrison, Kyle",690986,"MIL","SV","Slurve",2.5,3,"137",26.4,"32","0.1","0.1","0.156",25.9,28.1,18.8,"0.157","0.184","0.183",9.5
"Weathers, Ryan",677960,"NYY","SI","Sinker",-1.9,-2,"105",16.7,"32","0.357","0.464","0.43",11.4,12.5,22.2,"0.358","0.542","0.425",37.5
"Warren, Will",701542,"NYY","ST","Sweeper",0.6,1,"145",23.5,"32","0.29","0.355","0.325",23.7,21.9,18.9,"0.315","0.458","0.345",33.3
"Cruz, Fernando",518585,"NYY","FS","Split-Finger",-1.6,-2,"131",55.7,"32","0.154","0.269","0.278",56.7,50,27.1,"0.152","0.251","0.271",20
"Luzardo, Jesús",666200,"PHI","SI","Sinker",0.8,1,"102",15.2,"32","0.387","0.516","0.403",9.8,0,0,"0.346","0.428","0.35",45.2
"Chandler, Bubba",696149,"PIT","CH","Changeup",0.3,0,"95",18.7,"32","0.226","0.355","0.264",32.6,28.1,26.5,"0.246","0.391","0.286",27.3
"Marinaccio, Ron",676760,"SD","CH","Changeup",-1.7,-2,"116",34.4,"32","0.31","0.414","0.352",23.5,9.4,7,"0.221","0.283","0.265",11.5
"Vásquez, Randy",681190,"SD","FC","Cutter",0.7,1,"168",26.7,"32","0.321","0.5","0.373",23.5,18.8,15.8,"0.265","0.462","0.336",34.8
"King, Michael",650633,"SD","FF","4-Seam Fastball",1,1,"127",19.7,"32","0.2","0.24","0.305",40.7,43.8,27.5,"0.141","0.199","0.268",27.3
"Morejon, Adrian",670970,"SD","SI","Sinker",0.2,0,"147",47.6,"32","0.276","0.31","0.33",20,3.1,4,"0.331","0.396","0.352",28.6
"Roupp, Landen",694738,"SF","CH","Changeup",1.9,2,"121",18.3,"32","0.1","0.133","0.167",31.9,31.3,19.2,"0.209","0.267","0.238",25
"May, Dustin",669160,"STL","SI","Sinker",-1.3,-1,"107",18,"32","0.387","0.516","0.416",12.3,9.4,14.3,"0.339","0.424","0.344",57.1
"Romero, JoJo",668941,"STL","SI","Sinker",2.5,3,"126",42.9,"32","0.231","0.231","0.287",11.6,12.5,25,"0.259","0.339","0.328",52.2
"Bruihl, Justin",677865,"STL","ST","Sweeper",-1.2,-1,"114",36.1,"32","0.25","0.292","0.311",14.3,12.5,9.5,"0.282","0.377","0.367",31.8
"Lauer, Eric",641778,"TOR","CH","Changeup",-0.1,0,"92",17.6,"32","0.241","0.276","0.273",12.2,6.3,7.4,"0.283","0.442","0.347",40.7
"Lord, Brad",695418,"WSH","SI","Sinker",4.5,4,"95",23.3,"32","0.161","0.161","0.163",16.7,12.5,22.2,"0.233","0.28","0.239",37
"Beeks, Jalen",656222,"TEX","FF","4-Seam Fastball",2.4,3,"117",52.5,"31","0.143","0.25","0.203",17.9,25.8,22.2,"0.187","0.287","0.237",52.4
"Lorenzen, Michael",547179,"COL","FF","4-Seam Fastball",-2.2,-3,"114",18.5,"31","0.321","0.714","0.458",11.5,22.6,15.2,"0.329","0.672","0.447",66.7
"Zeferjahn, Ryan",666171,"LAA","ST","Sweeper",2.8,3,"119",37.4,"31","0.074","0.148","0.171",42.1,38.7,29.3,"0.111","0.142","0.186",26.7
"Suarez, José",660761,"ATL","CH","Changeup",-0.3,0,"100",30.5,"31","0.25","0.321","0.294",38.3,41.9,22.8,"0.187","0.252","0.239",40
"Kikuchi, Yusei",579328,"LAA","SL","Slider",-0.2,0,"109",19.2,"31","0.333","0.519","0.439",31.7,22.6,23.3,"0.249","0.393","0.329",30
"Ashcraft, Graham",668933,"CIN","SL","Slider",3.6,5,"141",48.8,"31","0.033","0.033","0.053",46,51.6,34,"0.104","0.128","0.121",42.9
"Suarez, Ranger",624133,"BOS","FC","Cutter",2.2,3,"116",20.2,"31","0.207","0.414","0.297",15.9,12.9,16.7,"0.248","0.479","0.328",38.5
"Severino, Luis",622663,"ATH","FF","4-Seam Fastball",0,0,"136",20.4,"31","0.259","0.37","0.327",30.9,35.5,22,"0.173","0.275","0.257",50
"Williams, Devin",642207,"NYM","CH","Changeup",-2.1,-2,"104",47.7,"31","0.357","0.5","0.405",40.4,32.3,22.7,"0.257","0.424","0.332",33.3
"Bruihl, Justin",677865,"STL","SI","Sinker",1.6,2,"134",42.4,"31","0.174","0.217","0.308",16.7,3.2,5,"0.283","0.379","0.394",54.5
"Hancock, Emerson",676106,"SEA","ST","Sweeper",1.1,2,"151",23.3,"31","0.129","0.161","0.132",36.2,48.4,20.8,"0.123","0.139","0.115",0
"Graceffo, Gordon",700669,"STL","FF","4-Seam Fastball",4,4,"111",43.5,"31","0.179","0.179","0.213",10.9,9.7,18.8,"0.319","0.486","0.38",76
"Nardi, Andrew",677053,"MIA","FF","4-Seam Fastball",1.4,2,"110",49.8,"31","0.25","0.25","0.32",25.8,22.6,18.9,"0.23","0.33","0.334",50
"Bradley, Taj",671737,"MIN","FS","Split-Finger",1.3,2,"163",23,"31","0.172","0.241","0.213",43.5,32.3,22.7,"0.196","0.246","0.225",42.1
"Dreyer, Jack",676263,"LAD","FF","4-Seam Fastball",2.1,3,"124",49.8,"31","0.231","0.231","0.273",20,29,23.1,"0.193","0.272","0.267",50
"Civale, Aaron",650644,"ATH","SI","Sinker",-3,-3,"116",18.8,"31","0.357","0.643","0.429",10.4,22.6,19.4,"0.31","0.465","0.362",63.6
"Wells, Tyler",669330,"BAL","FF","4-Seam Fastball",-1.9,-2,"106",36.7,"31","0.292","0.625","0.422",22.9,12.9,13.3,"0.263","0.429","0.358",36.4
"Lowder, Rhett",695076,"CIN","FF","4-Seam Fastball",0.1,0,"141",23.8,"31","0.269","0.385","0.362",10.7,6.5,5.3,"0.273","0.443","0.372",33.3
"Abreu, Bryan",650556,"HOU","SL","Slider",-2.5,-3,"126",47.7,"31","0.28","0.6","0.432",43.6,38.7,29.3,"0.191","0.417","0.341",53.8
"Elder, Bryce",693821,"ATL","FF","4-Seam Fastball",1.5,2,"144",23.7,"31","0.222","0.259","0.276",16.1,12.9,15.4,"0.217","0.281","0.278",30.4
"Lowder, Rhett",695076,"CIN","CH","Changeup",1,1,"123",20.8,"30","0.172","0.241","0.203",27.7,23.3,19.4,"0.255","0.374","0.285",31.8
"Parker, Mitchell",680730,"WSH","SL","Slider",-0.6,-1,"118",58.4,"30","0.259","0.37","0.366",39.7,30,24.3,"0.233","0.346","0.28",63.2
"Varland, Gus",681402,"WSH","FF","4-Seam Fastball",0.6,1,"98",47.8,"30","0.321","0.393","0.317",27.8,30,33.3,"0.243","0.321","0.271",65
"Cavalli, Cade",676917,"WSH","SI","Sinker",-1.1,-1,"106",18.4,"30","0.37","0.444","0.423",13.5,20,37.5,"0.269","0.364","0.315",52.4
"Leasure, Jordan",673929,"CWS","FF","4-Seam Fastball",0.8,1,"125",48.6,"30","0.154","0.385","0.287",19.1,20,13.6,"0.189","0.591","0.372",50
"Vodnik, Victor",680767,"COL","FF","4-Seam Fastball",-1.5,-2,"123",49.4,"30","0.36","0.44","0.41",29.8,23.3,21.2,"0.273","0.485","0.385",50
"Ashcraft, Braxton",677952,"PIT","SI","Sinker",2.1,2,"104",17.2,"30","0.231","0.269","0.271",21.6,6.7,20,"0.278","0.35","0.32",48
"Scholtens, Jesse",669947,"TB","SL","Slider",1.4,2,"125",35.5,"30","0.172","0.345","0.263",15,13.3,11.8,"0.269","0.417","0.307",36
"Uribe, Abner",682842,"MIL","SI","Sinker",0,0,"123",60.6,"30","0.286","0.429","0.365",17.3,20,21.4,"0.322","0.489","0.371",40.9
"Brogdon, Connor",641401,"CLE","FF","4-Seam Fastball",-1.2,-1,"114",49.4,"30","0.296","0.704","0.425",30.5,30,25.7,"0.262","0.594","0.372",50
"Varland, Louis",686973,"TOR","FF","4-Seam Fastball",2.7,4,"134",45.4,"30","0.16","0.2","0.225",28.2,46.7,25,"0.127","0.143","0.195",16.7
"Brazobán, Huascar",623211,"NYM","CH","Changeup",1.2,1,"97",40.1,"30","0.2","0.267","0.233",30.4,16.7,10.6,"0.212","0.261","0.206",24
"Sterner, Justin",686993,"ATH","FF","4-Seam Fastball",0.9,1,"123",40.2,"30","0.28","0.32","0.326",17.2,20,15.4,"0.231","0.341","0.307",50
"Kilian, Caleb",668873,"SF","FF","4-Seam Fastball",1.9,2,"117",50.4,"30","0.192","0.308","0.257",18.2,20,20.7,"0.195","0.335","0.267",33.3
"Brubaker, JT",664141,"SF","SI","Sinker",0.9,1,"126",48.6,"30","0.24","0.32","0.32",13.5,16.7,20.8,"0.311","0.465","0.394",35
"Lorenzen, Michael",547179,"COL","CH","Changeup",-1.8,-2,"121",19.7,"30","0.296","0.481","0.37",38.2,20,12.8,"0.273","0.442","0.346",38.1
"Nola, Aaron",605400,"PHI","SI","Sinker",-2.1,-2,"119",18.6,"30","0.385","0.654","0.455",14.9,16.7,14.3,"0.39","0.757","0.493",40.9
"Griffin, Foster",656492,"WSH","FF","4-Seam Fastball",-2.9,-3,"102",16,"29","0.2","0.5","0.417",8.3,17.2,12.8,"0.254","0.518","0.442",40
"Lovelady, Richard",663992,"WSH","ST","Sweeper",0.5,1,"97",40.9,"29","0.222","0.37","0.284",25.5,24.1,18.9,"0.211","0.367","0.277",25
"Yamamoto, Yoshinobu",808967,"LAD","FC","Cutter",-1.6,-2,"119",17.9,"29","0.4","0.56","0.433",27.1,10.3,13.6,"0.339","0.596","0.416",30.4
"Ramírez, Yohan",670990,"PIT","ST","Sweeper",3,4,"124",39,"29","0.074","0.111","0.153",35.1,41.4,25.5,"0.173","0.239","0.215",40
"Megill, Trevor",656730,"MIL","CU","Curveball",3.3,3,"88",42.9,"29","0.115","0.154","0.159",46.9,31,30,"0.115","0.147","0.156",22.2
"Boyd, Matthew",571510,"CHC","CH","Changeup",0.9,1,"123",28.6,"29","0.214","0.393","0.272",36.8,27.6,17,"0.273","0.454","0.325",20
"Severino, Luis",622663,"ATH","FC","Cutter",-1.3,-2,"142",21.3,"29","0.333","0.524","0.46",18.2,3.4,6.3,"0.298","0.492","0.437",20
"Leasure, Jordan",673929,"CWS","SL","Slider",-2.3,-3,"113",44,"29","0.308","0.692","0.447",37,27.6,25,"0.342","0.722","0.474",38.9
"Brown, Ben",676962,"CHC","FF","4-Seam Fastball",-0.5,-1,"148",36.9,"29","0.28","0.4","0.339",18.8,20.7,16.2,"0.22","0.33","0.287",35
"May, Dustin",669160,"STL","FC","Cutter",2.3,3,"112",18.9,"29","0.269","0.308","0.278",13.1,10.3,15.8,"0.274","0.326","0.283",33.3
"Winn, Keaton",676775,"SF","FS","Split-Finger",1.4,2,"123",58.6,"29","0.115","0.192","0.204",44.3,37.9,20.8,"0.16","0.232","0.204",25
"Dreyer, Jack",676263,"LAD","SL","Slider",0.4,0,"109",43.8,"29","0.185","0.37","0.266",38.2,31,22,"0.187","0.42","0.285",38.9
"Corbin, Patrick",571578,"TOR","SL","Slider",1.2,1,"100",25.5,"29","0.179","0.286","0.217",44.7,44.8,27.1,"0.165","0.232","0.189",46.7
"Burke, Brock",656271,"CIN","FF","4-Seam Fastball",1.6,2,"100",35.2,"29","0.16","0.28","0.266",27.1,37.9,29.7,"0.182","0.267","0.265",42.9
"Kelly, Merrill",518876,"AZ","CH","Changeup",-3.8,-4,"114",29.9,"29","0.333","0.5","0.419",40,17.2,13.2,"0.393","0.593","0.471",42.1
"Meyer, Max",676974,"MIA","FF","4-Seam Fastball",0.2,0,"125",21.2,"29","0.222","0.444","0.309",15,13.8,13.8,"0.265","0.52","0.358",56.5
"Baker, Bryan",641329,"TB","CH","Changeup",3.3,3,"104",45.8,"29","0.138","0.207","0.148",42.9,34.5,21.3,"0.141","0.164","0.133",5.3
"Lord, Brad",695418,"WSH","FF","4-Seam Fastball",-1.4,-2,"151",37,"29","0.4","0.56","0.495",23.1,20.7,10.3,"0.301","0.483","0.371",65
"Sulser, Cole",642121,"TB","CH","Changeup",-0.9,-1,"130",41.7,"29","0.24","0.32","0.283",32.1,24.1,16.7,"0.199","0.362","0.283",36.8
"Abel, Mick",690953,"MIN","FF","4-Seam Fastball",-0.4,-1,"153",42.9,"29","0.391","0.522","0.46",33.8,24.1,15.9,"0.337","0.652","0.478",50
"Mejia, Juan",675848,"COL","ST","Sweeper",-0.2,0,"134",40.6,"28","0.269","0.385","0.314",44.1,35.7,23.3,"0.171","0.266","0.225",12.5
"Poulin, PJ",676571,"WSH","FF","4-Seam Fastball",-2,-2,"91",29.4,"28","0.273","0.455","0.395",10,7.1,6.5,"0.329","0.573","0.451",55
"Bubic, Kris",663460,"KC","CH","Changeup",3.9,5,"134",21.2,"28","0.037","0.037","0.059",38.4,32.1,17,"0.151","0.226","0.182",22.2
"Povich, Cade",700249,"BAL","FF","4-Seam Fastball",1,1,"100",38.3,"28","0.2","0.48","0.327",22.2,10.7,10,"0.272","0.519","0.374",36.4
"Pérez, Martín",527048,"ATL","FC","Cutter",-0.1,0,"98",22,"28","0.28","0.6","0.391",12.2,25,25,"0.237","0.374","0.293",42.1
"López, Reynaldo",625643,"ATL","SL","Slider",-2.5,-3,"130",31,"28","0.304","0.478","0.377",34,25,17.1,"0.321","0.493","0.391",35.3
"Woodford, Jake",663765,"MIL","FC","Cutter",0.7,1,"103",40.4,"28","0.296","0.444","0.334",25,10.7,13.6,"0.386","0.659","0.455",45.8
"Festa, Matt",670036,"CLE","FF","4-Seam Fastball",-1.1,-1,"100",39.8,"28","0.28","0.4","0.346",29.5,35.7,41.7,"0.238","0.367","0.282",31.3
"Peralta, Wandy",593974,"SD","CH","Changeup",1.1,1,"114",40.1,"28","0.222","0.37","0.27",32.4,21.4,14.6,"0.301","0.435","0.33",33.3
"Anderson, Drew",623454,"DET","CH","Changeup",-1.1,-1,"106",32.4,"28","0.192","0.385","0.275",30.6,32.1,20,"0.159","0.278","0.221",35.3
"Kelly, Kevin",687330,"TB","SI","Sinker",3.9,5,"119",54.6,"28","0.12","0.12","0.204",23.6,17.9,22.7,"0.312","0.489","0.383",55
"Taillon, Jameson",592791,"CHC","FC","Cutter",1.2,2,"130",23.6,"28","0.174","0.435","0.332",28.3,14.3,16,"0.181","0.345","0.308",42.1
"Taillon, Jameson",592791,"CHC","FF","4-Seam Fastball",-1.6,-2,"142",25.8,"28","0.296","0.667","0.413",18.2,17.9,15.6,"0.3","0.712","0.432",40.9
"Alvarado, Elvis",665660,"ATH","FF","4-Seam Fastball",-1.2,-1,"110",60.4,"28","0.227","0.5","0.388",40,28.6,19.5,"0.207","0.52","0.386",42.9
"Patrick, Chad",694477,"MIL","SI","Sinker",-1,-1,"113",21.2,"28","0.35","0.65","0.469",17.5,17.9,22.7,"0.286","0.581","0.427",47.1
"Varland, Gus",681402,"WSH","SL","Slider",-0.9,-1,"102",49.8,"28","0.24","0.48","0.331",27.8,17.9,16.1,"0.309","0.587","0.402",42.9
"Kikuchi, Yusei",579328,"LAA","FS","Split-Finger",1.3,2,"125",22,"28","0.143","0.357","0.207",27.8,32.1,22,"0.213","0.516","0.304",36.8
"Suter, Brent",608718,"LAA","FF","4-Seam Fastball",-6.1,-6,"98",27.6,"28","0.417","0.833","0.57",13.7,14.3,11.1,"0.24","0.477","0.362",25
"Kikuchi, Yusei",579328,"LAA","FC","Cutter",-1.8,-2,"94",16.6,"28","0.316","0.474","0.455",29.5,25,23.3,"0.261","0.519","0.448",58.3
"Vesia, Alex",681911,"LAD","FF","4-Seam Fastball",0.8,1,"115",59,"28","0.13","0.217","0.246",26.4,21.4,18.2,"0.192","0.303","0.301",29.4
"Klein, Will",694361,"LAD","FF","4-Seam Fastball",3.7,4,"116",48.5,"28","0.148","0.148","0.159",21.7,32.1,26.5,"0.229","0.273","0.237",27.8
"Scott, Tanner",656945,"LAD","SL","Slider",3.8,4,"93",47.7,"28","0.154","0.154","0.179",35.4,28.6,25.8,"0.24","0.287","0.262",22.2
"Bello, Brayan",678394,"BOS","FC","Cutter",-3.5,-4,"116",23,"27","0.36","0.88","0.561",51.6,22.2,33.3,"0.346","0.773","0.486",31.6
"Junk, Janson",676083,"MIA","ST","Sweeper",1.3,1,"88",15.1,"27","0.185","0.333","0.22",14.3,14.8,14.3,"0.21","0.403","0.261",39.1
"Anderson, Grant",681982,"MIL","ST","Sweeper",3.3,3,"88",35.8,"27","0.148","0.259","0.172",30.4,37,29.4,"0.189","0.258","0.193",47.1
"Bibee, Tanner",676440,"CLE","SI","Sinker",-2.9,-3,"101",14.6,"27","0.4","0.6","0.452",18.2,18.5,20.8,"0.34","0.525","0.395",45
"Pérez, Cionel",672335,"WSH","CU","Curveball",1.9,2,"103",34.9,"27","0.16","0.2","0.231",29.2,25.9,26.9,"0.287","0.466","0.349",55.6
"Irvin, Jake",663623,"WSH","CU","Curveball",2.4,3,"135",21.9,"27","0.083","0.083","0.144",44.3,37,19.6,"0.182","0.252","0.245",28.6
"Sterner, Justin",686993,"ATH","FC","Cutter",-3.4,-3,"98",32,"27","0.407","0.704","0.541",29.1,18.5,22.7,"0.258","0.415","0.29",50
"Lee, Dylan",669276,"ATL","SL","Slider",2.7,4,"132",56.4,"27","0.16","0.32","0.211",46.3,37,23.3,"0.154","0.204","0.198",31.3
"Fried, Max",608331,"NYY","CU","Curveball",1.2,1,"110",14.4,"27","0.16","0.16","0.2",24.4,18.5,13.2,"0.191","0.253","0.212",19
"Fluharty, Mason",689254,"TOR","ST","Sweeper",1,1,"97",41.1,"27","0.167","0.333","0.239",46.7,37,29.4,"0.135","0.195","0.179",20
"Miles, Spencer",693686,"TOR","SI","Sinker",3.9,4,"95",32.8,"27","0.174","0.174","0.237",30.8,22.2,31.6,"0.273","0.322","0.325",29.4
"Nelson, Ryne",669194,"AZ","SL","Slider",0.7,1,"92",16.8,"27","0.2","0.28","0.278",37.8,40.7,33.3,"0.224","0.325","0.27",57.1
"Gallen, Zac",668678,"AZ","CU","Curveball",-3.7,-4,"109",19,"27","0.333","0.667","0.45",20.4,18.5,10,"0.349","0.722","0.477",57.9
"Bradish, Kyle",680694,"BAL","FF","4-Seam Fastball",-2.8,-3,"109",17.1,"27","0.478","0.739","0.606",12.2,7.4,22.2,"0.402","0.767","0.526",38.1
"Wolfram, Grant",664991,"BAL","SI","Sinker",-0.2,0,"89",43,"27","0.346","0.5","0.411",24.4,29.6,36.4,"0.267","0.379","0.294",44.4
"Gómez, Yoendrys",672782,"TB","FF","4-Seam Fastball",-3.7,-4,"98",36.4,"27","0.261","0.696","0.439",29.3,29.6,22.9,"0.323","0.791","0.5",40
"Lord, Brad",695418,"WSH","SL","Slider",1.5,2,"108",26.5,"27","0.231","0.346","0.267",24.1,18.5,12.5,"0.263","0.478","0.331",47.6
"Early, Connelly",813349,"BOS","SI","Sinker",2.3,2,"107",17.4,"27","0.143","0.143","0.265",9.4,22.2,28.6,"0.221","0.309","0.336",26.7
"Backhus, Kyle",679775,"PHI","SI","Sinker",-0.4,0,"92",57.1,"27","0.385","0.5","0.381",10.6,14.8,14.8,"0.314","0.485","0.356",36.4
"Legumina, Casey",668984,"TB","FF","4-Seam Fastball",-0.5,0,"100",42.4,"27","0.292","0.458","0.337",17.6,18.5,13.2,"0.249","0.475","0.326",60
"Whitlock, Garrett",676477,"BOS","SL","Slider",-0.8,-1,"88",34.6,"27","0.2","0.4","0.269",34.1,37,26.3,"0.224","0.495","0.317",37.5
"Morán, Jovani",663558,"BOS","CH","Changeup",-1.4,-1,"107",37,"27","0.261","0.435","0.357",41.9,29.6,21.1,"0.221","0.413","0.333",33.3
"Jansen, Kenley",445276,"DET","FC","Cutter",-0.8,-1,"126",79.2,"27","0.273","0.545","0.411",26.9,22.2,16.7,"0.298","0.498","0.405",31.3
"Vest, Will",676684,"DET","FF","4-Seam Fastball",-0.9,-1,"104",45.2,"27","0.364","0.5","0.437",20.8,22.2,19.4,"0.209","0.386","0.335",43.8
"Seabold, Connor",657756,"DET","FF","4-Seam Fastball",-0.2,0,"106",53,"27","0.304","0.522","0.352",17.9,22.2,17.1,"0.221","0.323","0.257",42.1
"Flaherty, Jack",656427,"DET","CU","Curveball",-1.7,-2,"116",19.6,"27","0.273","0.455","0.406",35.4,18.5,12.8,"0.298","0.504","0.399",27.8
"Lawrence, Justin",664875,"PIT","ST","Sweeper",0,0,"100",41.2,"27","0.16","0.36","0.252",41.9,44.4,29.3,"0.163","0.328","0.244",30.8
"Sproat, Brandon",687075,"MIL","FC","Cutter",-0.1,0,"126",27.8,"27","0.304","0.609","0.41",15.9,11.1,16.7,"0.275","0.53","0.37",40.9
"Fedde, Erick",607200,"CWS","SI","Sinker",-0.6,-1,"123",23.7,"27","0.227","0.409","0.35",4.9,14.8,12.9,"0.243","0.346","0.335",44.4
"Liberatore, Matthew",669461,"STL","CH","Changeup",1.2,1,"93",15.7,"27","0.25","0.292","0.31",24.4,3.7,7.1,"0.242","0.303","0.272",16.7
"Buehler, Walker",621111,"SD","FC","Cutter",0,0,"119",25.7,"27","0.273","0.409","0.369",19.2,14.8,22.2,"0.28","0.441","0.382",27.8
"Cavalli, Cade",676917,"WSH","CU","Curveball",0.7,1,"139",24.2,"27","0.24","0.24","0.252",49,44.4,31.6,"0.179","0.198","0.206",30.8
"Nicolas, Kyle",693312,"CIN","FF","4-Seam Fastball",-3.1,-3,"96",48.5,"27","0.294","0.529","0.48",17.2,18.5,20.8,"0.235","0.445","0.441",33.3
"Newcomb, Sean",656794,"CWS","SI","Sinker",-0.6,-1,"107",31.9,"27","0.375","0.583","0.443",12.2,11.1,15.8,"0.333","0.518","0.403",42.9
"Lopez, Jacob",682052,"ATH","FC","Cutter",-1.4,-2,"118",20.7,"27","0.316","0.526","0.461",23.5,14.8,19,"0.223","0.322","0.374",33.3
"Mize, Casey",663554,"DET","SL","Slider",2,2,"111",23.5,"26","0.174","0.348","0.248",31.9,26.9,38.9,"0.231","0.452","0.327",58.8
"Brazobán, Huascar",623211,"NYM","SI","Sinker",2.8,3,"117",48.3,"26","0.174","0.304","0.262",26.2,19.2,33.3,"0.234","0.361","0.308",33.3
"Holton, Tyler",663947,"DET","FC","Cutter",1.4,1,"104",36.9,"26","0.261","0.261","0.288",19.6,11.5,12.5,"0.294","0.351","0.327",50
"Gage, Matt",657424,"SF","SL","Slider",-0.2,0,"122",53.3,"26","0.25","0.45","0.363",20,3.8,5.6,"0.322","0.608","0.456",35
"Santana, Dennis",642701,"PIT","SL","Slider",-2.4,-2,"96",40,"26","0.238","0.476","0.377",32.5,26.9,17.5,"0.222","0.365","0.336",35.7
"De Los Santos, Enyel",660853,"HOU","FF","4-Seam Fastball",0.2,0,"96",40.5,"26","0.261","0.348","0.315",18.6,26.9,17.5,"0.274","0.422","0.344",50
"Miller, Erik",669062,"SF","SI","Sinker",2.5,3,"104",44.3,"26","0.136","0.136","0.212",18.4,26.9,22.6,"0.158","0.212","0.244",26.7
"Moll, Sam",594580,"CIN","SI","Sinker",0.9,1,"95",37.3,"26","0.176","0.176","0.375",13.9,11.5,16.7,"0.171","0.193","0.364",21.4
"Kelly, Merrill",518876,"AZ","FF","4-Seam Fastball",-5.9,-5,"92",24.1,"26","0.45","0.85","0.58",21.1,7.7,13.3,"0.446","1.033","0.633",63.2
"Sewald, Paul",623149,"AZ","FF","4-Seam Fastball",-0.5,0,"98",57.6,"26","0.227","0.636","0.396",24.5,23.1,22.2,"0.28","0.756","0.462",58.8
"Freeland, Kyle",607536,"COL","CU","Curveball",-1.7,-2,"109",25.5,"26","0.304","0.478","0.394",35,26.9,20.6,"0.238","0.378","0.316",50
"Littell, Zack",641793,"WSH","SI","Sinker",-10.1,-9,"89",17.3,"26","0.4","1.04","0.606",5.9,3.8,7.1,"0.411","0.912","0.589",52
"Nance, Tommy",667297,"TOR","CU","Curveball",3.9,4,"93",38.9,"26","0.042","0.042","0.088",30.4,50,27.7,"0.1","0.115","0.141",27.3
"Weaver, Luke",596133,"NYM","FF","4-Seam Fastball",2.4,3,"116",51.6,"26","0.167","0.25","0.236",22.4,26.9,25.9,"0.227","0.328","0.258",38.9
"Marinaccio, Ron",676760,"SD","FF","4-Seam Fastball",-0.3,0,"130",38.6,"26","0.261","0.565","0.387",32.9,26.9,17.5,"0.266","0.612","0.405",56.3
"Gray, Sonny",543243,"BOS","FC","Cutter",2.2,2,"91",23.3,"26","0.261","0.261","0.288",17,0,0,"0.265","0.408","0.335",21.7
"Skenes, Paul",694973,"PIT","CH","Changeup",-0.4,0,"102",18.6,"26","0.25","0.333","0.262",36.4,26.9,12.5,"0.208","0.284","0.223",16.7
"Cecconi, Slade",677944,"CLE","CU","Curveball",-2.9,-3,"101",16.7,"25","0.3","0.6","0.416",40,32,16.3,"0.269","0.536","0.385",46.2
"Peterson, David",656849,"NYM","FF","4-Seam Fastball",-1,-1,"122",21.8,"25","0.292","0.458","0.336",17.2,24,21.4,"0.215","0.295","0.239",33.3
"Faucher, Calvin",676534,"MIA","FC","Cutter",0.8,1,"94",40.9,"25","0.235","0.235","0.354",20.9,8,10,"0.345","0.493","0.46",68.8
"Mlodzinski, Carmen",669387,"PIT","SI","Sinker",-0.5,-1,"124",20.5,"25","0.4","0.5","0.428",8.7,8,10.5,"0.347","0.522","0.426",63.2
"Lawrence, Justin",664875,"PIT","SI","Sinker",0,0,"96",39.5,"25","0.238","0.286","0.378",13.6,0,0,"0.385","0.473","0.426",47.6
"Bido, Osvaldo",674370,"CWS","FF","4-Seam Fastball",-0.1,0,"88",30.3,"25","0.167","0.278","0.332",20.5,12,9.7,"0.262","0.432","0.408",53.3
"Morgan, David",688158,"SD","SI","Sinker",-1.3,-1,"90",34.7,"25","0.318","0.5","0.394",14,8,18.2,"0.28","0.34","0.321",25
"Peralta, Wandy",593974,"SD","SI","Sinker",-3.2,-3,"98",34.5,"25","0.391","0.739","0.496",13.7,8,10.5,"0.241","0.463","0.327",33.3
"Burke, Sean",680732,"CWS","SI","Sinker",-0.4,0,"97",15.5,"25","0.217","0.435","0.308",7.7,0,0,"0.228","0.364","0.29",39.1
"Bernardino, Brennan",657514,"COL","SI","Sinker",1.9,2,"102",44.5,"25","0.292","0.5","0.367",19.6,16,16.7,"0.245","0.392","0.289",35
"Brogdon, Connor",641401,"CLE","CH","Changeup",0.4,0,"93",40.3,"25","0.174","0.217","0.306",24.4,12,18.8,"0.261","0.343","0.282",42.9
"Abbott, Andrew",671096,"CIN","ST","Sweeper",-2.3,-2,"107",17.7,"25","0.292","0.583","0.354",25.5,40,21.3,"0.222","0.466","0.28",40
"Williamson, Brandon",682227,"CIN","FF","4-Seam Fastball",-5,-5,"106",20.5,"25","0.333","0.8","0.534",11.1,4,3.6,"0.385","0.83","0.567",40
"Franco, Jose",683742,"CIN","FF","4-Seam Fastball",-2.2,-2,"95",47.3,"25","0.316","0.684","0.486",7,16,19,"0.32","0.62","0.47",53.3
"Williamson, Brandon",682227,"CIN","CH","Changeup",0.6,1,"122",23.6,"25","0.25","0.292","0.258",38.3,16,12.9,"0.276","0.423","0.315",30
"Rea, Colin",607067,"CHC","FS","Split-Finger",1.9,2,"98",17.8,"25","0.182","0.227","0.242",35.4,24,19.4,"0.225","0.361","0.305",43.8
"Suarez, Ranger",624133,"BOS","CH","Changeup",-1.6,-2,"107",18.6,"25","0.28","0.52","0.338",27.8,16,10.5,"0.252","0.432","0.291",38.1
"Rasmussen, Drew",656876,"TB","SI","Sinker",3.1,3,"92",18.7,"25","0.08","0.2","0.188",9.1,20,17.9,"0.206","0.333","0.231",45
"Helsley, Ryan",664854,"BAL","FF","4-Seam Fastball",2.1,2,"97",50.5,"25","0.143","0.19","0.27",33.3,28,35,"0.191","0.315","0.294",57.1
"Foster, Cameron",671382,"BAL","FF","4-Seam Fastball",-0.8,-1,"92",59.7,"25","0.35","0.35","0.392",25.6,20,26.3,"0.262","0.296","0.335",26.7
"Prielipp, Connor",687570,"MIN","SL","Slider",1.9,2,"102",39.7,"25","0.174","0.261","0.236",30.4,32,16.7,"0.186","0.292","0.217",43.8
"Phillips, Tyler",663969,"MIA","SI","Sinker",0.7,1,"100",27.2,"25","0.25","0.3","0.334",6.1,4,10,"0.298","0.479","0.408",63.2
"Bubic, Kris",663460,"KC","ST","Sweeper",0.1,0,"99",15.7,"24","0.25","0.458","0.3",33.3,37.5,37.5,"0.191","0.347","0.228",33.3
"Teng, Kai-Wei",678906,"HOU","FF","4-Seam Fastball",-0.2,0,"98",27.8,"24","0.182","0.455","0.3",18.2,25,15.8,"0.206","0.424","0.301",50
"Rodriguez, Bradgley",699134,"SD","CH","Changeup",4.4,5,"108",41.5,"24","0","0","0.058",46.2,33.3,21.6,"0.112","0.197","0.178",21.4
"Suter, Brent",608718,"LAA","CH","Changeup",2.9,3,"110",31,"24","0.083","0.125","0.09",41.4,25,12,"0.197","0.304","0.216",16.7
"Gilbert, Logan",669302,"SEA","FC","Cutter",0,0,"99",13.5,"24","0.381","0.476","0.417",19.1,12.5,20,"0.27","0.355","0.324",50
"Kay, Anthony",641743,"CWS","FC","Cutter",-2.1,-2,"112",18.5,"24","0.278","0.611","0.474",21.3,4.2,5.6,"0.227","0.541","0.418",35.3
"Mantiply, Joe",573009,"TOR","SI","Sinker",-1,-1,"93",45.8,"24","0.421","0.632","0.477",4.9,16.7,19,"0.376","0.764","0.507",75
"Ureña, Walbert",700712,"LAA","SI","Sinker",-4.6,-4,"91",30.1,"24","0.474","0.684","0.544",15.4,12.5,25,"0.378","0.582","0.473",56.3
"Megill, Trevor",656730,"MIL","FF","4-Seam Fastball",-0.8,-1,"117",57.1,"24","0.368","0.526","0.441",19.6,16.7,12.1,"0.353","0.713","0.494",62.5
"Fluharty, Mason",689254,"TOR","FC","Cutter",-0.7,-1,"127",53.8,"24","0.368","0.421","0.411",24.2,25,17.1,"0.166","0.319","0.289",35.7
"Poulin, PJ",676571,"WSH","ST","Sweeper",0.2,0,"109",35.2,"24","0.143","0.476","0.306",29.4,29.2,20.6,"0.136","0.444","0.297",57.1
"Mayza, Tim",641835,"PHI","SL","Slider",-1.1,-1,"92",31.3,"24","0.174","0.304","0.263",22.5,25,14.6,"0.224","0.407","0.284",47.1
"Eovaldi, Nathan",543135,"TEX","CU","Curveball",0.1,0,"113",18,"24","0.25","0.417","0.285",33.9,29.2,16.7,"0.15","0.261","0.176",35.3
"Rogers, Taylor",573124,"MIN","ST","Sweeper",-0.5,-1,"100",42.6,"24","0.364","0.455","0.388",20.8,20.8,20,"0.294","0.368","0.323",23.5
"King, Michael",650633,"SD","ST","Sweeper",0.7,1,"130",20.1,"24","0.19","0.333","0.283",31.6,20.8,15.6,"0.182","0.315","0.271",25
"Granillo, Andre",701552,"WSH","SL","Slider",-0.9,-1,"99",60,"24","0.273","0.455","0.344",9.1,12.5,13,"0.287","0.413","0.335",31.6
"Romero, JoJo",668941,"STL","ST","Sweeper",-0.3,0,"107",36.4,"24","0.273","0.5","0.358",20.9,25,19.4,"0.297","0.609","0.407",43.8
"Morales, Luis",806960,"ATH","FF","4-Seam Fastball",-7,-6,"86",40.6,"24","0.471","1.118","0.671",8.1,8.3,10.5,"0.42","0.944","0.609",66.7
"Newcomb, Sean",656794,"CWS","SV","Slurve",0.3,0,"118",35.2,"24","0.261","0.391","0.298",26,25,15.8,"0.253","0.301","0.263",29.4
"Seymour, Ian",693855,"TB","CH","Changeup",0.5,0,"94",33.2,"24","0.217","0.348","0.26",30.4,33.3,24.2,"0.246","0.421","0.3",60
"Bibee, Tanner",676440,"CLE","CU","Curveball",2,2,"95",13.7,"24","0.13","0.261","0.188",21.2,25,13,"0.144","0.308","0.212",35.3
"Martin, Davis",663436,"CWS","FC","Cutter",-1.3,-1,"104",16.6,"24","0.375","0.667","0.442",26,20.8,27.8,"0.42","0.667","0.468",52.6
"McGreevy, Michael",700241,"STL","SI","Sinker",3.3,3,"97",15.8,"24","0.143","0.19","0.215",14.9,25,20.7,"0.2","0.252","0.259",33.3
"Scott, Tanner",656945,"LAD","FF","4-Seam Fastball",0.8,1,"102",52.3,"24","0.167","0.417","0.242",31.7,29.2,21.9,"0.289","0.573","0.364",41.2
"Treinen, Blake",595014,"LAD","ST","Sweeper",-2.5,-2,"89",51.4,"23","0.25","0.65","0.413",38.5,34.8,20.5,"0.339","0.656","0.457",58.3
"Bradish, Kyle",680694,"BAL","CU","Curveball",-0.6,-1,"129",20.2,"23","0.273","0.409","0.311",39.3,21.7,14.7,"0.217","0.309","0.245",52.9
"Mahle, Tyler",641816,"SF","FC","Cutter",0.7,1,"94",15.2,"23","0.3","0.45","0.359",5.6,4.3,14.3,"0.301","0.398","0.337",35
"Morris, Andrew",702193,"MIN","FF","4-Seam Fastball",2.5,2,"96",36,"23","0.2","0.25","0.211",22.6,26.1,18.2,"0.192","0.248","0.21",25
"Bachar, Lake",669199,"MIA","FF","4-Seam Fastball",-0.4,0,"102",35.2,"23","0.15","0.45","0.304",23.4,17.4,22.2,"0.17","0.368","0.289",50
"Martin, Davis",663436,"CWS","SL","Slider",4.2,4,"88",14,"23","0.087","0.13","0.093",59.6,65.2,44.1,"0.092","0.19","0.119",50
"Misiorowski, Jacob",694819,"MIL","CU","Curveball",0,0,"90",14.1,"23","0.1","0.1","0.209",33.3,34.8,18.2,"0.189","0.236","0.252",33.3
"Brown, Ben",676962,"CHC","SI","Sinker",1.7,2,"93",23.2,"23","0.238","0.238","0.296",10,8.7,16.7,"0.216","0.249","0.247",26.3
"Domínguez, Seranthony",622554,"CWS","FF","4-Seam Fastball",-2.3,-2,"91",35.4,"23","0.2","0.4","0.409",29.7,34.8,26.7,"0.206","0.433","0.419",42.9
"Dollander, Chase",801403,"COL","SL","Slider",1,1,"91",14.5,"23","0.238","0.381","0.302",31.7,21.7,23.8,"0.308","0.467","0.366",75
"Kochanowicz, Jack",686799,"LAA","SL","Slider",2,2,"127",19.2,"23","0.053","0.053","0.136",43.6,30.4,24.1,"0.233","0.418","0.329",38.5
"Suarez, José",660761,"ATL","FF","4-Seam Fastball",-1.7,-2,"131",39.9,"23","0.4","0.467","0.493",21.2,13,7.9,"0.317","0.42","0.451",50
"Suter, Brent",608718,"LAA","SI","Sinker",0.9,1,"92",25.9,"23","0.3","0.4","0.357",21.4,26.1,17.1,"0.224","0.381","0.316",57.1
"Ginkel, Kevin",656464,"AZ","FF","4-Seam Fastball",-0.7,-1,"109",44.1,"23","0.364","0.545","0.407",15.4,26.1,20.7,"0.286","0.474","0.34",62.5
"Harris, Hogan",663687,"ATH","CU","Curveball",-1.4,-1,"87",23.9,"22","0.263","0.421","0.35",30.3,31.8,26.9,"0.29","0.57","0.413",41.7
"Milner, Hoby",571948,"CHC","SI","Sinker",2.1,2,"103",42.7,"22","0.273","0.409","0.295",9.3,0,0,"0.377","0.695","0.455",45.5
"Cabrera, Edward",665795,"CHC","FF","4-Seam Fastball",-0.4,0,"93",14.6,"22","0.235","0.471","0.389",25.7,13.6,13,"0.223","0.507","0.396",42.9
"Miller, Mason",695243,"SD","FF","4-Seam Fastball",1.7,2,"96",41.7,"22","0.211","0.211","0.259",41.2,31.8,26.9,"0.204","0.241","0.264",25
"Bigge, Hunter",685801,"TB","FF","4-Seam Fastball",1.7,1,"85",51.8,"22","0.105","0.263","0.227",19.4,13.6,27.3,"0.213","0.374","0.31",37.5
"Ragans, Cole",666142,"KC","CH","Changeup",-3,-3,"104",17.9,"22","0.318","0.636","0.402",40.4,27.3,18.8,"0.252","0.54","0.332",31.3
"Pfaadt, Brandon",694297,"AZ","CU","Curveball",-0.1,0,"105",22.2,"22","0.167","0.333","0.268",34.9,22.7,16.7,"0.142","0.267","0.269",14.3
"Wacha, Michael",608379,"KC","SI","Sinker",0.2,0,"91",14.2,"22","0.125","0.375","0.339",20,18.2,14.8,"0.259","0.525","0.431",58.3
"Sánchez, Cristopher",650911,"PHI","SL","Slider",-0.6,-1,"122",18.8,"22","0.318","0.5","0.393",34.5,27.3,21.4,"0.303","0.494","0.342",31.3
"Sasaki, Roki",808963,"LAD","SL","Slider",-1.3,-1,"110",20.3,"22","0.25","0.5","0.407",37.3,27.3,26.1,"0.153","0.216","0.287",27.3
"McLean, Nolan",690997,"NYM","ST","Sweeper",-1.6,-2,"94",14.7,"22","0.235","0.235","0.323",21.7,18.2,17.4,"0.184","0.22","0.294",7.7
"Beeter, Clayton",690925,"WSH","FF","4-Seam Fastball",0.3,0,"101",55.8,"22","0.25","0.438","0.373",14.6,9.1,11.8,"0.256","0.46","0.433",66.7
"Junk, Janson",676083,"MIA","CH","Changeup",-0.1,0,"120",20.6,"22","0.273","0.364","0.318",41.2,22.7,15.2,"0.294","0.35","0.281",41.2
"McLean, Nolan",690997,"NYM","FF","4-Seam Fastball",1.5,2,"113",17.7,"22","0.2","0.35","0.277",23.1,27.3,20,"0.239","0.416","0.317",57.1
"Williams, Devin",642207,"NYM","FF","4-Seam Fastball",0.4,0,"113",51.8,"22","0.278","0.389","0.348",37.3,36.4,30.8,"0.163","0.227","0.245",36.4
"Phillips, Tyler",663969,"MIA","ST","Sweeper",3.8,4,"94",25.5,"22","0.143","0.19","0.17",34.4,31.8,36.8,"0.135","0.234","0.181",28.6
"Ray, Robbie",592662,"SF","CH","Changeup",3,3,"89",13.1,"22","0.143","0.333","0.231",29.8,27.3,22.2,"0.163","0.37","0.246",20
"Cantillo, Joey",676282,"CLE","CU","Curveball",-0.3,0,"96",16.3,"22","0.3","0.3","0.309",31.4,36.4,24.2,"0.239","0.266","0.265",33.3
"Romano, Jordan",605447,"LAA","FF","4-Seam Fastball",0.2,0,"94",49,"21","0.267","0.333","0.388",17.1,19,11.8,"0.211","0.323","0.364",45.5
"Webb, Logan",657277,"SF","ST","Sweeper",-0.4,-1,"139",20.8,"21","0.333","0.444","0.39",15.8,28.6,23.1,"0.297","0.505","0.392",41.7
"Soto, Gregory",642397,"PIT","SI","Sinker",2.3,2,"105",39.9,"21","0.211","0.263","0.255",5.9,4.8,16.7,"0.274","0.331","0.306",27.8
"Varland, Louis",686973,"TOR","CU","Curveball",-2.3,-2,"88",29.8,"21","0.4","0.45","0.393",40.9,38.1,25.8,"0.263","0.315","0.276",58.3
"Ohtani, Shohei",660271,"LAD","ST","Sweeper",2.2,2,"102",21.6,"21","0.167","0.278","0.262",42.2,33.3,25,"0.119","0.133","0.194",0
"Gilbert, Logan",669302,"SEA","CU","Curveball",0,0,"93",12.7,"21","0.238","0.381","0.307",30.2,19,14.8,"0.315","0.513","0.355",29.4
"Leahy, Kyle",681517,"STL","SL","Slider",-0.3,0,"92",15.5,"21","0.368","0.474","0.4",15.6,9.5,20,"0.347","0.422","0.367",35.3
"Phillips, Tyler",663969,"MIA","FS","Split-Finger",2.5,2,"88",23.9,"21","0.105","0.105","0.195",46.2,42.9,29,"0.141","0.211","0.203",20
"Sterner, Justin",686993,"ATH","ST","Sweeper",1.5,1,"85",27.8,"21","0.1","0.25","0.171",44.7,42.9,25,"0.146","0.183","0.169",36.4
"Hoffman, Jeff",656546,"TOR","FF","4-Seam Fastball",-1.7,-2,"95",34.1,"21","0.353","0.706","0.462",34,42.9,26.5,"0.191","0.452","0.379",44.4
"Houser, Adrian",605288,"SF","CH","Changeup",-1.2,-1,"112",22.6,"21","0.286","0.429","0.35",34.9,19,11.4,"0.247","0.377","0.267",41.2
"Winn, Cole",668390,"TEX","FF","4-Seam Fastball",-0.2,0,"86",35.1,"20","0.2","0.4","0.365",30.4,40,25,"0.155","0.375","0.341",71.4
"Imanaga, Shota",684007,"CHC","ST","Sweeper",1.6,2,"99",15.3,"20","0.2","0.3","0.215",42.6,40,25,"0.162","0.217","0.162",25
"Anderson, Grant",681982,"MIL","FF","4-Seam Fastball",1.1,1,"93",37.8,"20","0.176","0.294","0.275",22.4,20,11.1,"0.212","0.324","0.3",46.2
"Walker, Taijuan",592836,"PHI","SI","Sinker",-3.9,-4,"96",22.6,"20","0.375","0.625","0.483",13.3,20,14.3,"0.239","0.44","0.371",41.7
"Banks, Tanner",621383,"PHI","SL","Slider",0.3,0,"91",32.7,"20","0.353","0.412","0.393",23.9,25,26.3,"0.275","0.332","0.329",25
"Hall, DL",669084,"MIL","SI","Sinker",1.7,2,"110",37.4,"20","0.214","0.214","0.345",11.1,5,5,"0.333","0.482","0.456",30.8
"Doval, Camilo",666808,"NYY","FC","Cutter",1,1,"89",43.4,"20","0.188","0.25","0.303",25.6,15,18.8,"0.174","0.21","0.239",42.9
"Lugo, Seth",607625,"KC","FF","4-Seam Fastball",-1.1,-1,"110",16.7,"20","0.389","0.5","0.42",16.7,20,13.8,"0.302","0.517","0.384",35.7
"Weathers, Ryan",677960,"NYY","ST","Sweeper",2.4,3,"125",19.8,"20","0.1","0.25","0.145",48.7,55,40.7,"0.151","0.261","0.177",11.1
"Whitlock, Garrett",676477,"BOS","SI","Sinker",-0.8,-1,"118",46.5,"20","0.294","0.471","0.385",12.9,5,3.4,"0.367","0.579","0.452",37.5
"Rodriguez, Eduardo",593958,"AZ","FC","Cutter",-4.3,-4,"83",15,"20","0.333","0.778","0.485",12.5,15,23.1,"0.313","0.78","0.482",53.3
"Pérez, Eury",691587,"MIA","ST","Sweeper",1.3,1,"93",15,"20","0.2","0.3","0.215",31.3,40,25,"0.179","0.318","0.212",25
"Baker, Bryan",641329,"TB","FF","4-Seam Fastball",2.2,2,"106",46.7,"20","0.118","0.118","0.195",32,25,13.2,"0.137","0.169","0.218",41.7
"Moll, Sam",594580,"CIN","ST","Sweeper",2.3,2,"100",39.2,"20","0.111","0.111","0.16",33.3,30,33.3,"0.169","0.193","0.213",16.7
"Kelly, Zack",677161,"BOS","FC","Cutter",0.8,1,"88",44.7,"20","0.278","0.5","0.368",22.9,10,33.3,"0.396","0.695","0.488",43.8
"Burke, Sean",680732,"CWS","SL","Slider",3.4,3,"91",14.6,"19","0.167","0.222","0.197",31.8,21.1,16,"0.217","0.258","0.233",21.4
"Bednar, David",670280,"NYY","FF","4-Seam Fastball",-2.1,-2,"102",37.4,"19","0.467","0.733","0.553",19.6,21.1,11.1,"0.234","0.322","0.338",45.5
"Painter, Andrew",691725,"PHI","SL","Slider",-0.4,0,"94",17.6,"19","0.294","0.353","0.269",41,42.1,26.7,"0.27","0.356","0.269",36.4
"Burrows, Mike",681347,"HOU","CU","Curveball",1.3,1,"96",15.1,"19","0.158","0.368","0.218",42.5,52.6,30.3,"0.188","0.377","0.237",44.4
"Alcantara, Sandy",645261,"MIA","SL","Slider",1.8,2,"103",15.4,"19","0.111","0.278","0.189",34,31.6,24,"0.16","0.323","0.23",25
"Holmes, Clay",605280,"NYM","ST","Sweeper",1.1,1,"107",17,"19","0.235","0.235","0.263",36.7,42.1,25.8,"0.159","0.179","0.205",22.2
"Keller, Brad",641745,"PHI","FF","4-Seam Fastball",-3.4,-3,"96",39.8,"19","0.467","0.667","0.537",26.2,26.3,15.2,"0.321","0.452","0.409",70
"Arrighetti, Spencer",681293,"HOU","FF","4-Seam Fastball",0.6,1,"91",24,"18","0.308","0.385","0.414",14.6,5.6,7.1,"0.451","0.796","0.578",66.7
"Griffin, Foster",656492,"WSH","ST","Sweeper",0.8,1,"88",13.8,"18","0.278","0.333","0.269",35.5,22.2,16,"0.299","0.405","0.302",28.6
"Pérez, Eury",691587,"MIA","SL","Slider",-1.2,-1,"99",15.9,"18","0.2","0.667","0.408",37.5,16.7,9.4,"0.348","0.805","0.522",58.3
"Woodruff, Brandon",605540,"MIL","CH","Changeup",1,1,"87",21,"18","0.222","0.278","0.219",39.5,27.8,23.8,"0.274","0.382","0.283",23.1
"Headrick, Brent",687396,"NYY","SL","Slider",0.6,1,"91",34.1,"18","0.188","0.313","0.213",53.5,33.3,26.1,"0.224","0.404","0.265",41.7
"Kay, Anthony",641743,"CWS","CH","Changeup",0.6,1,"88",14.5,"18","0.111","0.278","0.161",26.3,16.7,10,"0.278","0.445","0.309",46.7
"Pallante, Andre",669467,"STL","CU","Curveball",0,0,"99",18.4,"18","0.176","0.294","0.228",31.3,22.2,12.1,"0.228","0.394","0.289",46.2
"Vásquez, Randy",681190,"SD","CU","Curveball",-0.7,-1,"86",13.7,"18","0.294","0.529","0.369",25.5,22.2,11.8,"0.288","0.47","0.345",46.2
"deGrom, Jacob",594798,"TEX","CH","Changeup",3.2,3,"85",16.3,"18","0.111","0.111","0.1",39.5,38.9,31.8,"0.151","0.225","0.162",18.2
"Glasnow, Tyler",607192,"LAD","SL","Slider",2.9,3,"90",15.5,"17","0.118","0.176","0.126",41.3,35.3,25,"0.155","0.263","0.175",27.3
"Blubaugh, AJ",805123,"HOU","ST","Sweeper",0.7,1,"90",22.9,"17","0.286","0.357","0.315",41.9,23.5,13.8,"0.162","0.283","0.312",45.5
"Boyle, Joe",671212,"TB","SL","Slider",1.8,2,"90",34.2,"17","0.143","0.214","0.221",27,17.6,16.7,"0.221","0.315","0.271",30.8
"Kay, Anthony",641743,"CWS","ST","Sweeper",0.1,0,"121",19.9,"17","0.267","0.333","0.315",25.7,23.5,8.9,"0.234","0.401","0.32",54.5
"Nardi, Andrew",677053,"MIA","ST","Sweeper",-3.5,-3,"94",42.5,"17","0.333","0.933","0.538",41.2,35.3,19.4,"0.305","0.85","0.506",55.6
"Lauer, Eric",641778,"TOR","FC","Cutter",-0.9,-1,"89",17,"16","0.308","0.538","0.425",36.6,6.3,5.3,"0.3","0.571","0.433",16.7
"Erceg, Lucas",668674,"KC","FF","4-Seam Fastball",0.8,1,"92",35.7,"15","0.214","0.286","0.25",15,20,10.7,"0.386","0.585","0.439",54.5
"Bednar, David",670280,"NYY","CU","Curveball",0.1,0,"88",32.2,"15","0.357","0.357","0.3",32.4,13.3,10,"0.294","0.336","0.288",15.4
"Suarez, Ranger",624133,"BOS","FF","4-Seam Fastball",2.7,3,"103",17.9,"14","0.083","0.083","0.164",15,28.6,15.4,"0.19","0.38","0.306",37.5
"Imai, Tatsuya",837227,"HOU","FF","4-Seam Fastball",-0.9,-1,"98",47.8,"14","0.3","0.3","0.393",25,28.6,14.8,"0.242","0.315","0.373",50
"Lorenzen, Michael",547179,"COL","CU","Curveball",0.1,0,"91",14.8,"14","0.286","0.357","0.282",26.7,7.1,6.7,"0.285","0.33","0.267",53.8
"Scholtens, Jesse",669947,"TB","FF","4-Seam Fastball",0,0,"86",24.4,"14","0.3","0.4","0.418",19.4,28.6,12.1,"0.249","0.448","0.412",33.3
"Stanek, Ryne",592773,"STL","SL","Slider",-1,-1,"92",26.6,"11","0.364","0.455","0.359",51.3,18.2,5.7,"0.297","0.397","0.296",33.3