"pitcher","pitcher_name","pitch_hand","n_pitches","team_id","ball_angle","relative_release_ball_x","release_ball_z","relative_shoulder_x","shoulder_z"
453286,"Scherzer, Max","R",343,141,"33.1",-2.224360550040743,5.696793002915452,-0.31382946321385696,4.450909972560453
500779,"Quintana, Jose","L",328,115,"41.9",1.908509042075959,5.7457317073170735,0.25735103881352983,4.26558881923612
518585,"Cruz, Fernando","R",212,147,"47.9",-1.5242803394231685,6.009811320754717,-0.05818968822520432,4.3824843725826526
518876,"Kelly, Merrill","R",289,109,"24.1",-2.307282068993052,5.440242214532872,-0.26845718995367884,4.525087602464704
519242,"Sale, Chris","L",542,144,"10.6",3.226476094353857,4.841070110701107,0.8527021304865455,4.39514372743059
527048,"Pérez, Martín","L",445,144,"45.4",1.625023502622613,5.630674157303371,0.008092935969076082,3.985491012237377
542888,"Armstrong, Shawn","R",200,114,"41.0",-2.0327892016551994,5.8156,-0.2737815935828877,4.283325482620321
543135,"Eovaldi, Nathan","R",628,140,"36.2",-2.429952190974771,5.676990445859873,-0.47909810378986567,4.248696069348411
543243,"Gray, Sonny","R",388,111,"48.0",-1.274814387839509,5.596546391752577,0.15227647334472685,4.0135514244170025
544150,"Suárez, Albert","R",192,110,"42.7",-1.6458817774496868,6.321875,0.07742251977495544,4.727031834893048
547179,"Lorenzen, Michael","R",530,115,"41.0",-1.7164497294248486,5.767830188679246,0.05101357380688124,4.228526796825077
571510,"Boyd, Matthew","L",336,112,"25.0",2.5698077077062553,5.445654761904762,0.32397597110814025,4.399576887838469
571578,"Corbin, Patrick","L",313,141,"37.7",1.9051366613567162,6.237955271565495,0.03562322472991521,4.792912831377105
571927,"Matz, Steven","L",508,139,"33.9",2.068583035163964,5.762362204724409,0.13131932028717,4.459852232901034
571945,"Mikolas, Miles","R",400,120,"43.8",-1.9077375066994533,6.5755,-0.051969310383244205,4.7936814855169345
571948,"Milner, Hoby","L",214,112,"-4.1",2.906444733036758,4.21570093457944,0.6866162485214987,4.374436579789095
573124,"Rogers, Taylor","L",195,142,"28.6",1.930307083399364,5.591025641025641,-0.11899351569998629,4.472649340920517
579328,"Kikuchi, Yusei","L",538,108,"49.4",1.36826401615299,5.759275092936803,-0.029834720096216925,4.131893929288512
592332,"Gausman, Kevin","R",530,141,"38.3",-1.9802194691518575,5.873358490566038,-0.1081417833720109,4.393103075034474
592662,"Ray, Robbie","L",578,137,"45.5",1.690017116188717,6.1803806228373706,0.11101474936624542,4.57241757797803
592773,"Stanek, Ryne","R",302,138,"46.8",-1.3208465125681292,6.369701986754967,0.3484036128720001,4.59118030214494
592791,"Taillon, Jameson","R",550,112,"45.7",-1.5498745568671406,6.068781818181818,0.06355121212121212,4.411676726948631
592836,"Walker, Taijuan","R",424,143,"43.6",-1.8952864674287655,6.547452830188679,-0.16173196238186527,4.898880968746847
593958,"Rodriguez, Eduardo","L",552,109,"43.0",1.8229194638968786,5.987626811594203,0.08188869836472137,4.363431294724741
593974,"Peralta, Wandy","L",221,135,"42.1",1.636028227914351,5.970226244343891,-0.1021282672344956,4.399875512780184
594580,"Moll, Sam","L",205,113,"13.3",2.323091900565378,4.832487804878049,0.14455273466371027,4.317441734272423
594798,"deGrom, Jacob","R",520,140,"33.3",-2.0855124506961027,5.656673076923077,-0.04718137597696421,4.317445874297271
595345,"Okert, Steven","L",208,117,"34.5",2.3809920118642114,5.868653846153846,0.4264395790484026,4.522984138471823
601713,"Pivetta, Nick","R",283,135,"57.7",-0.9417459663452036,6.613321554770318,0.311305929908102,4.634516467627848
605130,"Barlow, Scott","R",201,133,"24.9",-2.4470045762766506,5.209950248756219,-0.3119414021691897,4.215680958842153
605135,"Bassitt, Chris","R",439,110,"29.7",-2.3792075268819444,5.3593166287015945,-0.14375998826534134,4.086452364391604
605280,"Holmes, Clay","R",531,121,"40.8",-1.9280102304826372,6.4037664783427495,-0.0488001520690454,4.7824521783135445
605288,"Houser, Adrian","R",428,137,"38.6",-2.022182142911941,5.8363084112149535,-0.16133173134589435,4.350510791810352
605400,"Nola, Aaron","R",546,143,"19.4",-2.4244949134204314,4.97992673992674,-0.2607296437222908,4.219390992340992
605447,"Romano, Jordan","R",192,108,"54.2",-1.086227168851083,6.03125,0.25289934733363045,4.175478003379382
605488,"Springs, Jeffrey","L",545,133,"46.6",1.4540626866789628,6.111651376146789,-0.07008830774011021,4.49741574547417
605540,"Woodruff, Brandon","R",394,158,"43.1",-1.615915014862248,5.951065989847716,0.034677105784630416,4.4032839807450435
606996,"Hart, Kyle","L",240,135,"37.2",2.0198712486823527,5.58975,0.11160671754307784,4.142605753862151
607067,"Rea, Colin","R",446,112,"30.7",-2.0763860101442213,5.5102242152466365,-0.17718532089558203,4.38449468997546
607192,"Glasnow, Tyler","R",580,119,"56.9",-1.121837391104587,6.125965517241379,0.19024199459093982,4.105820200381093
607200,"Fedde, Erick","R",519,145,"35.1",-1.9098474335837234,5.890308285163776,0.008136687514382183,4.542730814262997
607259,"Martinez, Nick","R",517,139,"55.7",-1.0224082014465956,6.085493230174081,0.24314040829273506,4.225027109127456
607455,"Banda, Anthony","L",225,142,"32.9",2.076287714664784,5.432133333333334,0.06926909051297288,4.130151141612201
607536,"Freeland, Kyle","L",329,115,"32.1",2.0014443322340765,5.866474164133739,0.09220594547296676,4.6662931640741405
607625,"Lugo, Seth","R",554,118,"30.1",-2.2801945924809317,5.485595667870036,-0.21648611636646783,4.286733968158973
608331,"Fried, Max","L",655,147,"46.0",1.654258468066975,5.932748091603053,-0.04966387367160605,4.172384469526881
608372,"Sugano, Tomoyuki","R",504,115,"40.8",-1.9134303989618957,5.931904761904762,-0.20350079082137906,4.454186569653114
608379,"Wacha, Michael","R",561,118,"52.2",-1.2310059661014092,6.542370766488413,0.1740173766605978,4.7296602015753635
608566,"Márquez, Germán","R",331,135,"38.9",-1.918950328194842,6.074229607250755,-0.07444862513530542,4.586393284004071
608718,"Suter, Brent","L",323,108,"48.7",1.4261647864933777,6.0592569659442725,0.04498597594962557,4.488772143673118
621111,"Buehler, Walker","R",453,135,"45.7",-1.4934483286461921,5.568830022075055,-0.028283226696257463,4.068726542597774
621121,"McCullers Jr., Lance","R",416,117,"32.5",-2.1015796960647686,5.429759615384615,-0.21470089876422596,4.229241796071576
621237,"Alvarado, José","L",198,143,"56.3",1.0620657075337276,6.463737373737374,-0.33017458767712776,4.37605140261798
621381,"Strahm, Matt","L",205,118,"29.9",2.1739258448095944,5.237219512195122,0.05461336637537499,4.017353277683579
621383,"Banks, Tanner","L",212,143,"48.9",1.695204081685839,6.464292452830189,0.12800991028486866,4.6710394868496286
622491,"Castillo, Luis","R",550,136,"18.1",-2.4361854201838855,5.1671818181818185,-0.19243243477556313,4.434998736833577
622554,"Domínguez, Seranthony","R",251,145,"28.0",-2.1489294840207265,5.508685258964143,-0.11072961735943924,4.4275915585430115
622608,"Senzatela, Antonio","R",242,115,"40.3",-2.0879480565110904,5.918181818181818,-0.2975730053328619,4.396275347667241
622663,"Severino, Luis","R",666,133,"39.8",-1.5917920810160735,5.813288288288288,0.04155917133711251,4.452255029093265
623211,"Brazobán, Huascar","R",202,121,"38.5",-2.055579557018934,5.98460396039604,0.0034600015883941367,4.343148540001059
623437,"Topa, Justin","R",211,142,"11.6",-2.8122821562183375,4.972654028436019,-0.4901508938000017,4.4947679178177085
623454,"Anderson, Drew","R",268,116,"43.2",-1.8332544003915017,5.804589552238806,-0.015062413533934609,4.09475581151728
623474,"Herget, Jimmy","R",217,115,"5.0",-2.915713718598543,5.035161290322581,-0.6071868951099502,4.82619141674265
624133,"Suarez, Ranger","L",504,111,"41.5",1.7637467644549,5.9031150793650795,0.07223639529043942,4.406979251725943
625643,"López, Reynaldo","R",407,144,"41.6",-1.6586687322019487,5.743538083538083,-0.12677615831680003,4.381471078759849
640448,"Finnegan, Kyle","R",239,116,"52.0",-0.9788905286302667,5.700376569037657,0.37452955533677906,3.9668881286405777
640455,"Manaea, Sean","L",420,121,"16.5",3.2064211855708376,5.162571428571429,0.9533239321789322,4.493999248790425
641302,"Alexander, Tyler","L",229,140,"33.1",2.17897760943245,5.457554585152838,0.25349158551868545,4.201632913776865
641312,"Anderson, Shaun","R",277,108,"44.1",-1.6438140355105424,6.016714801444043,-0.14992262624117583,4.567271636196323
641329,"Baker, Bryan","R",201,139,"55.4",-1.1147913385113017,6.5796517412935325,0.3192413112689671,4.497992751483226
641401,"Brogdon, Connor","R",192,114,"33.3",-2.053464839436797,5.8410416666666665,-0.09259579434046344,4.555040477848336
641743,"Kay, Anthony","L",521,145,"36.7",1.866261072491125,5.7881190019193856,0.02959774326760891,4.416274800448883
641755,"Kinley, Tyler","R",213,144,"45.3",-1.4451336331655418,6.509718309859155,0.1629873289648766,4.885024857523034
641778,"Lauer, Eric","L",461,141,"37.0",1.6689803953827549,6.111409978308026,-0.2741842197656029,4.647931768301878
641793,"Littell, Zack","R",442,120,"38.6",-1.992033964449344,6.110950226244344,-0.2337420794315258,4.706668535299764
641816,"Mahle, Tyler","R",527,137,"41.8",-1.8678251397177326,5.483130929791272,-0.23000221209753524,4.016928318738225
641835,"Mayza, Tim","L",261,143,"41.9",1.9487586936424932,6.228850574712644,0.15563384521345983,4.616964502701116
641927,"Ober, Bailey","R",516,142,"27.1",-2.4920429665485027,5.893934108527132,-0.2885026974602385,4.762810010329008
641941,"Pagán, Emilio","R",201,113,"40.8",-1.5810136349748354,5.521194029850746,0.1694242823316572,4.008022705545357
642100,"Speier, Gabe","L",211,136,"30.2",1.9541182705164584,5.564170616113744,0.0628260025681966,4.463761778222707
642121,"Sulser, Cole","R",287,139,"41.8",-1.6760406270179422,5.69588850174216,-0.11805044252734354,4.303672191892278
642397,"Soto, Gregory","L",239,134,"35.0",2.2236150785032556,5.63928870292887,0.25950987738572034,4.263053868614772
642528,"Loáisiga, Jonathan","R",193,109,"42.4",-1.782564438492093,5.428445595854923,-0.08259871759349054,3.873953969595375
642547,"Peralta, Freddy","R",561,121,"32.7",-2.3991314917980238,5.19331550802139,-0.44989165721384977,3.9431269068476524
642701,"Santana, Dennis","R",240,134,"32.0",-2.438143971463201,5.6401666666666666,-0.356754894533571,4.338706955213904
643377,"Jax, Griffin","R",218,139,"42.4",-1.479514533297753,5.442614678899083,0.21080659904495577,3.8970924561317437
643410,"Leiter Jr., Mark","R",235,133,"46.7",-1.5068374333454486,5.806127659574468,-0.015726178177267035,4.221647034930026
645261,"Alcantara, Sandy","R",670,146,"34.1",-2.312821404200161,5.943776119402985,-0.1703586384920318,4.490100033921302
647336,"Soroka, Michael","R",468,109,"28.1",-2.388754382835579,5.591324786324786,-0.24384765261971145,4.445200191012691
650556,"Abreu, Bryan","R",197,117,"42.3",-1.7137653180701309,5.709746192893401,0.025277744600378217,4.122769634988282
650633,"King, Michael","R",448,135,"24.4",-2.411496995564543,5.36109375,-0.3524048371052967,4.425409925276929
650644,"Civale, Aaron","R",509,133,"42.1",-1.4203413772036053,6.229842829076621,0.20592330720821994,4.7581910567013015
650911,"Sánchez, Cristopher","L",564,143,"30.3",2.1619507873780965,6.024964539007092,0.16329417880304928,4.85898429144385
656222,"Beeks, Jalen","L",201,140,"44.8",1.9445019838127238,5.93363184079602,0.2970582918739635,4.296006006952759
656271,"Burke, Brock","L",236,113,"43.4",1.8016955836792876,6.34135593220339,0.07314792591921206,4.702777617526209
656302,"Cease, Dylan","R",602,141,"52.0",-1.3926310010361318,6.102508305647841,-0.03317005169932667,4.36296613220341
656427,"Flaherty, Jack","R",502,116,"26.5",-2.017147697047557,5.311713147410359,-0.019831548316537776,4.316363896641597
656464,"Ginkel, Kevin","R",211,109,"42.5",-1.6754953280710991,6.561374407582939,0.12144933049480024,4.910621860506374
656492,"Griffin, Foster","L",540,120,"45.6",1.6521644605806964,5.843277777777778,0.04579987291212782,4.202617668185119
656546,"Hoffman, Jeff","R",251,141,"30.0",-2.2382657543179363,5.537290836653386,-0.05902024522231929,4.276008905554254
656550,"Holmes, Grant","R",489,144,"40.5",-1.8984306874463908,5.833619631901841,-0.2090364498467169,4.388191211647329
656605,"Keller, Mitch","R",512,134,"35.7",-1.8131606489780494,5.69708984375,-0.048184852314505346,4.429122102690508
656638,"Lange, Alex","R",272,118,"42.1",-1.6206497253069398,5.857058823529412,0.13865987797525428,4.268994272963196
656641,"Latz, Jacob","L",254,140,"52.2",1.1281020167057842,6.028740157480315,-0.25672392065630834,4.237510144988561
656794,"Newcomb, Sean","L",307,145,"25.5",2.646435277289413,5.826905537459283,0.3187290961928153,4.716671871135188
656848,"Petersen, Michael","R",195,146,"51.2",-1.1702167252287101,6.508820512820513,0.34870877462406874,4.617723832899127
656849,"Peterson, David","L",490,121,"41.5",1.7813651899472396,6.15469387755102,-0.06778582851322347,4.517278409181855
656876,"Rasmussen, Drew","R",427,139,"51.8",-1.2522984791259846,5.79791569086651,0.1530075027030186,4.01134180244378
657097,"Webb, Jacob","R",213,112,"32.8",-2.2884663978251076,5.5492488262910795,-0.3618913400784983,4.308710837873348
657277,"Webb, Logan","R",577,137,"21.0",-2.6873122529315907,4.9049393414211435,-0.5530387230959818,4.086939204410298
657424,"Gage, Matt","L",203,137,"49.7",1.5825717412026008,6.423349753694581,0.0343826826655427,4.596282042095835
657514,"Bernardino, Brennan","L",196,115,"14.3",2.4707695919160133,4.886428571428572,0.2958161601004038,4.334151360998945
657746,"Ryan, Joe","R",627,142,"24.8",-2.040865121113423,4.788373205741626,0.03896910549343704,3.8236189211279696
657756,"Seabold, Connor","R",200,116,"32.6",-2.2273957273278615,5.28235,-0.43435961497326203,4.135522940730838
660271,"Ohtani, Shohei","R",473,119,"35.2",-2.0171036642360933,5.718033826638478,-0.15338106974483048,4.404933723756656
660761,"Suarez, José","L",260,144,"42.3",1.8031587656970198,5.772461538461538,0.19907651343754285,4.3136584467983
660825,"Bazardo, Eduard","R",221,136,"41.5",-1.6276836458049486,5.800271493212669,0.1292870431759705,4.245400802945612
661563,"Gil, Luis","R",336,147,"34.6",-2.048568002603552,5.661934523809524,-0.11040085147695441,4.324412827327901
662253,"Muñoz, Andrés","R",225,136,"28.3",-1.9812139763033876,5.3279555555555556,-0.09627280728857202,4.3140611158645275
663362,"Waldron, Matt","R",246,135,"29.9",-2.369651194475669,5.481138211382114,-0.43338987435328896,4.366420223758388
663372,"Feltner, Ryan","R",326,115,"43.1",-1.6967523524893635,5.465644171779141,-0.03758810515840469,3.909225899467428
663436,"Martin, Davis","R",543,145,"36.4",-2.107035619477952,5.853278084714549,-0.2516627342649767,4.486291423333103
663460,"Bubic, Kris","L",537,118,"38.5",1.9690988288711073,5.603389199255121,0.180287039471282,4.178224011724209
663542,"Hudson, Bryan","L",274,145,"15.0",2.8330443722944754,5.157408759124087,0.36470002049260314,4.493580489415407
663554,"Mize, Casey","R",470,116,"43.5",-1.7287975751148306,5.797170212765957,-0.12392750369780407,4.274669944627754
663556,"McClanahan, Shane","L",407,139,"38.7",1.7745664545240707,6.115995085995086,0.06847133497133498,4.748419873689927
663558,"Morán, Jovani","L",278,111,"48.1",1.5262141530713436,5.815971223021583,0.10244267078315956,4.228698759922543
663574,"Santillan, Tony","R",193,113,"21.0",-2.2732052308438826,5.164818652849741,-0.0939566055249231,4.327904102130725
663623,"Irvin, Jake","R",519,120,"26.3",-2.231190861221789,5.381811175337187,-0.176041463942382,4.363442120971703
663687,"Harris, Hogan","L",321,133,"56.7",1.154787805295341,6.094330218068536,-0.13394276964254972,4.127770470788145
663765,"Woodford, Jake","R",208,158,"25.1",-2.502161931390411,4.932451923076923,-0.41492953817016315,3.954320586949815
663855,"Hicks, Jordan","R",214,145,"30.8",-2.351180379507192,5.732383177570093,-0.3181700909590684,4.521104043597048
663903,"Singer, Brady","R",507,113,"24.3",-2.093821872572478,5.193885601577909,-0.19649399318630087,4.336502069599581
663947,"Holton, Tyler","L",243,116,"38.0",1.9517412475117912,5.820905349794239,0.14413202320958313,4.407985320892292
663969,"Phillips, Tyler","R",321,146,"33.8",-1.9057061388683487,6.008722741433022,0.09367889116564215,4.675328280884713
663978,"Paddack, Chris","R",512,146,"46.5",-1.5758840103094356,6.09849609375,0.08803593384441845,4.346344674513982
663992,"Lovelady, Richard","L",213,9999,"20.2",2.5615736668748554,5.289718309859155,0.6295117973437775,4.578158997598186
664141,"Brubaker, JT","R",238,137,"46.7",-1.493264503946786,6.301008403361345,0.2124173246303869,4.486914096226726
664199,"Clarke, Taylor","R",196,109,"43.9",-1.621426015179741,6.108469387755102,0.12985626386918406,4.418140245643712
664285,"Valdez, Framber","L",523,116,"43.2",1.7677004573284758,5.990458891013384,0.18540738779085422,4.5055974011854
664875,"Lawrence, Justin","R",230,134,"3.8",-2.9998988015270296,4.364217391304348,-0.5805971898008215,4.202858974657056
665795,"Cabrera, Edward","R",548,112,"33.6",-2.226706471397681,5.953503649635037,-0.15502285592073592,4.578683777665014
665871,"Assad, Javier","R",321,112,"51.1",-1.216497925699451,5.929408099688474,0.18983410132107217,4.186258534215159
666142,"Ragans, Cole","L",484,118,"42.3",1.7400169942428736,6.280702479338843,-0.01623975449684006,4.685333442531784
666171,"Zeferjahn, Ryan","R",295,108,"36.5",-1.933940974030799,5.698610169491525,-0.10064603432127858,4.341993879573401
666200,"Luzardo, Jesús","L",563,143,"31.6",2.239522143655429,5.7578152753108345,0.26622636911376857,4.543396747751256
666277,"Soriano, George","R",224,138,"33.4",-1.9698569490915492,5.537366071428571,-0.010616764944614216,4.242967992822129
666661,"Morillo, Juan","R",211,109,"46.3",-1.6349885594204134,5.773649289099526,0.06412737537065666,3.995220797323669
667297,"Nance, Tommy","R",194,141,"46.1",-1.6360049188877435,6.413298969072165,0.06636596238307882,4.6451898652994466
667755,"Soriano, José","R",664,108,"32.7",-2.28802178881881,5.713463855421686,-0.3166650311137599,4.449901450319996
668390,"Winn, Cole","R",220,140,"38.8",-2.0649902831663676,5.4570454545454545,-0.25353340990115053,4.004117702155242
668674,"Erceg, Lucas","R",229,118,"43.9",-1.5690412969652534,5.953406113537118,0.10417260039386934,4.34398863110945
668678,"Gallen, Zac","R",431,109,"43.7",-1.3247593977637475,6.018422273781902,0.2431038045253959,4.520161956813943
668909,"Williams, Gavin","R",641,114,"31.6",-2.2610880763315864,5.861513260530421,-0.25515536233214037,4.6269463284306775
668933,"Ashcraft, Graham","R",246,113,"54.2",-1.1434226620389272,6.4089837398373986,0.24495845071953395,4.481090040650407
668941,"Romero, JoJo","L",240,138,"29.9",2.084880517119748,5.354,0.12079781008615567,4.226556251114082
668964,"Myers, Tobias","R",262,121,"64.5",-0.6584561280103574,6.008702290076336,0.3029501034140235,3.9914033140112397
668984,"Legumina, Casey","R",207,136,"18.5",-2.355716970259917,4.647777777777778,-0.31530723948780215,3.9664934825665004
669022,"Gore, MacKenzie","L",549,140,"48.1",1.5813720479568465,5.661129326047359,0.0630547277662514,3.967558152401547
669062,"Miller, Erik","L",216,137,"38.1",1.9926594697105318,6.457638888888889,0.031661939658018085,4.91993822167756
669084,"Hall, DL","L",264,158,"44.7",1.631957741318096,5.439166666666667,0.07005973336304218,3.890848131718252
669160,"May, Dustin","R",498,138,"31.3",-2.162784554627755,5.346526104417671,-0.16995043954785274,4.1320871570059206
669194,"Nelson, Ryne","R",371,109,"54.6",-1.0589514168184457,6.326981132075471,0.24108498757993763,4.495632908841067
669199,"Bachar, Lake","R",233,146,"38.6",-1.8439965602203434,5.771030042918455,0.03188563532318897,4.271891298111129
669276,"Lee, Dylan","L",211,144,"47.5",1.4276230770077387,6.552654028436019,-0.12686400427469566,4.852904629089895
669302,"Gilbert, Logan","R",642,136,"44.8",-1.486583621619518,6.025856697819314,0.2041863185177781,4.3410448642555295
669330,"Wells, Tyler","R",248,110,"52.5",-1.3570130306401833,7.001008064516129,0.18988453546374562,4.981871957478006
669358,"Baz, Shane","R",569,110,"37.5",-1.8155854624838665,5.759367311072056,0.019772480882431262,4.350484962516721
669372,"Ginn, J.T.","R",388,133,"43.8",-1.7513482337862232,5.557577319587629,-0.0855383099490968,3.9588098682397046
669373,"Skubal, Tarik","L",626,116,"46.3",1.9854230622674338,6.1493130990415334,0.24466025097811417,4.332284140170736
669387,"Mlodzinski, Carmen","R",505,134,"33.5",-2.011321731281138,5.346772277227723,-0.12983785090273733,4.099220581352253
669432,"Rogers, Trevor","L",509,110,"22.3",2.3921582058758992,5.780019646365423,0.13666971062759806,4.855837184686341
669438,"Englert, Mason","R",214,139,"41.8",-2.0199038195285706,6.015420560747663,-0.25013843395472035,4.43135136230363
669461,"Liberatore, Matthew","L",481,138,"47.2",1.573941985910193,6.6209147609147605,-0.009347059750000948,4.913451827372415
669467,"Pallante, Andre","R",524,138,"57.5",-1.435859224270049,5.992519083969466,-0.23171464141867712,4.099482949442789
669622,"Bender, Anthony","R",217,146,"16.1",-2.5132084742572043,5.450184331797235,-0.3097262841206864,4.814973438642319
669711,"Weissert, Greg","R",216,111,"16.6",-2.7334459834331164,4.991898148148148,-0.5138977829768271,4.328878159041395
669923,"Kirby, George","R",628,136,"33.7",-1.8969009739350868,5.746003184713376,0.1210692940552017,4.400883073617403
669947,"Scholtens, Jesse","R",305,139,"40.5",-1.8608279913796772,5.805245901639345,-0.03850488588878174,4.247263407264545
670036,"Festa, Matt","R",203,114,"34.1",-1.9231524949338323,5.0919211822660095,-0.21763650896095116,3.9345978991596637
670167,"Schreiber, John","R",192,118,"7.2",-2.9927467637915877,4.401822916666667,-0.726358044600416,4.114949486129679
670245,"Watson, Ryan","R",321,111,"34.2",-2.0283454682503144,5.452429906542056,-0.13699670065137354,4.164667742293745
670280,"Bednar, David","R",255,147,"38.0",-1.7335581955455095,5.856156862745098,-0.01890449267764147,4.514914152598651
670970,"Morejon, Adrian","L",249,135,"42.8",1.8101630854650308,5.9207630522088355,0.1681294890793119,4.398530278332582
670990,"Ramírez, Yohan","R",286,134,"24.1",-2.5395706141298753,5.126048951048951,-0.4617889383343929,4.199344784226469
671096,"Abbott, Andrew","L",519,113,"52.6",1.403429097264846,6.024258188824663,0.05878125886543094,4.264085056618549
671212,"Boyle, Joe","R",256,139,"26.7",-2.2887217633331725,5.540390625,-0.11597337761809269,4.445731399704768
671737,"Bradley, Taj","R",706,142,"57.7",-1.192806927594308,6.162535410764873,0.0355294134058465,4.216129367580151
671922,"Smith, Cade","R",258,114,"38.9",-1.8891537471177307,5.723837209302325,-0.02214230126158991,4.218650863629454
672282,"Detmers, Reid","L",568,108,"43.9",1.5180726134014404,6.1002112676056335,-0.08708723983831688,4.5516385309181295
672335,"Pérez, Cionel","L",259,120,"35.2",2.056968636640967,5.526756756756757,0.23013691732221145,4.239839592151357
672456,"Montero, Keider","R",399,116,"42.5",-1.574160485162298,5.772255639097744,0.09343713293930012,4.2426022822207035
672582,"Zerpa, Angel","L",216,158,"25.2",2.2268440705168735,5.1147685185185185,0.25880142189872585,4.1880922397999605
672782,"Gómez, Yoendrys","R",269,139,"31.6",-2.026029631673469,5.3660966542750925,-0.01694658105215726,4.128403740664904
673540,"Senga, Kodai","R",367,121,"48.3",-1.4397065611918436,6.005367847411444,0.08154232685890804,4.298158772287711
673929,"Leasure, Jordan","R",233,145,"53.9",-1.094256857347759,5.929527896995708,0.23071036660469885,4.1135258558827354
674370,"Bido, Osvaldo","R",259,9999,"32.3",-2.1244291227812777,5.8762934362934365,-0.08427640864699688,4.585619598896069
675848,"Mejia, Juan","R",287,115,"36.5",-2.176389233137158,5.914668989547038,-0.24134692187296206,4.48071740141733
676083,"Junk, Janson","R",490,146,"49.1",-1.3089588745473306,5.678959183673469,0.11466349048710393,4.032037569027611
676106,"Hancock, Emerson","R",544,136,"12.4",-2.8463512373743907,5.136580882352941,-0.5668921796358918,4.633981233616441
676254,"Walker, Ryan","R",205,137,"16.4",-2.9040564729434024,4.96180487804878,-0.6243423816355811,4.289935318464415
676263,"Dreyer, Jack","L",213,119,"59.2",0.8617090552675711,6.013427230046949,-0.28351382842509604,4.093697922472446
676282,"Cantillo, Joey","L",521,114,"52.8",1.13550236921231,5.983339731285988,-0.24234383264734963,4.166949232587818
676440,"Bibee, Tanner","R",616,114,"59.6",-0.9847881613063323,6.394074675324675,0.10811713356830334,4.5325812873289815
676467,"Gordon, Colton","L",200,117,"31.0",2.27263236180647,5.57475,0.24951784937611407,4.357071217468806
676477,"Whitlock, Garrett","R",193,111,"41.9",-1.7564823351654846,5.959274611398964,-0.10255999787574004,4.474600876949932
676534,"Faucher, Calvin","R",201,146,"40.4",-1.95687344085448,5.6125870646766165,-0.24413704915706672,4.154959516144766
676571,"Poulin, PJ","L",272,120,"16.1",2.634900848606179,4.414889705882353,0.47895650427283215,3.791249948883297
676617,"O'Brien, Riley","R",228,138,"30.7",-2.2010504052077655,5.634692982456141,-0.13531598492666605,4.407547027941958
676684,"Vest, Will","R",230,116,"51.1",-1.265032884360551,5.698478260869565,0.10650321281872432,3.997478348058591
676755,"Mattson, Isaac","R",262,134,"45.3",-1.8014211356937209,5.835839694656489,-0.20020027078145622,4.218617773604931
676760,"Marinaccio, Ron","R",272,135,"26.8",-2.3966805769935076,5.0103308823529416,-0.3506356457088183,3.9786107436825
676879,"Ashby, Aaron","L",326,158,"51.5",1.0989826192468233,6.4793251533742335,-0.4308302890871909,4.552689507398052
676917,"Cavalli, Cade","R",574,120,"38.4",-1.8089025525094253,6.081602787456446,0.04789577363096014,4.6105270850025155
676962,"Brown, Ben","R",352,112,"43.2",-1.5271487694801356,6.362982954545455,0.12285982898841355,4.808915760209042
676974,"Meyer, Max","R",507,146,"41.9",-1.582563608389913,5.857593688362919,0.16388839596803398,4.290598496274967
676979,"Crochet, Garrett","L",518,111,"31.8",2.112781589824113,6.078223938223938,0.03717858536535007,4.7909332681229735
677053,"Nardi, Andrew","L",211,146,"40.4",2.2010796008537135,5.602085308056872,0.44968641854846203,4.112469097160622
677865,"Bruihl, Justin","L",282,138,"26.2",2.5469214789011763,4.858049645390071,0.6453266289301021,3.9238333181628553
677944,"Cecconi, Slade","R",534,114,"39.9",-1.8338490775795362,5.8686329588014985,-0.05547244086602977,4.381267467971186
677952,"Ashcraft, Braxton","R",522,134,"37.6",-1.9207457174544609,6.120038314176245,0.07129062600310065,4.584764451991176
677955,"Hill, Jaden","R",205,115,"24.6",-2.300093105117167,5.610439024390244,-0.17503869092648144,4.638467471414287
677958,"Rocker, Kumar","R",432,140,"36.1",-2.3184945644913815,5.93974537037037,-0.4186190157291873,4.556328646761735
677960,"Weathers, Ryan","L",520,147,"32.8",1.9934066671185455,5.455211538461539,0.07732317410530645,4.218020997017688
677961,"Wilcox, Cole","R",230,136,"28.4",-2.1778452893908544,5.767826086956521,-0.016390519259087036,4.600086171820507
678022,"Perkins, Jack","R",192,133,"34.4",-1.940860041328174,5.416614583333334,-0.25299744735962565,4.259770266079917
678394,"Bello, Brayan","R",504,111,"41.8",-1.8261711160697578,5.7374801587301585,-0.08063614718614719,4.1741097908355265
678606,"Ferrer, Jose A.","L",238,136,"33.7",2.26949641474201,5.754075630252101,0.37631211372249435,4.4923915086355395
678906,"Teng, Kai-Wei","R",299,117,"23.0",-2.505275142977007,5.472842809364549,-0.4716918095970526,4.607771187082313
679358,"Orze, Eric","R",211,142,"43.4",-1.253106505101479,5.79,0.4056847268334305,4.2199038092100265
680573,"Woods Richardson, Simeon","R",504,142,"47.0",-1.3366972141878621,6.430753968253969,0.2165638586495204,4.769532158418923
680694,"Bradish, Kyle","R",539,110,"53.2",-1.29850048365689,6.284990723562152,0.019681428769855052,4.522307615938938
680732,"Burke, Sean","R",537,145,"42.0",-1.5327728776635519,6.293258845437617,0.13340533199228566,4.793519159886741
680736,"Wrobleski, Justin","L",434,119,"35.8",1.7825463826877652,5.559400921658987,0.027470772649235645,4.293047227424694
680755,"Fisher, Braydon","R",253,141,"49.5",-0.9886983813501863,6.592766798418972,0.5559506651025483,4.7856886675403185
680767,"Vodnik, Victor","R",207,115,"46.3",-1.3488945780077644,5.414782608695652,0.2459168716146977,3.7470998071077357
680802,"Weiss, Ryan","R",435,117,"41.3",-2.0780302878224752,5.896896551724138,-0.2818356883233962,4.320888406581023
681190,"Vásquez, Randy","R",541,135,"33.3",-2.019199933305468,5.965878003696858,-0.06707775888712064,4.6808258165541465
681217,"Silseth, Chase","R",214,108,"34.8",-2.0507315465417952,5.812803738317757,-0.1824447902610492,4.513384866809935
681293,"Arrighetti, Spencer","R",291,117,"18.5",-2.408157082477685,4.816082474226804,-0.2910814766831444,4.106832285866549
681343,"Smith, Shane","R",225,145,"37.5",-1.840970642064999,5.8068888888888885,-0.05474311388393741,4.4355680713012475
681347,"Burrows, Mike","R",539,117,"38.9",-1.864024650613584,5.941354359925788,-0.10475267214323747,4.522366091725947
681517,"Leahy, Kyle","R",501,138,"43.7",-1.580589965309954,5.584810379241517,0.06502438207364238,4.012099348006305
681867,"Criswell, Cooper","R",209,136,"7.5",-2.900080960717713,4.779186602870813,-0.463226308113502,4.455484984093681
681870,"Sabrowski, Erik","L",232,114,"46.4",1.510830052346636,5.988620689655172,-0.15045464572192513,4.243548135257238
681892,"Funderburk, Kody","L",200,142,"31.8",2.331016681468172,5.70325,0.21861126069518716,4.392095692067736
681895,"Sisk, Evan","L",201,134,"23.3",2.219047563459035,5.142039800995025,0.30143352222843006,4.316533478330274
681982,"Anderson, Grant","R",219,158,"7.6",-2.8310903850020477,4.3228767123287675,-0.7334842437265483,4.044028558347374
682052,"Lopez, Jacob","L",475,133,"21.5",2.861065988199231,5.2512842105263156,0.5936187210807768,4.357541002533071
682227,"Williamson, Brandon","L",518,113,"42.3",1.7662494730226899,6.512779922779923,-0.03636566992890522,4.872385884452061
682254,"Montgomery, Mason","L",222,134,"59.9",0.9057970993632912,5.808333333333334,-0.16465586749851457,3.9637340764561353
682995,"Barco, Hunter","L",232,134,"22.8",2.9769596432971683,5.185129310344828,0.7244945675056856,4.239230545823345
683004,"Leiter, Jack","R",552,140,"47.0",-1.6716031219719134,5.67820652173913,-0.20103625400423675,4.100660909930507
683175,"Phillips, Connor","R",298,113,"37.3",-1.813394518498445,5.662046979865772,-0.14398843298759406,4.392980559942098
684007,"Imanaga, Shota","L",543,112,"40.2",1.829664372231735,5.514014732965009,0.10864383040676509,4.061418249935166
685299,"Gordon, Tanner","R",194,115,"44.9",-1.7006384328118846,6.255051546391752,0.010895049800613756,4.548760885844497
686218,"Sheehan, Emmet","R",436,119,"34.0",-2.090266087166829,5.5325,-0.14316017228409292,4.218650129397046
686799,"Kochanowicz, Jack","R",549,108,"36.4",-2.136824560594009,6.276775956284153,-0.07952998142790814,4.761043262259366
686973,"Varland, Louis","R",268,141,"39.3",-1.9887410289154837,5.397985074626866,-0.2415085724452603,3.9664570978662836
686993,"Sterner, Justin","R",273,133,"38.7",-1.8258270453030796,5.417875457875458,-0.14281403367873954,4.066960375245669
687075,"Sproat, Brandon","R",454,158,"33.3",-2.132753952821413,5.524801762114538,-0.211484476666117,4.261357067107981
687396,"Headrick, Brent","L",251,147,"39.1",1.949085999807107,6.278326693227092,0.04495585394606955,4.731138531435755
687911,"King, Bryan","L",206,117,"33.9",1.9689819190723639,5.5780582524271844,0.13026605186646592,4.340779297111608
688158,"Morgan, David","R",249,135,"34.6",-2.001511627451276,5.292208835341365,-0.1409147584992376,4.008418002491249
688642,"Agnos, Zach","R",309,115,"40.0",-1.9542261034606858,5.794401294498382,-0.26152537885998767,4.3759908124650275
688883,"Pallette, Peyton","R",244,114,"39.2",-1.8088503896580665,5.947827868852459,-0.09681677880541188,4.554122046038982
689296,"Nunez, Anthony","R",205,110,"39.0",-1.9414803702774204,5.713170731707317,-0.10463518673101169,4.222586829703056
690953,"Abel, Mick","R",357,142,"27.2",-2.2333412184080523,5.477450980392157,-0.145140510892414,4.402962460492218
690986,"Harrison, Kyle","L",426,158,"32.7",2.1046144588061053,4.993568075117371,0.21299390131639512,3.776796945636983
690997,"McLean, Nolan","R",562,121,"33.0",-2.3549132904260546,5.369661921708185,-0.4936314095000666,4.160917929345792
691587,"Pérez, Eury","R",526,146,"30.8",-2.3060260521049782,5.926026615969581,-0.044084400479860106,4.575645448953864
691725,"Painter, Andrew","R",434,143,"48.5",-1.299893631043834,6.524608294930876,0.25203701750494917,4.773832906388362
691799,"Taylor, Grant","R",277,145,"57.0",-0.8337130084484184,5.891335740072202,0.41269059280423687,3.973436668339801
693312,"Nicolas, Kyle","R",198,113,"45.2",-1.3536151267154046,5.757777777777778,0.30489481985631717,4.088359253857649
693433,"Woo, Bryan","R",483,136,"24.5",-2.450051895585142,5.046708074534162,-0.38038449935969115,4.101044108051653
693645,"Schlittler, Cam","R",561,147,"44.4",-1.7981226361762137,6.177593582887701,-0.1512136660724896,4.566212939238246
693686,"Miles, Spencer","R",248,141,"38.7",-1.8446790020023645,5.90116935483871,-0.004630784960611813,4.425366099562992
693821,"Elder, Bryce","R",517,144,"49.4",-1.5456974620778903,6.259613152804643,-0.04062712033292304,4.505414041311971
693855,"Seymour, Ian","L",233,139,"39.8",1.9701568430038392,5.676137339055794,0.2539511796837346,4.243304879392256
694297,"Pfaadt, Brandon","R",349,109,"27.8",-2.4653103495098883,5.528567335243553,-0.40375678153522415,4.440304759205063
694335,"Svanson, Matt","R",300,138,"27.6",-2.411731079747305,5.547733333333333,-0.33973339483065956,4.463914760546643
694361,"Klein, Will","R",214,119,"45.0",-1.7202084104191373,5.653317757009345,-0.1524155467539607,4.086244391273927
694477,"Patrick, Chad","R",469,158,"34.5",-2.107148134909406,5.573390191897655,-0.23770483069754358,4.287485904321023
694738,"Roupp, Landen","R",554,137,"23.5",-2.471388437336582,5.29601083032491,-0.3618109644973841,4.378212811540763
694819,"Misiorowski, Jacob","R",553,158,"30.1",-2.2637510859479537,5.253544303797469,-0.21945290636392648,4.066150120393382
694851,"Hoffmann, Andrew","R",206,109,"51.1",-1.3028236139816427,5.991747572815534,0.240624408130419,4.07547073360677
694973,"Skenes, Paul","R",446,134,"24.6",-2.885979170867074,5.567017937219731,-0.7031589869947164,4.5688156123354355
695076,"Lowder, Rhett","R",540,113,"28.6",-2.4433518258991564,5.589074074074074,-0.39221098930481285,4.467760856935366
695243,"Miller, Mason","R",202,135,"39.8",-1.8764384981179203,6.242227722772277,-0.012582235135278232,4.690488570180547
695418,"Lord, Brad","R",358,120,"17.8",-2.8223364608802246,5.377849162011173,-0.4681360190800546,4.6201879006960835
695505,"Burns, Chase","R",521,113,"52.1",-0.9507936703287883,6.450595009596929,0.48817814295147477,4.600287420667097
696147,"Bachman, Sam","R",249,108,"35.5",-2.073069225312375,5.4475903614457835,-0.09683548382478219,4.035773739521366
696149,"Chandler, Bubba","R",507,134,"48.0",-1.4458997553811543,5.757554240631164,0.169994560994561,3.9646525999641384
699134,"Rodriguez, Bradgley","R",215,135,"43.9",-1.3837351145340822,5.973209302325581,0.24201434357252416,4.4093463333747875
700241,"McGreevy, Michael","R",527,138,"33.6",-2.1503526588099184,5.7190702087286525,-0.1587510502389674,4.39704034913258
700669,"Graceffo, Gordon","R",203,138,"47.6",-1.6425955079387713,6.003596059113301,-0.08792588270417885,4.3023196587726
700712,"Urena, Walbert","R",234,108,"42.0",-1.9546221295539374,6.320982905982906,-0.10055215274921157,4.654304426619133
701542,"Warren, Will","R",453,147,"28.7",-2.014500041123668,5.5503090507726265,0.008481401864378096,4.44098575214553
702070,"Cameron, Noah","L",412,118,"50.1",1.4758333318468766,6.165121359223301,-0.033866742597303705,4.358883886480453
702273,"Schultz, Noah","L",249,145,"20.6",2.694522946283927,5.835020080321285,0.24851966976640966,4.916670917180308
800048,"Messick, Parker","L",543,114,"43.0",1.6061415898569833,5.4684162062615105,0.02792372178069285,4.000128739130007
801403,"Dollander, Chase","R",529,115,"23.6",-2.4913468561455927,5.168412098298677,-0.31173671121309837,4.216737080692391
805123,"Blubaugh, AJ","R",321,117,"42.0",-1.8372692667483514,6.03791277258567,-0.055912931125438006,4.435337423714884
808963,"Sasaki, Roki","R",439,119,"50.0",-1.376671408122796,6.274419134396355,0.05205081492940933,4.572364750547144
808967,"Yamamoto, Yoshinobu","R",570,119,"41.2",-1.6181839601893901,5.456859649122807,-0.10693945054257747,4.137381487631735
813349,"Early, Connelly","L",539,111,"30.3",2.0370756438806232,5.474656771799629,0.07326773965784661,4.325146157471253
837227,"Imai, Tatsuya","R",205,117,"25.3",-2.2839061409356054,5.215073170731707,-0.3430329342202513,4.294896617538368