"last_name, first_name","player_id","year","pa","k_percent","bb_percent","woba","xwoba","sweet_spot_percent","barrel_batted_rate","hard_hit_percent","avg_best_speed","avg_hyper_speed","whiff_percent","swing_percent"
"Misiorowski, Jacob",694819,2026,155,38.1,9.7,".261",".272",39.5,3.9,36.8,"76.860290263","93.333779211",39.8,48.4
"Bradley, Taj",671737,2026,174,25.3,8.6,".306",".317",45.1,9.7,46.9,"84.581149464","95.64093625",25.5,45.9
"Sánchez, Cristopher",650911,2026,180,27.8,7.2,".334",".293",32.5,11.1,44.4,"78.553789153","94.738498205",30.3,49.8
"Glasnow, Tyler",607192,2026,144,32.6,9,".230",".249",29.8,7.1,38.1,"81.597974048","93.752498571",30.3,43.8
"Ryan, Joe",657746,2026,157,25.5,6.4,".284",".282",31.4,10.5,38.1,"77.853273077","94.202192404",24.7,50.2
"Martinez, Nick",607259,2026,168,16.7,6,".255",".313",30,6.9,29.2,"75.434375692","93.000710465",17.5,48.6
"Gilbert, Logan",669302,2026,185,23.2,5.4,".359",".343",40.3,10.1,48.8,"81.359910313","95.396644297",29,48.5
"Schlittler, Cam",693645,2026,181,29.3,5,".219",".263",29.4,6.7,41.2,"75.255658814","94.174102542",29.8,56.6
"Imanaga, Shota",684007,2026,159,27,6.3,".234",".269",35.8,8.5,41.5,"79.864795472","94.03922066",31.7,50.9
"Leiter, Jack",683004,2026,164,26.2,7.9,".343",".346",39.6,13.2,44.3,"76.205512453","94.886096476",29.7,48.6
"Pérez, Eury",691587,2026,158,24.7,10.1,".346",".350",35.6,13.9,45.5,"78.3775848","95.0363015",28.7,52.1
"King, Michael",650633,2026,159,24.5,11.3,".290",".317",35.1,11.3,34,"77.880128723","93.547335319",27.6,44.3
"Roupp, Landen",694738,2026,159,27,10.1,".249",".260",34.7,0,23.5,"75.494307083","91.818254526",25.7,43
"McGreevy, Michael",700241,2026,147,16.3,5.4,".263",".371",34.8,11.4,34.8,"75.143678214","94.108715089",17.1,43.7
"Liberatore, Matthew",669461,2026,158,14.6,8.2,".368",".373",38.5,9,44.3,"81.826934098","95.240981405",18.2,46.2
"Soriano, José",667755,2026,186,29,10.2,".260",".313",33.6,10.7,35.4,"78.556248393","93.52413027",33.8,46
"Warren, Will",701542,2026,152,30.3,5.3,".273",".294",35.1,7.2,42.3,"80.441554082","95.118541753",23.8,43.7
"Cease, Dylan",656302,2026,166,33.7,10.8,".284",".278",33.3,3.4,35.6,"74.486413409","93.742129545",36.9,45.9
"Webb, Logan",657277,2026,188,20.2,8,".321",".331",29.5,6.1,48.5,"79.847032769","95.513851",20.9,47.8
"Woo, Bryan",693433,2026,166,17.5,3.6,".302",".319",35.7,10.1,48.1,"78.456086923","95.233476589",22.2,53.3
"Severino, Luis",622663,2026,162,24.7,14.2,".335",".327",33,9.3,42.3,"78.567212083","94.1830425",24,45.6
"Wacha, Michael",608379,2026,174,20.7,8.6,".286",".327",35.2,8.2,37.7,"77.544750833","93.888199244",23.7,48.1
"McLean, Nolan",690997,2026,153,33.3,7.2,".239",".244",36.7,5.6,32.2,"72.089164444","93.108606556",27.5,42
"Matz, Steven",571927,2026,149,18.8,8.7,".299",".342",43,11.2,37.4,"78.071828333","94.114728692",24.4,49.1
"Vásquez, Randy",681190,2026,161,22.4,8.1,".306",".335",34.5,12.7,40.9,"77.436003704","94.372098241",24.6,50.4
"Holmes, Clay",605280,2026,168,18.5,8.3,".246",".309",26.2,4.1,43.4,"78.738217377","94.276682459",22.2,50
"Martin, Davis",663436,2026,169,25.4,4.7,".278",".325",39.7,7.8,45.7,"80.748656842","94.939071579",25.2,50
"Alcantara, Sandy",645261,2026,193,16.1,7.8,".282",".285",24.7,4.8,34.9,"78.347859028","93.335870625",24.8,49.3
"Eovaldi, Nathan",543135,2026,173,22.5,5.8,".344",".330",32.8,8.2,47.5,"79.839902951","95.303332049",30,53.7
"Wrobleski, Justin",680736,2026,143,10.5,7,".232",".325",37.6,6,40.2,"77.886332586","94.027328448",12.5,48
"Griffin, Foster",656492,2026,163,20.2,8.6,".280",".331",34.2,11.4,36,"76.515330714","93.910232432",23,45
"Burrows, Mike",681347,2026,169,21.3,7.7,".396",".311",35.6,6.8,33.9,"77.088572034","93.226646239",26.3,49.1
"Weathers, Ryan",677960,2026,158,28.5,6.3,".311",".340",33,11.8,42.7,"76.469539608","95.39028396",28.1,44.5
"Keller, Mitch",656605,2026,163,19,7.4,".252",".308",32.8,2.5,39.5,"74.411227288","93.938940508",23,47.2
"Dollander, Chase",801403,2026,156,26.9,7.7,".297",".283",24.2,10.1,52.5,"81.245842653","95.589810412",29.4,49.4
"Bubic, Kris",663460,2026,163,25.8,11.7,".276",".311",39.6,8,34.7,"77.5617532","93.601008081",28.9,47.2
"Nola, Aaron",605400,2026,161,24.8,8.1,".354",".331",37,9.3,39.8,"77.692015926","94.559535185",26.5,44.2
"Peralta, Freddy",642547,2026,164,25.6,9.8,".283",".305",36.5,4.8,39.4,"76.829060392","93.710563762",30.1,47
"Burns, Chase",695505,2026,161,28.6,8.1,".263",".276",22.5,8.2,39.2,"78.620211667","94.183176421",34.8,49.5
"Sugano, Tomoyuki",608372,2026,151,14.6,7.3,".309",".383",33.1,15.3,44.9,"78.895906102","95.081028475",17.8,46.8
"Kochanowicz, Jack",686799,2026,175,17.1,12,".265",".333",29.5,6.8,42.6,"79.862841552","94.937199914",23.9,45
"Meyer, Max",676974,2026,154,26,8.4,".255",".313",33.7,9.3,41.8,"79.057809592","94.431470928",29.6,50.3
"Junk, Janson",676083,2026,155,17.4,5.2,".269",".290",27.1,4.2,40.7,"79.614741552","94.50757113",20.2,50.2
"Williams, Gavin",668909,2026,171,31,11.1,".269",".308",28.6,13.5,45.7,"80.309150208","95.619916842",30.3,46.1
"Springs, Jeffrey",605488,2026,158,22.2,7.6,".293",".285",31.2,8.3,31.2,"77.399258519","92.868202222",27,43.6
"Fried, Max",608331,2026,201,21.4,7.5,".224",".244",26.2,2.1,33.3,"74.683884286","93.120307266",23.4,45.4
"Detmers, Reid",672282,2026,168,26.2,5.4,".298",".269",29.5,6.3,35.7,"77.265883273","93.889511091",28.5,50.4
"Hancock, Emerson",676106,2026,159,28.9,3.8,".295",".303",28.6,10.7,40,"79.018492692","94.542802718",24.7,54.4
"Kirby, George",669923,2026,178,19.1,6.2,".290",".270",21.4,3.8,40.5,"78.499564769","94.100043",20.8,52.3
"Ashcraft, Braxton",677952,2026,165,27.3,8.5,".280",".261",28.6,6.7,35.2,"79.848022308","94.056556699",30.1,47.4
"Gausman, Kevin",592332,2026,161,24.8,5,".263",".292",34.5,9.7,38.9,"74.580223214","94.512001696",28.1,51.3
"Elder, Bryce",693821,2026,172,20.9,7.6,".259",".276",33.1,3.3,38.8,"79.617433833","94.163495083",21.6,45.8
"Bibee, Tanner",676440,2026,172,20.9,9.3,".343",".321",29.2,8.3,47.5,"81.6342375","95.047255462",27.3,46.5
"Ray, Robbie",592662,2026,157,25.5,8.9,".291",".314",37.9,11.9,33,"76.5062122","93.222152929",26.5,48.2
"Messick, Parker",800048,2026,156,28.2,6.4,".252",".270",33.7,5,26.7,"74.5536352","92.6869948",27,49.4
"Luzardo, Jesús",666200,2026,172,29.7,5.2,".316",".284",38.2,5.5,29.1,"74.861163455","92.573874679",33.4,46.7
"Suarez, Ranger",624133,2026,148,21.6,6.8,".249",".296",39.6,7.5,35.8,"75.924773585","93.787490476",19.5,45.5
"Yamamoto, Yoshinobu",808967,2026,170,23.5,5.9,".279",".325",33.6,10.1,40.3,"78.478723559","94.738606154",30.1,48.9
"Holmes, Grant",656550,2026,160,18.1,10.6,".309",".329",29.8,7.9,43,"79.28914","94.464427522",28.5,48.1
"Mahle, Tyler",641816,2026,158,21.5,11.4,".351",".340",33,10.6,35.8,"79.745800577","94.011811442",20.2,42.3
"Valdez, Framber",664285,2026,173,18.5,8.1,".288",".307",28,4.9,43.2,"79.426199839","94.917086911",22,48.7
"May, Dustin",669160,2026,155,16.1,5.8,".381",".323",36.4,4.3,45.8,"78.131921034","94.612676207",15.4,46
"Civale, Aaron",650644,2026,158,17.1,6.3,".320",".324",34.5,6.7,49.6,"82.718692667","94.982243866",18.9,44.5
"Sale, Chris",519242,2026,164,29.9,7.3,".256",".270",27.3,8.1,32.3,"77.2912204","93.394933333",27.6,50.2
"Lugo, Seth",607625,2026,174,21.3,7.5,".295",".320",39.5,8.1,37.1,"80.843366393","94.084152787",19.5,50.1
"Cabrera, Edward",665795,2026,171,21.6,8.2,".315",".324",36.1,12.6,39.5,"81.784306552","95.126463707",27.2,48.5
"Burke, Sean",680732,2026,156,20.5,5.1,".274",".293",33,4.3,36.5,"78.447228947","93.493923009",18.8,49.3
"Ober, Bailey",641927,2026,157,18.5,8.3,".290",".310",27.4,8,30.1,"73.345496667","92.972333628",21.2,45.1
"Skubal, Tarik",669373,2026,166,27.1,3.6,".259",".284",36,5.3,43,"79.38693125","94.414915315",29.8,52.1
"Baz, Shane",669358,2026,176,18.8,9.1,".367",".340",40,8.8,38.4,"78.561526349","93.98290488",22.6,46.5