"year","last_name, first_name","player_id","team_id","pa","pitches","runs_all","runs_heart","runs_shadow","runs_chase","runs_waste"
"2026","Kurtz, Nick","701762","133","135","638",5.8780942277903065,-4.686124156227066,0.1298943701571181,6.043323442800611,4.391000571059639
"2026","Crow-Armstrong, Pete","691718","112","127","477",-3.961016242097377,-1.1741451427637533,-4.244142248290051,0.10743299746499169,1.349838151491432
"2026","Moniak, Mickey","666160","115","97","358",13.617967875838037,13.044815147258795,-1.950763489526708,1.4970269276074508,1.0268892904984928
"2026","Pereira, Everson","677592","145","71","237",-0.14985036301875565,1.3160302765253848,-2.6349469553713893,-0.4203741893675208,1.5894405051947704
"2026","Montgomery, Colson","695657","145","126","480",4.806310957177424,2.7165878215846,-3.6743497350429353,2.3268369015685635,3.4372359690671965
"2026","Muncy, Max","571970","119","114","462",9.822378258605971,5.430446787654492,-1.262603174648725,3.8353056865587725,1.8192289590414361
"2026","Hernández, Teoscar","606192","119","109","435",-1.000765532684913,-1.023705045609206,-3.4021963615794983,1.7230334551044586,1.7021024193993304
"2026","Smith, Will","669257","119","99","436",2.0611642986966734,-4.10994197402318,-0.7175840352562638,4.2984075998314095,2.590282708144707
"2026","Pages, Andy","681624","119","123","516",6.171191848278141,1.1195413133679937,-1.0693465124164747,3.417402883103942,2.70359416422268
"2026","Marsee, Jakob","805300","146","141","583",-6.424369735305583,-6.030446181099204,-9.798787059893572,5.766214328850493,3.638649176836704
"2026","Rengifo, Luis","650859","158","94","358",-4.620255834057058,-3.476345971542797,-3.112941048767196,1.023242051738164,0.9457891345147709
"2026","Bohm, Alec","664761","143","119","428",-8.997430659139903,-6.320402743911007,-7.188208031927306,2.5381648329588664,1.9730152837395418
"2026","Herrera, Iván","671056","138","139","569",7.488918773314049,2.1834866149978276,-4.9975892648545805,5.128816953391354,5.174204469779455
"2026","Smith, Josh","669701","140","95","384",-6.022296869663753,-5.079712853999112,-4.251536801304274,1.5348205318726733,1.7741322537669608
"2026","Schneider, Davis","676914","141","61","273",-1.5916021929000121,-1.8829261291884818,-4.023104003232372,1.6834467617129933,2.630981177807846
"2026","Clarke, Denzel","672016","133","60","242",-5.634324701578459,-2.526266054759282,-5.352285298421538,1.539571744395489,0.704654907206869
"2026","Schanuel, Nolan","694384","108","126","491",-2.124337825404834,-5.850297101945299,-2.325043450684518,3.0273909276144644,3.023611799610523
"2026","Smith, Dominic","642086","144","71","247",3.7690113254273543,2.7533896256418977,-2.0616838285417027,2.4839051661487916,0.5934003621783682
"2026","Acuña Jr., Ronald","660670","144","144","575",-0.17552076714616138,-9.10467492607359,-0.7557121670307083,5.635380728801415,4.049485597156725
"2026","Alexander, Blaze","677942","110","70","269",-5.662152053180935,-5.2964250544952,-2.373625487113365,0.7506848979835311,1.2572135904440993
"2026","Happ, Ian","664023","112","133","532",3.8412975930624373,0.05930404235837283,-3.9846089371344853,3.9120003182718137,3.8546021695667325
"2026","Shaw, Matt","807713","112","80","319",3.7866549277051123,-0.19248261150062362,0.9672841387961109,1.3271306962804912,1.6847227041291335
"2026","Steer, Spencer","668715","113","110","413",2.529258225219706,2.056329644392916,-4.388311889351579,2.128398858328493,2.7328416118498744
"2026","Brito, Juan","682877","114","56","235",-4.827387390616739,-1.7679324358006763,-3.70351503409902,-0.8382590598826025,1.4823191391655608
"2026","Meidroth, Chase","805367","145","127","548",-1.5256764121502144,-6.73278507625874,-1.408591360473168,4.690312556603789,1.925387467977903
"2026","Smith, Cam","701358","117","124","520",-0.6854231666074533,-2.270347121405514,-3.7634063140867298,2.9234220699901106,2.4249081988946797
"2026","Pasquantino, Vinnie","686469","118","124","516",-1.7517233060745108,-5.337005607573663,-3.6997468952815127,4.767729463129386,2.5172997336512832
"2026","Pauley, Graham","688363","146","72","300",-3.6626460101472706,-4.225179438339209,-3.2272642759366135,2.4889928909826287,1.300804813145921
"2026","Yelich, Christian","592885","158","54","246",1.8695985680737843,0.5857150663581585,-1.5961356121353012,1.962886649684898,0.9171324641660283
"2026","Lewis, Royce","668904","142","76","296",-1.04070928689486,-2.9112046888547263,-0.6053190437043924,1.501561260981744,0.9742531846825153
"2026","Laureano, Ramón","657656","135","120","486",3.314212113470469,0.3338691819189583,-0.8652733865245952,1.4365148694733278,2.4091014486027773
"2026","Ramos, Heliot","671218","137","117","507",-1.1052713229135829,-1.9351379417868748,-2.512468912708984,1.5815829965551302,1.7607525350271445
"2026","Winn, Masyn","691026","138","112","471",0.3778927509483132,-4.806622120719863,-1.0392084377262256,3.495046175043209,2.728677134351193
"2026","Church, Nathan","701675","138","92","321",-1.2784775946592706,2.5054990514583277,-3.356640090149967,-2.0288559754701754,1.601519419502543
"2026","Peraza, Oswald","672724","108","92","350",4.236152229368284,5.700162014680781,-4.480449591480626,1.2927485217477006,1.7236912844204286
"2026","Carroll, Corbin","682998","109","116","483",7.892181973094936,2.106719373362571,-1.3725350406149854,4.893550386434284,2.2644472539130605
"2026","Wilson, Jacob","805779","133","131","436",-3.1101777317513606,0.2172173134474666,-5.123811560889796,1.553614543715652,0.24280197197532
"2026","Torres, Gleyber","650402","116","137","579",1.805310407657565,-7.131991689320372,-2.6105192011189677,9.076222640656857,2.4715986574400493
"2026","Hernández, Heriberto","681715","146","74","264",-3.3660867125540768,-5.041140969551893,-3.9988570946384914,3.807193750478907,1.8667176011573978
"2026","Polanco, Jorge","593871","121","61","224",-4.400573307940597,-1.5813970172664873,-5.725400117770819,1.8313313407340466,1.074892486362665
"2026","Marsh, Brandon","669016","143","105","376",1.7235595149797303,1.7047482834838865,-2.337235401604913,1.3516433135240076,1.004403319576747
"2026","Raleigh, Cal","663728","136","142","623",-3.386360641042772,-0.6723314393690696,-7.555351251943464,2.675856298490911,2.1654657517788536
"2026","Raley, Luke","670042","136","93","359",-0.20777035585710413,-1.0861211424533974,-1.3866164984473006,1.4274636203603175,0.8375036646832793
"2026","Young, Cole","702284","136","126","513",1.8121828078611784,-1.4614434719790914,-1.980253167483522,2.340163762030779,2.9137156852930146
"2026","Jung, Josh","673962","140","113","419",5.5185198049397215,4.0026740097017575,-3.4272228947355434,3.7148818827648618,1.2281868072086453
"2026","Sánchez, Jesús","660821","141","100","385",0.19951209328905886,-5.088343539243165,-0.03134096216942711,3.4827048339701325,1.836491760731512
"2026","Muncy, Max","691777","133","104","404",-1.0798339028924884,0.25685474418325277,-2.563564335326191,-0.4797898935604009,1.7066655818108505
"2026","Albies, Ozzie","645277","144","136","468",8.97331644539038,5.5042122220138925,-4.539010824967449,4.750872602377479,3.257242445966462
"2026","Jackson, Jeremiah","669236","110","104","332",0.8757270590651633,0.044578781110814966,0.08415607102980632,-0.8392775952740776,1.5862698021986226
"2026","McLain, Matt","680574","113","134","525",-3.9003174607097573,-4.853637863438448,-7.393500523953966,4.673875306019957,3.672945620662701
"2026","Báez, Javier","595879","116","82","279",-3.050257803895259,-2.747760414461841,0.2738570810807417,-0.7643317771273883,0.18797730661322837
"2026","Lindor, Francisco","596019","121","105","459",-1.5688035174603785,-4.608536599049016,-2.872120905415173,3.210937649434921,2.7009163375688856
"2026","Arozarena, Randy","668227","136","134","555",3.4946737219871875,-2.6768926213964326,0.9657266101099096,3.005242252311619,2.200597480962096
"2026","Díaz, Yandy","650490","139","131","482",9.000188202141505,-4.109675089886716,4.913427360117423,4.889268142553435,3.3071677893573606
"2026","Aranda, Jonathan","666018","139","131","552",4.560056728963047,-1.3661472756806925,-3.325787243751329,5.158345472601256,4.09364577579381
"2026","Burger, Jake","669394","140","129","464",-4.3618517844397955,2.0183747996206587,-7.711377306347226,-0.5183010065837705,1.849451728870538
"2026","Tena, José","677588","120","55","237",0.0058734993831996984,-2.8001628956817384,-0.9559757936040175,2.362834282671067,1.399177905997889
"2026","Vivas, Jorbit","678391","120","76","260",1.0824884306689264,-1.1494429637106172,-3.3561178930397886,3.9312136421591575,1.6568356452601751
"2026","Trout, Mike","545361","108","141","624",14.28764526863073,0.6502414655188251,1.6251441913048486,8.803322033225275,3.208937578581779
"2026","Frazier, Adam","624428","108","61","232",1.0373530042503156,0.261557791825637,-1.5510312645594542,0.9429358393129886,1.3838906376711428
"2026","Soler, Jorge","624585","108","121","513",2.939765302424875,6.658924064784023,-8.057478931173298,1.6815345561380295,2.656785612676114
"2026","Adell, Jo","666176","108","139","524",-3.3361350190319086,-6.043155443652691,-2.019602786022419,2.068403936462693,2.658219274180512
"2026","Cortes, Carlos","666126","133","78","324",8.426398337516186,0.17643078080548652,2.2533284496493176,3.6483908685825743,2.3482482384788086
"2026","Soderstrom, Tyler","691016","133","123","449",-0.23692376798670509,-1.598115918167907,-3.121680324199776,3.0911494039510425,1.391723070429937
"2026","Amaya, Miguel","665804","112","59","256",3.0024895914016025,-2.9296218041787445,0.7392327226480241,3.1334511528557716,2.059427520076552
"2026","Suárez, Eugenio","553993","113","100","396",-0.39239391371395294,1.3779990859718043,-6.461638716691725,3.5127666919071308,1.1784790250988335
"2026","Isbel, Kyle","664728","118","83","300",1.7353410136067793,-0.04925453293629092,0.12082960779007687,0.8363263083679358,0.827439630385059
"2026","Collins, Isaac","686555","118","93","384",-0.6248102752698582,-3.010535401207063,-3.0873247187977166,3.240912894201566,2.2321369505333557
"2026","Freeland, Alex","690976","119","87","356",-4.192661766085915,-3.784621643131226,-3.543414617829944,1.1976995698645723,1.9376749250106848
"2026","Frelick, Sal","686217","158","108","437",0.32030759309748386,-8.197385610269396,1.723890821972135,5.688072622000868,1.1057297593938826
"2026","Wallner, Matt","670242","142","109","455",-7.232058137889164,-5.745936765673447,-5.736806071603164,2.837753271719592,1.4129314276678588
"2026","Soto, Juan","665742","121","67","269",7.6312577654891935,0.3251084180248444,3.5491150285306188,2.6844533848778727,1.0725809340558579
"2026","Grisham, Trent","663757","147","114","452",-2.8459316928252205,-11.942328784168483,1.2519960979802354,5.417534127856742,2.4268668655062853
"2026","Wells, Austin","669224","147","85","347",0.04010238374648758,-7.62011079979011,2.0490025417296747,3.1693912874043617,2.4418193544025555
"2026","Rice, Ben","700250","147","120","508",16.236751457492577,5.27437286976709,4.200687229623861,4.011347909511382,2.750343448590258
"2026","Mangum, Jake","663968","134","76","279",-1.5553735478506185,-1.5539384843840254,-1.4120064378828836,1.409220762901577,0.0013506115147132111
"2026","Tatis Jr., Fernando","665487","135","130","486",-3.4377451240384223,-5.691888987803819,-4.753190646342748,5.833071727560911,1.1742627825472323
"2026","Palacios, Richie","680700","139","59","232",-0.7546018258132802,-1.7587859615740586,-2.984981381007882,2.191970464424494,1.7971950523441669
"2026","Williamson, Ben","810938","139","89","362",-2.382692212378566,-2.311568565109984,-4.115304670877204,2.3664398525094628,1.6777411710991554
"2026","Jansen, Danny","643376","140","74","301",-3.303554527873924,-5.1825251902624725,-1.8017418934731522,3.078506430108474,0.6022061257532312
"2026","Varsho, Daulton","662139","141","108","395",-0.6033415351127105,-1.3221207963112593,-4.8395125399046695,2.767525831701059,2.790765969402159
"2026","Lukes, Nathan","664770","141","56","224",-2.016977657268515,-1.506631985671053,-0.9036622624047552,-0.6787146495974637,1.0720312404047583
"2026","Moncada, Yoán","660162","108","99","425",-1.8103666115882528,-3.688002244507276,-4.670094589568452,4.337106156277646,2.2106240662098293
"2026","Fernandez, Jose","699912","109","86","344",3.808147162247019,2.6205776637892653,-2.5182981775148807,2.8762784926398153,0.8295891833328193
"2026","McNeil, Jeff","643446","133","105","390",1.3178139233521546,-1.92614629381815,-1.6809524613117388,2.879968511735115,2.0449441667469266
"2026","Mayer, Marcelo","691785","111","85","305",0.07295710102325842,-0.9725754855249261,-3.088505826937793,3.1014864110305553,1.0325520024554249
"2026","Hoerner, Nico","663538","112","146","532",5.90757272859472,-2.227127752768274,1.789061685340065,2.712892896866223,3.6327458991567094
"2026","DeLauter, Chase","800050","114","116","456",3.929657433794632,-1.0429828904092024,-1.3973932395650306,4.236355778748871,2.133677785019996
"2026","Dingler, Dillon","693307","116","106","403",5.754573368760173,1.2377793665471535,1.5936529413242149,0.40892476656203286,2.5142162943267734
"2026","Vientos, Mark","668901","121","83","325",-2.5186011939995727,-4.228600218003805,-1.9079274518105098,1.778675827013039,1.8392506488017013
"2026","Chisholm Jr., Jazz","665862","147","121","490",-5.740235179702385,-3.6430529491563726,-7.888671727718031,2.7160337020139114,3.0754557951581014
"2026","Davis, Henry","680779","134","74","265",-6.265441787697106,-7.2134963505590335,-1.7654321524854995,1.2587779005654534,1.4547088147819718
"2026","Horwitz, Spencer","687462","134","102","395",3.2462870070386964,-1.5849015837245202,-1.569847043283676,3.5692364665239267,2.8317991675229703
"2026","Pagés, Pedro","686780","138","72","280",-0.45975720386074304,-0.24288914340665277,-2.687431539477108,1.316594184325414,1.153969294697602
"2026","Scott II, Victor","687363","138","92","326",-7.337478167481039,-3.6531836665214947,-7.092271184948152,2.079417233187419,1.3285594508011909
"2026","Young, Jacob","696285","120","108","394",-1.4434675166855673,-4.962875041129796,-0.010713930209657122,2.0182973579810843,1.5118240966728
"2026","Story, Trevor","596115","111","131","472",-7.6873050715648334,-4.40945903828111,-2.993257971705611,-1.0153621212821997,0.7307740597040941
"2026","Ballesteros, Moisés","694208","112","79","292",9.502326328607205,4.486760581468454,2.750962870843944,0.5163762091905647,1.7482266671042264
"2026","Hayes, Ke'Bryan","663647","113","83","284",-6.198050312878089,-1.999090598784883,-4.9227835664651165,0.023526502821698936,0.7002973495502185
"2026","Hoskins, Rhys","656555","114","85","384",-0.655034157634623,-5.338500453124577,-2.178232987542516,4.600298789063228,2.2614004939692425
"2026","Tovar, Ezequiel","678662","115","121","456",-9.348454436837015,0.16544260283750412,-10.809585940044569,-1.565148290925521,2.8608371912955746
"2026","Benintendi, Andrew","643217","145","97","383",-4.288640890840845,-4.660116466595726,-2.004186387291777,1.5494685334173914,0.8261934296292628
"2026","Sánchez, Gary","596142","158","76","336",7.7080721394880145,2.283185051620008,-0.6354260307799124,3.3323362610851666,2.7279768575627523
"2026","Lockridge, Brandon","663604","158","85","374",-2.4928506534077504,-2.3639520417106894,-2.937269438360148,1.6395572067226314,1.168813619940456
"2026","Bellinger, Cody","641355","147","128","472",1.93052749781612,1.1704797092487538,-6.54919640432882,5.314101320602795,1.9951428722933866
"2026","Realmuto, J.T.","592663","143","61","244",-0.3582875726170752,-2.7967455271947945,-1.0790723526975756,2.110647043394415,1.406883263880882
"2026","Stott, Bryson","681082","143","95","359",-7.343545677635683,-3.266161031466624,-5.395499409963763,0.3948156291571453,0.9232991346375643
"2026","Crawford, Justin","702222","143","99","345",-1.047651832161876,0.5139807666470875,-4.604086035518452,1.2145621526371304,1.82789128407236
"2026","Lowe, Brandon","664040","134","121","502",9.71598532508997,7.999185939975366,-2.8382848180693347,2.6439330804363026,1.9111511227476257
"2026","Reynolds, Bryan","668804","134","140","586",2.987934519996721,-2.983687909841841,-0.6874719572422264,3.317164336694575,3.341930050386218
"2026","Castellanos, Nick","592206","135","58","226",-3.58904556957088,0.24646918429148318,-5.035966359458587,0.15631976528150904,1.0441318403147186
"2026","Sheets, Gavin","657757","135","91","376",-0.6612097288804345,3.2930347369068738,-5.346993338792577,0.3920721031984753,1.000676769806796
"2026","Rodríguez, Julio","677594","136","139","566",-0.9570246490031145,-6.691313241610166,0.5965002327177854,1.685046919945316,3.4527414399439498
"2026","Saggese, Thomas","695336","138","57","230",-5.739544482749939,-1.7455151113346232,-5.252056689958399,0.26287920615135657,0.995148112391734
"2026","Duran, Ezequiel","677649","140","65","246",0.46354563075103455,-5.603724787715417,3.7466432608360862,0.9809724837117358,1.3396546739186304
"2026","Lile, Daylen","695734","120","138","460",-1.6386939638369051,-1.4507349348817273,-3.817251922203129,2.3339162258625494,1.2953766673854026
"2026","Perdomo, Geraldo","672695","109","111","472",-2.086721278851593,-8.018986545638818,-3.3974991669848973,5.91978974431674,3.4099746894553817
"2026","Stephenson, Tyler","663886","113","86","350",-3.2857630695694398,-4.456394615052716,-4.523298948669409,3.509154303119812,2.184776191032872
"2026","Beck, Jordan","687597","115","66","249",-5.001133129499938,-3.1030618348496777,-4.300424755449113,1.4066974808008355,0.9956559799980179
"2026","Diaz, Yainer","673237","117","97","318",-2.4354363350084234,-0.28411762594475354,-2.9874787876913027,-0.43298620309503144,1.2691462817226622
"2026","Perez, Salvador","521692","118","126","474",-8.58345295410747,-5.703233771134636,-3.0847221969004677,-1.994323604234682,2.198826618162308
"2026","Garcia, Maikel","672580","118","126","482",2.181040241964646,-1.3742728170406429,-2.2676021084457973,3.973599834009665,1.8493153334414232
"2026","Witt Jr., Bobby","677951","118","137","529",2.225256420618369,1.3262966987615634,-3.396896660678485,1.9066393718030075,2.38921701073228
"2026","Rosario, Amed","642708","147","63","224",0.8720926174669391,2.424817103927316,-4.251405492943574,2.0383497568913858,0.6603312495918087
"2026","Caballero, José","676609","147","111","439",1.8445180965552457,0.5853855846057203,-3.047080285987179,2.2284256172076278,2.0777871807290813
"2026","García, Adolis","666969","143","125","524",-0.15221054519530924,0.013364919262348812,-5.721474875120346,2.6983594897898717,2.8575399208728167
"2026","Wetherholt, JJ","802139","138","143","578",6.907905088934782,-3.933264244889221,-0.021448441065433116,5.994376696180552,4.868241078708893
"2026","Giménez, Andrés","665926","141","111","391",-0.8188023135399974,-2.273742913586674,-3.493445682482792,4.70210721063378,0.24627907189568363
"2026","Vargas, Ildemaro","545121","109","95","311",9.473088924843251,6.370543147734048,0.13543568563158048,2.288899204017683,0.6782108874599401
"2026","Yastrzemski, Mike","573262","144","100","399",-4.875275127835611,-6.922280358395174,-3.4754698219410356,4.293715455224147,1.2287595972764553
"2026","Beavers, Dylan","687637","110","90","366",-0.07463237239436361,-5.139941860267137,-0.22264648495348652,3.9029689838943527,1.3849869889319115
"2026","Bregman, Alex","608324","112","142","578",1.126030068028237,-9.146830779070596,0.43363740462556283,6.413015950997593,3.4262074914756684
"2026","Naylor, Bo","666310","114","73","313",-9.874147779852569,-5.442561137310622,-6.39103061164413,1.0954176057313567,0.8640263633708218
"2026","Manzardo, Kyle","700932","114","97","412",-5.891542402252356,-2.6047725316362835,-5.652822089259728,0.44461698928459426,1.921435229359064
"2026","Sanoja, Javier","691594","146","68","238",1.5436996698238556,0.27571360990917004,-1.796776801383305,2.373027621954352,0.6917352393436392
"2026","Judge, Aaron","592450","147","134","603",14.824998416115701,8.245770726705,-1.746099873177344,4.434257087306095,3.8910704752819285
"2026","Cruz, Oneil","665833","134","135","557",4.886017800001494,4.24339551928015,-4.457645148345923,3.2257910892545816,1.8744763398126836
"2026","Gonzales, Nick","693304","134","112","423",-0.4455473651331714,-0.288417637071897,-3.546320190215393,1.9485656760022583,1.4406247861518597
"2026","Bogaerts, Xander","593428","135","122","461",5.154342809182229,-1.8631505406019457,0.4963960573730849,4.929499918527022,1.591597373884071
"2026","Devers, Rafael","646240","137","128","508",-9.958329081842933,-7.276900734467195,-6.055754640963471,2.7976063342648168,0.5767199593229114
"2026","Guerrero Jr., Vladimir","665489","141","127","456",6.705120729225646,4.589563675881241,-5.845662291601035,4.9237854346032215,3.037433910342222
"2026","Neto, Zach","687263","108","149","623",3.0085066688645465,-0.3150734241083133,-6.826656135478031,5.715617059740665,4.43461916871022
"2026","Barrosa, Jorge","678489","109","66","284",-1.3568570391781074,0.31022860358307636,-2.9874829691998928,0.4570598434482126,0.8633374829904945
"2026","Harris II, Michael","671739","144","108","401",6.859562465261288,7.4276473785423,-3.568751013169718,1.0347780544512997,1.9658880454374072
"2026","Rutschman, Adley","668939","110","64","249",5.067840718885341,1.6908183800267984,0.7849696253899443,1.7624804665041807,0.8295722469644207
"2026","Contreras, Willson","575929","111","128","506",9.846737330124693,5.457179967631748,-3.486316509346512,4.6753009466403785,3.200572925199076
"2026","Johnston, Troy","687859","115","106","367",2.7942421880354478,0.4463906186354445,0.42039565909070375,1.0354220792441624,0.8920338310651418
"2026","Altuve, Jose","514888","117","128","463",2.0940166578645623,-0.18919721544964285,-1.532486160589954,2.0967351945072368,1.7189648393969246
"2026","Ohtani, Shohei","660271","119","133","526",6.615783173159543,-4.409613838513216,1.4419862814359843,5.800271791840623,3.783138938396163
"2026","Norby, Connor","681393","146","109","438",-3.329930855020196,-4.751290819435001,-4.515551251595001,2.722416124090417,3.2144950919193938
"2026","Wiemer, Joey","686894","120","63","247",3.982181310630338,0.25305343320065,3.6620065326990057,0.27998056618982325,-0.21285922145914085
"2026","Baldwin, Drake","686948","144","145","558",10.891430331620068,0.11617513322189467,0.6624142232670177,8.178962581207461,1.9338783939236976
"2026","Alonso, Pete","624413","110","133","535",-3.493514883002413,-7.32621081566645,-2.151609135287197,3.1277177103973357,2.8565873575539
"2026","Henderson, Gunnar","683002","110","145","611",4.275284519693779,3.796510341906144,-5.463055481267458,1.9059640658000703,4.035865593255018
"2026","Busch, Michael","683737","112","132","491",-3.0057784097359592,-3.054759352662625,-6.000056434666966,3.182510532795727,2.866526844797904
"2026","De La Cruz, Elly","682829","113","138","555",9.786540199854246,6.878872832135181,-5.403516439825045,6.355030856845915,1.9561529506981807
"2026","Murakami, Munetaka","808959","145","133","582",9.633465324713638,-0.462417866173319,0.10672241051006237,6.696031182581044,3.293129597795852
"2026","Greene, Riley","682985","116","133","576",6.877851834601723,-1.6105138658398328,0.6518476632361249,4.678035532127813,3.158482505077617
"2026","Paredes, Isaac","670623","117","112","492",2.6954945797921686,-1.7550066131082434,-3.3872511561826135,4.590126871648493,3.2476254774345357
"2026","Massey, Michael","686681","118","55","223",-1.7461110465216483,-0.7507158055056695,-2.492837087291051,0.637900628626618,0.8595412176484538
"2026","Tucker, Kyle","663656","119","133","500",2.120358661929165,1.3703797533918327,-4.479098801191435,4.3947968018212356,0.8342809079075284
"2026","Bauers, Jake","641343","158","106","416",0.7371121968731082,-0.4845206006965943,-3.0289359372564104,2.6166425671129137,1.6339261677131982
"2026","Lee, Brooks","686797","142","108","435",0.8280921551136017,-2.001331069950185,-2.6100746378862723,2.9025910390633003,2.536906823886759
"2026","Lee, Jung Hoo","808982","137","122","459",3.0666689708645647,-4.998012608939537,3.647911949594521,3.02694990189434,1.3898197283152443
"2026","Walls, Taylor","670764","139","72","286",-3.8051677843674723,-3.127892348937923,-5.3006782320490995,2.2014237407120643,2.421979055907486
"2026","Lowe, Josh","666139","108","85","367",-5.856948366415188,-2.404330694925452,-5.9830850784074165,1.321838185371692,1.2086292215459873
"2026","O'Hoppe, Logan","681351","108","92","375",-3.39871497637664,-4.745008667889079,-1.9754680375463867,1.2903812341414678,2.0313804949173573
"2026","Marte, Ketel","606466","109","126","471",-2.616446689246417,-2.6936147157201717,-5.052430230140615,2.767890294450608,2.3617079621637704
"2026","Swanson, Dansby","621020","112","121","520",3.524400532571085,4.110914434539947,-7.946114697431244,4.270602585509132,3.0889982099532536
"2026","Carpenter, Kerry","681481","116","99","398",5.17692048595168,-1.119687890243515,1.6880994383203596,1.5269469342698028,3.08156200360503
"2026","Jensen, Carter","695600","118","103","436",4.636586330364253,0.13797336179323777,-1.4150363176149583,3.6181196645888076,2.295529621597163
"2026","Kim, Hyeseong","808975","119","62","245",1.0581522345635033,-0.35629468038658796,0.2295094564348048,1.0658874421487818,0.11905001636650142
"2026","Alvarez, Francisco","682626","121","98","392",-0.9788835708954297,-1.3986866828526237,-2.9604255356421927,2.190954578840144,1.1892740687592391
"2026","Stanton, Giancarlo","519317","147","96","384",1.1380556015463021,0.41308099095391076,-2.295115812855593,1.439480753722524,1.5806096697254612
"2026","Thomas, Alek","677950","109","90","320",-3.875576935052855,-3.362474248078482,-0.24458689225089347,-1.0681201500114008,0.7996043552879225
"2026","Ward, Taylor","621493","110","144","629",8.077518204798471,0.16077753453541915,-4.651722379022938,8.857638650118197,3.71082439916779
"2026","Taveras, Leody","665750","110","79","309",3.372523868799335,-1.4282228098098746,0.014920389510140741,3.1817660903314477,1.6040601987676202
"2026","Abreu, Wilyer","677800","111","126","487",5.48437494584071,-1.1945236696370436,0.9822541646225637,3.1414433838401328,2.555201067015068
"2026","Rafaela, Ceddanne","678882","111","105","393",0.09019800625182484,-4.950489771756449,-1.0047626561729395,4.207876514561568,1.8375739196196452
"2026","Ramírez, Agustín","682663","146","116","448",-3.043750087687825,-3.7551332290850326,-3.3396621876429986,0.807513942098347,3.243531386941866
"2026","Buxton, Byron","621439","142","134","479",2.475825780733052,2.225059435041149,-3.396985747878993,1.1192802861561573,2.528471807414732
"2026","Semien, Marcus","543760","121","121","441",-5.99289457131755,-5.926290186069537,-3.5698935490425883,1.2771624637427788,2.2261267000518
"2026","Ozuna, Marcell","542303","134","107","452",-9.16244387795824,-5.853375564572338,-8.092842799015429,3.213755199904595,1.5700192857249307
"2026","Yorke, Nick","694377","134","78","304",-3.4764391742289282,-2.8284482454978814,-4.174702273240883,1.8626659062927147,1.6640454382171226
"2026","Crawford, J.P.","641487","136","101","421",1.6821790066010462,-5.615173623241702,-0.011287857509368518,5.078402992890351,2.230237494461768
"2026","Naylor, Josh","647304","136","125","398",-7.11773860795848,-6.099131896700801,-4.276526369811668,1.3957895476049789,1.8621301109490151
"2026","Rivas, Leo","660844","136","88","388",-7.450161504155345,-8.324262005086242,-3.6237753158194255,2.9476042702972123,1.5502715464531163
"2026","Schmitt, Casey","669477","137","102","364",4.334154406723699,-0.06070228693901744,1.0292999447398805,1.4098246975055821,1.9557320514172578
"2026","García Jr., Luis","671277","120","104","361",-1.1437159236738286,-4.874017410819898,-0.4411579201949236,2.698226860141086,1.4732325471999055
"2026","Olson, Matt","621566","144","142","639",10.85551576057279,5.055817777450117,-1.4852583569400846,3.8982889847182594,3.386667355344495
"2026","Duran, Jarren","680776","111","108","392",-9.057917854272235,-6.718103637560109,-4.199224471518344,0.41371433846781147,1.4456959163384193
"2026","Durbin, Caleb","702332","111","111","410",-6.704173708008943,-7.8403464260779305,-4.288848582597842,4.064843062952631,1.3601782377141944
"2026","Caglianone, Jac","695506","118","99","373",0.24680670462450421,-1.200078943906881,-2.458479918209049,0.9949192297057461,2.91044633703469
"2026","Keaschall, Luke","807712","142","131","509",-5.042497240970221,-3.054205784575072,-7.902452025010585,2.4275394495250557,3.4866211190903833
"2026","Benge, Carson","701807","121","97","393",-6.455012034506976,-2.9048959816406867,-8.463509401641948,4.334856696622999,0.5785366521526595
"2026","Schwarber, Kyle","656941","143","138","591",12.174792261813199,0.9909143036637553,2.256058369209185,4.729108404864946,4.198711184075279
"2026","Caminero, Junior","691406","139","131","503",4.711569801823841,-2.029290286487773,-0.18083233298109413,4.969102052880218,1.9525903684124841
"2026","Nimmo, Brandon","607043","140","139","509",4.003510841177463,-0.8804160348447347,-0.9536331745380425,3.664020596403963,2.1735394541562685
"2026","Seager, Corey","608369","140","128","498",-0.574767719111916,-0.477260216231458,-6.012475815774619,4.28180197316349,1.6331663397306666
"2026","Butler, Lawrence","671732","133","104","423",-6.445763350089367,-6.089411994508764,-3.484189328855098,1.5469901775039896,1.580847795770506
"2026","Mayo, Coby","691723","110","86","339",-5.5232269519897095,-4.785905267868098,-1.2646118005199605,0.08562885824656716,0.4416612581517901
"2026","Kelly, Carson","608348","112","88","339",3.890716579031319,1.8251582587750597,-3.595546882075812,4.216489528733428,1.4446156735986473
"2026","Ramírez, José","608070","114","135","573",5.67346440094622,-1.932070990318942,-0.6683766560757382,5.309005145712203,2.9649069016286966
"2026","Vargas, Miguel","678246","145","133","548",6.381582369427631,-2.1984819423552096,-4.012599466662027,9.141991224860838,3.450672553584034
"2026","Edwards, Xavier","669364","146","133","514",7.079109990855851,-0.008307448753178237,1.000366927551001,3.5624019074502637,2.5246486046077585
"2026","Lopez, Otto","672640","146","127","463",8.385393908475564,3.4308848323429877,1.1718782161917474,1.8883658459363124,1.8942650140045074
"2026","Hamilton, David","666152","158","90","372",-3.1545624163284156,-2.5752175299606983,-3.8359779136121643,1.13358489797455,2.1230481292698946
"2026","Ortiz, Joey","687401","158","76","300",-5.146173826776354,-2.61211448323548,-3.5175284802258937,1.1462016602342433,-0.1627325235492211
"2026","Robert Jr., Luis","673357","121","98","378",-0.23837634052186663,-3.9424758567568867,-1.9653501837891647,2.783484881802057,2.885964818222127
"2026","Machado, Manny","592518","135","117","484",2.0981143800774418,-6.1042956559569825,0.5437816937761595,4.718401961080911,2.940226381177355
"2026","Andujar, Miguel","609280","135","71","275",3.1032257223960125,-1.6709817549176622,3.6229615711464365,0.5205828855990942,0.6306630205681439
"2026","Adames, Willy","642715","137","129","530",-4.925632439172799,-1.9582162151575493,-6.4682631035157385,1.605847288528637,1.8949995909718451
"2026","Nuñez, Nasim","683083","120","111","460",-4.378926985449356,-5.235940896762677,-6.875238959342853,3.997861689112087,3.734391181544089
"2026","Doyle, Brenton","686668","115","93","323",-4.083988299517319,-1.3106790852676151,-4.094304675991638,0.03577709760945849,1.2852183641324777
"2026","Acuña, Luisangel","682668","145","81","294",-8.055037408837293,-7.146561601164031,-2.319527393517806,0.11337485327325314,1.2976767325712952
"2026","McGonigle, Kevin","805808","116","136","574",9.576699570866285,-2.2156387139515683,0.7162434689627833,5.739723305518549,5.336371510336508
"2026","Loperfido, Joey","694388","117","66","270",-0.37194338551382444,-0.8170553273764427,-2.29008298276031,0.781435254526183,1.9537596700967457
"2026","Caissie, Owen","683357","146","95","404",-3.404287870042214,-2.695375664841036,-2.162231548249171,0.3429630324202878,1.1103563106277061
"2026","Mitchell, Garrett","669003","158","98","440",1.9920623637657637,-0.8950827820694793,-3.6595461585308144,4.440714379038217,2.105976925327843
"2026","Gray, Tristan","656484","142","58","233",-0.31053362473106183,-0.7720581787542602,-0.4500644535493204,0.03025155829463523,0.8813374492778839
"2026","Clemens, Kody","665019","142","82","351",-0.8816661200882239,-8.161624294827785,3.0287011162764608,2.417373705684276,1.8338833527788236
"2026","Okamoto, Kazuma","672960","141","123","538",-2.4520852950276417,-2.165174515881712,-5.393020474572487,1.5258310286923642,3.580278666734194
"2026","Abrams, CJ","682928","120","129","481",14.762459979114675,8.05353593152605,-0.34451987773361686,3.115492484635935,3.9379514406862994
"2026","Langeliers, Shea","669127","133","135","507",11.185064598621915,0.926841228289579,4.219626854212045,4.175413463815264,1.8631830523050024
"2026","Anthony, Roman","701350","111","114","489",-2.9806927490644255,-4.859251448454799,-4.763983095505738,4.147344362980019,2.495197431916092
"2026","Stewart, Sal","701398","113","133","529",9.902215921834687,3.9784216649296344,-1.2190185467083126,3.5070174562756646,3.635795347337687
"2026","Freeman, Tyler","671289","115","65","224",0.14245839813339592,-2.72085379956411,0.05978518145804448,0.8969046204072799,1.90662239583218
"2026","Goodman, Hunter","696100","115","120","431",5.52151150478035,2.9597124725478303,0.9668876074547557,-0.9790737863357896,2.5739852111135626
"2026","Vázquez, Christian","543877","117","55","231",2.6003511721153405,-1.1423172086514568,1.803827380393884,1.344053176332464,0.5947878240404452
"2026","Alvarez, Yordan","670541","117","137","534",20.16012729740353,3.6045120129819903,10.30742012060459,2.547524359995665,3.700670803821286
"2026","India, Jonathan","663697","118","58","237",0.6921549652629665,-2.740332030382766,-0.6230283426390156,2.89434579278309,1.1611695455016595
"2026","Baty, Brett","683146","121","98","399",-5.25522992005437,-1.9024281060176045,-7.0475624662439325,2.2169879247326882,1.4777727274744847
"2026","Merrill, Jackson","701538","135","127","510",-5.67622116517225,-4.06441735934266,-4.005199707697942,0.2711546160888766,2.1222412857794817
"2026","Fraley, Jake","641584","139","67","280",1.2488383272697494,-1.360929097620653,-2.0564589100710866,2.96254364002402,1.7036826949374706
"2026","House, Brady","691781","120","120","464",-3.39521827555671,-3.500533187790858,-4.162427091671299,1.4617627153436579,2.805979288561786
"2026","Wood, James","695578","120","149","654",8.71499528189702,5.91453175053107,-6.827008598836018,5.218933525699733,4.4085386045022394
"2026","Dubón, Mauricio","643289","144","117","426",1.2033656459431084,0.22886838478761462,-1.497928179445506,0.5195710553964445,1.9528543852045557
"2026","Basallo, Samuel","694212","110","91","322",0.08485618514619209,0.07068942251194649,-1.1622251395150398,0.5536634119764325,0.6227284901728543
"2026","Suzuki, Seiya","673548","112","78","319",7.161585746949812,-3.1715132340287093,5.2288709685295105,2.3899038497263434,2.714324162722667
"2026","Friedl, TJ","670770","113","122","454",-7.878097678408,-4.610599085440183,-8.129409902844534,2.569728326484345,2.292182983392373
"2026","Castro, Willi","650489","115","85","344",-1.253330709447623,4.299170836236073,-6.141623208307529,-0.7203418879937624,1.3094635506175938
"2026","McCarthy, Jake","664983","115","66","226",0.017859404952175584,-2.525171614989446,-0.31373349017419094,1.0449068905199257,1.8118576195958862
"2026","Caratini, Victor","605170","142","93","346",-2.913186555081848,-4.2466300473190035,-3.532014228951207,2.724973109537689,2.1404846116506713
"2026","McMahon, Ryan","641857","147","82","334",-3.5969751966509227,-2.8650207796082743,-3.3806084120297317,1.0076854413029004,1.6409685536841847
"2026","Harper, Bryce","547180","143","131","465",5.33925082260149,2.9729360185034786,-3.585714667156391,3.338088528527444,2.613940942726963
"2026","Cronenworth, Jake","630105","135","105","446",-6.883281085689126,-6.369654444900446,-5.573821045583634,3.19530080628826,1.8648935985066986
"2026","Fermin, Freddy","666023","135","58","232",-1.3975713655926136,-3.2948481373797445,-1.6430828795783752,1.7123826425027902,1.8279770088627167
"2026","Chapman, Matt","656305","137","133","525",0.8025948577793544,-2.475121485116167,-2.4371736273907265,2.062830659432437,3.652059310853809
"2026","Bailey, Patrick","672275","137","81","325",-9.555996296735396,-6.194949323996414,-6.130389504045577,1.8287351269063705,0.9406074044002232
"2026","Burleson, Alec","676475","138","133","475",1.8850911553675487,-1.591937976349342,-3.010604700594286,3.195463563364404,3.2921702689467685
"2026","Simpson, Chandler","802415","139","129","418",-3.4006177227682923,-3.040724251877943,-1.9928711976800606,0.013380446399498529,1.619597280390217
"2026","Springer, George","543807","141","68","268",1.9235896340800724,2.8129069270553266,-3.676377497099781,1.4474033575204879,1.3396568466040368
"2026","Riley, Austin","663586","144","135","560",-6.6659853093828225,-3.0869993594933494,-7.142017266178614,1.377985776818352,2.185045539470786
"2026","Cowser, Colton","681297","110","68","288",-5.792198709338337,-3.5273394777755565,-3.375665529275465,0.3212585113650923,0.7895477863475913
"2026","Rocchio, Brayan","677587","114","113","462",2.6658259310497043,-4.25042539060736,0.6714661740982039,4.073296930078823,2.1714882174800327
"2026","Vierling, Matt","663837","116","70","284",-2.296280690903745,-3.6334579603850172,-0.8167995291133849,1.3046422950017573,0.8493345035929002
"2026","Turang, Brice","668930","158","128","540",9.095739505934963,1.2405409646876233,-0.7031716687962398,6.418822432151802,2.1395477778917886
"2026","Martin, Austin","668885","142","86","380",7.209752362484216,-2.13130992241678,-0.5364123026084708,7.226124918268434,2.6513496692410286
"2026","Jeffers, Ryan","680777","142","96","416",8.252304869772527,4.8187256347676986,-3.675586154089277,4.575941263483044,2.5332241256110604
"2026","O'Hearn, Ryan","656811","134","126","523",8.170039564668226,0.9289112572019897,0.4938604531675149,3.606227691686865,3.1410401626118496
"2026","Gorman, Nolan","669357","138","116","487",-2.2187492429241984,-2.450456296602651,-2.4285203319225754,0.8611372730265984,1.7990901125744319
"2026","Mullins, Cedric","656775","139","105","400",-11.086452756930564,-5.7078156012402586,-8.349607363224909,1.088960681403436,1.8820095261311471
"2026","Fortes, Nick","663743","139","81","274",-1.23773351332363,-1.932525729574323,-3.347855403756565,2.249822303744157,1.7928253162631014
"2026","Pederson, Joc","592626","140","85","356",-1.0020427191074295,-1.272407241937933,-4.147603720034502,3.102926570003864,1.315041672861146
"2026","Yoshida, Masataka","807799","111","59","224",0.926874142524194,-1.8079256928721303,-0.6365466919569335,1.8501210532419714,1.5212254741112867
"2026","Schneemann, Daniel","682177","114","87","370",6.8826911340802095,4.670126396670216,-0.08396469046346991,0.7407755182638044,1.5557539096096615
"2026","Martínez, Angel","682657","114","101","408",-0.41039898615563997,0.594463349562683,-2.992814635639506,0.4142496995912766,1.5737026003299053
"2026","Julien, Edouard","666397","115","91","376",4.119685839832105,-2.9336196884505643,0.982443519929246,3.430233365273331,2.640628643080098
"2026","Karros, Kyle","691720","115","112","492",-4.989468598934006,-8.976542428651467,-4.791393837540106,4.488556631724772,4.2899110355327945
"2026","Quero, Edgar","700337","145","83","313",-6.186981389512494,-1.916604855763523,-7.981162263532057,1.4408452776386693,2.26994045214442
"2026","Torkelson, Spencer","679529","116","120","521",3.3546184560560643,-2.4030089879356407,-3.119184810796961,5.997501854766187,2.8793104000224816
"2026","Correa, Carlos","621043","117","121","505",1.5651574966557091,-4.321660432705614,0.7110984441310613,3.3448654237581987,1.8308540614720645
"2026","Contreras, William","661388","158","123","452",2.579025461921772,-1.2706026650993172,-1.463852671788492,2.785395170111872,2.5280856286977116
"2026","Turner, Trea","607208","143","139","541",-1.6824391613665943,-4.163022237401611,-2.176333703536629,2.3411979947228954,2.3157187848487504
"2026","Griffin, Konnor","804606","134","100","386",-2.2391078611088746,0.9894101287541482,-4.844707251064877,-0.028262537564878204,1.6444517987667386
"2026","Walker, Jordan","691023","138","130","476",9.97803046589171,3.6445099693132517,2.2202353362850724,2.34357819541134,1.7697069648820605
"2026","Langford, Wyatt","694671","140","84","331",-3.1083865588726427,-1.4868900326177066,-3.9120934019397455,0.5486732194659842,1.7419236562188238
"2026","Mead, Curtis","678554","120","71","289",1.3669744228628133,-0.7096551533000459,-0.6978461211246592,1.2409490929978821,1.533526604289637
"2026","Arenado, Nolan","571448","109","105","418",3.135269831177365,-0.32294239222697596,-0.8279169099668703,2.265790063148583,2.02033907022263
"2026","Narváez, Carlos","665966","111","67","258",-0.26452932405011725,1.7096348436611422,-2.1370501371859576,-0.41244054474077546,0.5753265142154724
"2026","Lowe, Nathaniel","663993","113","58","257",7.136290551876261,5.549903760141915,-1.3028421966587187,1.9935721449614245,0.89565684343164
"2026","Peters, Tristan","671976","145","72","268",-2.6974427879239253,-5.236602154662894,0.5940221349761425,1.0126224575596061,0.9325147742032203
"2026","Thomas, Lane","657041","118","74","316",0.06073655893921773,-1.6894152479034363,-2.556566252330649,2.4704805141370776,1.8362375450362265
"2026","Bell, Josh","605137","142","127","493",-2.368855467368587,-7.387162565087119,-0.22916362180707778,1.9495862069424306,3.2978845125831775
"2026","Bichette, Bo","666182","121","136","496",-6.154156257981457,-4.991831927865146,-6.395143528154951,2.3709593498707218,2.861859848167918
"2026","Donovan, Brendan","680977","136","71","261",5.642376078923112,0.8269784811244874,-0.863663431698334,1.9540976818978455,3.7249633475991186
"2026","Canzone, Dominic","686527","136","74","286",2.8041746479278125,0.9811819256991494,0.0018293608670558736,0.6049080661365337,1.216255295225075
"2026","Del Castillo, Adrian","680728","109","61","253",-2.033111508085084,0.7113004065002939,-4.294218648562385,0.39855079079264266,1.1512559431843656
"2026","Kwan, Steven","680757","114","129","511",-2.8326263631556894,-0.751349256999227,-8.230704698146878,4.084149839237967,2.0652777527524497
"2026","Rumfield, TJ","681198","115","127","471",1.2094192101154795,-3.0802801158840545,0.34151117671020687,2.5596115274887623,1.3885766218005593
"2026","Keith, Colt","690993","116","96","357",0.4637771115435675,-4.334465669915614,1.5921238647392602,1.6924904520430306,1.513628464676893
"2026","Walker, Christian","572233","117","130","494",11.731249355342024,5.053315518536838,2.165648899911463,2.111491415826532,2.400793521067189
"2026","Matthews, Brice","694728","117","64","286",-1.0136814300658685,-2.4167255281259696,-1.4440514431683493,2.1147923339133525,0.7323032073150989
"2026","Freeman, Freddie","518692","119","127","482",0.15237339388764495,-2.93929704934068,-1.0061433356543592,2.5680737844675128,1.5297399944151662
"2026","Hicks, Liam","689414","146","102","383",7.152682135253697,3.1872350272759125,-1.1301388515941087,3.8776653912671915,1.2179205683047036
"2026","Larnach, Trevor","663616","142","84","361",5.045439947189048,-2.3772833668479088,1.6327047986327525,4.1334861318209635,1.6565323835832408
"2026","Arraez, Luis","650333","137","128","476",0.8427483533516963,-4.487065688703366,-0.8089235817257031,4.316493983414483,1.822243640366282
"2026","Carter, Evan","694497","140","110","453",-1.947238182680016,-2.6246330987087303,-5.123215275494999,3.825030001850951,1.9755801896727643
"2026","Sosa, Lenyn","672820","141","63","232",-5.63575757233022,-2.43190950016168,-4.0318765178339,0.2370003064050762,0.5910281392602869
"2026","Clement, Ernie","676391","141","130","396",0.20799147626732525,-2.1986592870418424,2.8254887173326724,-0.3141887126580449,-0.1046492413654585