Season,Name,Tm,G,PA,AB,H,1B,2B,3B,HR,R,RBI,BB,IBB,SO,HBP,SF,SH,GDP,SB,CS,AVG
2026,Carlos Cortes,ATH,27,84,75,29,19,5,1,4,10,13,8,0,7,1,0,0,3,0,0,.387
2026,Ildemaro Vargas,ARI,26,108,102,39,25,6,2,6,19,21,4,0,11,0,0,1,0,0,0,.382
2026,Ben Rice,NYY,33,134,108,37,16,9,0,12,30,27,23,2,32,1,2,0,2,2,0,.343
2026,Otto Lopez,MIA,34,145,136,46,33,8,2,3,23,15,6,0,28,2,1,0,1,5,2,.338
2026,Shea Langeliers,ATH,32,146,134,45,26,9,0,10,24,18,12,1,32,0,0,0,3,0,0,.336
2026,Yordan Alvarez,HOU,36,162,135,45,24,9,0,12,26,27,22,6,19,4,1,0,1,1,0,.333
2026,Mickey Moniak,COL,28,111,102,34,15,7,1,11,19,21,7,0,27,1,1,0,2,1,0,.333
2026,Xavier Edwards,MIA,35,149,129,43,32,7,2,2,23,11,19,0,15,0,0,1,3,4,1,.333
2026,Austin Martin,MIN,28,95,72,24,19,4,0,1,11,7,20,0,15,2,1,0,1,4,4,.333
2026,Ozzie Albies,ATL,36,155,139,46,30,8,0,8,28,23,12,0,18,1,3,0,2,0,3,.331
2026,Vladimir Guerrero Jr.,TOR,35,149,130,43,34,7,0,2,21,16,17,3,18,2,0,0,2,2,0,.331
2026,Nick Gonzales,PIT,32,126,116,38,33,5,0,0,15,17,8,0,23,2,0,0,5,2,1,.328
2026,Josh Jung,TEX,31,126,114,37,21,12,0,4,12,19,10,0,19,1,1,0,4,1,1,.325
2026,Yandy Díaz,TBR,32,139,121,39,30,3,1,5,19,21,13,2,16,5,0,0,2,1,0,.322
2026,Seiya Suzuki,CHC,22,96,81,26,18,2,0,6,16,13,12,2,23,2,1,0,2,0,0,.321
2026,Michael Harris II,ATL,33,114,107,34,23,4,0,7,13,22,6,0,21,0,1,0,1,2,0,.318
2026,Troy Johnston,COL,32,119,107,34,24,8,0,2,10,16,10,0,25,1,0,1,2,1,1,.318
2026,Colt Keith,DET,32,107,101,32,25,7,0,0,17,6,5,0,21,1,0,0,2,1,0,.317
2026,Luis Arraez,SFG,34,144,133,42,33,7,2,0,14,11,6,0,6,0,2,3,2,4,0,.316
2026,Kevin McGonigle,DET,34,150,130,41,26,11,2,2,24,16,19,0,19,1,0,0,0,3,0,.315
2026,Carson Kelly,CHC,26,100,86,27,21,4,0,2,13,13,13,0,16,1,0,0,2,0,0,.314
2026,Jeff McNeil,ATH,33,117,102,32,23,8,0,1,9,12,10,0,12,2,2,1,1,1,2,.314
2026,Drake Baldwin,ATL,36,166,147,46,32,5,0,9,33,30,16,1,32,3,0,0,5,1,0,.313
2026,Andy Pages,LAD,35,140,128,40,27,8,0,5,19,27,9,0,32,1,2,0,2,5,1,.313
2026,Brandon Marsh,PHI,31,118,110,34,23,7,0,4,16,18,5,0,24,1,2,0,2,3,0,.309
2026,Casey Schmitt,SFG,29,117,107,33,19,8,1,5,13,16,5,0,23,4,1,0,2,2,1,.308
2026,Ryan O'Hearn,PIT,33,140,120,37,27,5,0,5,20,24,16,1,27,2,2,0,8,1,0,.308
2026,Christian Walker,HOU,36,148,130,40,23,9,0,8,22,26,15,1,27,2,1,0,5,0,0,.308
2026,Jordan Walker,STL,34,146,130,40,24,6,0,10,28,27,14,0,43,1,1,0,2,6,1,.308
2026,Moisés Ballesteros,CHC,31,96,85,26,15,5,0,6,14,18,10,0,15,0,1,0,0,0,0,.306
2026,Miguel Andujar,SDP,24,86,82,25,16,6,1,2,8,9,3,0,15,1,0,0,1,1,1,.305
2026,Brice Turang,MIL,31,144,115,35,21,8,1,5,28,22,27,1,30,0,1,1,3,7,2,.304
2026,Jose Fernandez,ARI,26,97,92,28,22,3,0,3,19,12,4,0,21,1,0,0,1,1,1,.304
2026,Chase DeLauter,CLE,32,130,112,34,19,8,1,6,15,21,17,0,14,0,1,0,3,0,0,.304
2026,Juan Soto,NYM,20,86,73,22,15,4,0,3,9,8,13,2,14,0,0,0,0,1,1,.301
2026,Brandon Nimmo,TEX,33,147,130,39,27,7,1,4,16,12,13,1,29,3,1,0,3,1,1,.300
2026,Matt Olson,ATL,36,162,140,42,15,15,0,12,33,32,20,2,36,0,2,0,2,0,0,.300
2026,Nico Hoerner,CHC,34,157,137,41,27,10,0,4,18,27,13,0,14,4,3,0,1,7,0,.299
2026,Chandler Simpson,TBR,34,146,134,40,37,1,2,0,17,7,7,0,15,0,2,3,0,11,4,.299
2026,Liam Hicks,MIA,32,116,101,30,20,3,0,7,18,29,9,1,10,2,4,0,0,1,0,.297
2026,Wilyer Abreu,BOS,34,145,128,38,27,6,1,4,16,15,17,0,27,0,0,0,5,1,1,.297
2026,CJ Abrams,WSN,34,143,118,35,23,4,0,8,19,27,17,2,25,6,2,0,2,6,2,.297
2026,Jacob Wilson,ATH,33,144,139,41,31,8,0,2,16,15,4,0,15,0,1,0,3,1,0,.295
2026,William Contreras,MIL,32,143,129,38,28,7,0,3,20,23,14,2,15,0,0,0,3,0,0,.295
2026,Max Muncy,LAD,33,132,113,33,19,5,0,9,24,13,19,1,31,0,0,0,1,0,0,.292
2026,Ernie Clement,TOR,34,143,138,40,26,13,0,1,11,9,5,0,10,0,0,0,3,1,0,.290
2026,Adley Rutschman,BAL,20,81,76,22,12,6,0,4,9,17,5,0,11,0,0,0,1,0,0,.289
2026,Kyle Isbel,KCR,28,95,83,24,17,4,0,3,12,8,5,0,22,3,0,4,0,5,0,.289
2026,Riley Greene,DET,36,149,128,37,24,9,0,4,24,19,21,0,41,0,0,0,2,1,1,.289
2026,Taylor Ward,BAL,34,156,125,36,22,13,0,1,19,12,29,0,24,1,1,0,1,1,1,.288
2026,Elly De La Cruz,CIN,35,154,137,39,23,6,0,10,27,25,17,0,44,0,0,0,1,8,3,.285
2026,Ryan Jeffers,MIN,26,105,88,25,18,2,1,4,17,22,15,0,19,1,1,0,1,1,0,.284
2026,Daniel Schneemann,CLE,28,97,88,25,14,7,0,4,12,14,9,0,30,0,0,0,0,2,2,.284
2026,Bobby Witt Jr.,KCR,35,158,139,39,26,9,1,3,14,16,17,2,29,0,2,0,4,11,2,.281
2026,Brandon Lockridge,MIL,26,93,82,23,19,4,0,0,8,10,10,0,25,0,0,1,0,5,0,.280
2026,Leody Taveras,BAL,26,90,75,21,14,4,1,2,10,18,14,0,18,0,0,1,0,1,1,.280
2026,Will Smith,LAD,30,112,100,28,22,3,0,3,12,16,11,0,19,0,1,0,2,0,0,.280
2026,Trevor Larnach,MIN,27,93,75,21,14,5,1,1,14,9,18,1,17,0,0,0,3,1,0,.280
2026,Oswald Peraza,LAA,32,103,93,26,17,5,0,4,10,9,7,0,26,2,0,1,2,5,1,.280
2026,Angel Martínez,CLE,30,113,104,29,17,7,0,5,13,16,4,0,21,2,1,2,2,5,2,.279
2026,Carlos Correa,HOU,32,141,122,34,23,8,0,3,22,16,18,1,26,0,1,0,5,1,0,.279
2026,Matt Shaw,CHC,30,86,79,22,13,6,0,3,10,10,5,0,16,0,1,1,1,2,1,.278
2026,Freddie Freeman,LAD,33,146,134,37,25,8,1,3,12,18,11,1,20,1,0,0,6,0,0,.276
2026,Nolan Arenado,ARI,31,116,109,30,22,3,0,5,16,17,6,0,24,0,1,0,4,0,0,.275
2026,Masyn Winn,STL,30,129,113,31,23,6,1,1,15,14,12,0,25,3,1,0,1,4,0,.274
2026,Cody Bellinger,NYY,34,147,124,34,19,8,2,5,22,23,20,0,20,0,3,0,2,4,1,.274
2026,Randy Arozarena,SEA,36,150,128,35,22,9,1,3,24,12,17,0,34,3,2,0,3,8,1,.273
2026,Corbin Carroll,ARI,31,129,110,30,15,7,4,4,20,18,17,0,36,1,1,0,1,4,0,.273
2026,Edouard Julien,COL,29,102,88,24,18,3,1,2,15,12,13,0,29,1,0,0,4,3,2,.273
2026,Tristan Peters,CHW,30,86,77,21,19,1,1,0,8,5,6,0,21,1,0,2,0,4,0,.273
2026,Aaron Judge,NYY,35,155,125,34,15,5,0,14,32,27,27,3,42,2,0,0,3,5,2,.272
2026,Jung Hoo Lee,SFG,35,137,125,34,23,8,1,2,14,11,10,0,18,0,2,0,3,0,0,.272
2026,Bryce Harper,PHI,35,149,129,35,18,9,1,7,19,20,19,1,25,0,1,0,4,2,1,.271
2026,Willson Contreras,BOS,34,147,122,33,22,4,0,7,17,21,16,0,41,7,2,0,3,1,0,.270
2026,Dominic Canzone,SEA,30,83,74,20,10,7,0,3,11,12,7,0,19,1,1,0,0,1,1,.270
2026,Heliot Ramos,SFG,34,134,126,34,22,8,1,3,12,15,7,1,38,0,1,0,1,0,0,.270
2026,Jo Adell,LAA,36,154,145,39,33,2,0,4,14,20,4,0,33,4,1,0,5,2,0,.269
2026,Alec Burleson,STL,34,152,134,36,22,9,0,5,18,28,17,2,23,0,1,0,4,1,0,.269
2026,Jonathan Aranda,TBR,34,146,123,33,22,4,0,7,18,28,19,1,36,1,3,0,1,0,0,.268
2026,Julio Rodríguez,SEA,36,157,142,38,27,7,0,4,17,16,13,1,34,2,0,0,2,3,1,.268
2026,Isaac Paredes,HOU,31,130,113,30,21,6,0,3,16,15,13,0,21,4,0,0,3,0,0,.265
2026,Nick Fortes,TBR,28,92,87,23,17,5,0,1,5,8,2,0,12,3,0,0,4,0,0,.264
2026,Oneil Cruz,PIT,33,152,140,37,22,6,0,9,25,28,11,2,53,1,0,0,1,11,2,.264
2026,Chase Meidroth,CHW,33,144,125,33,25,7,0,1,21,4,15,0,34,0,1,2,3,1,0,.264
2026,Xander Bogaerts,SDP,33,137,122,32,25,2,0,5,15,18,15,0,21,0,0,0,2,4,0,.262
2026,Konnor Griffin,PIT,28,114,103,27,19,4,2,2,13,16,8,0,31,2,1,0,1,7,0,.262
2026,Maikel Garcia,KCR,33,145,130,34,21,9,1,3,18,13,13,0,24,0,2,0,2,4,2,.262
2026,Ceddanne Rafaela,BOS,33,122,111,29,22,4,2,1,13,10,6,0,27,5,0,0,5,1,3,.261
2026,Brayan Rocchio,CLE,35,130,115,30,23,4,0,3,14,19,11,0,12,2,0,2,2,3,2,.261
2026,Jorbit Vivas,WSN,28,82,69,18,15,3,0,0,12,3,6,0,10,4,1,2,3,0,1,.261
2026,José Caballero,NYY,34,128,119,31,21,6,0,4,16,13,6,0,27,3,0,0,6,13,4,.261
2026,Justin Crawford,PHI,30,110,100,26,18,6,2,0,8,7,8,0,21,2,0,0,0,3,2,.260
2026,TJ Rumfield,COL,36,144,131,34,23,6,1,4,12,19,11,0,23,1,1,0,1,0,0,.260
2026,Jeremiah Jackson,BAL,31,116,112,29,20,3,0,6,10,24,2,0,26,1,1,0,7,1,1,.259
2026,Gleyber Torres,DET,32,144,116,30,26,2,0,2,18,11,25,0,22,1,2,0,2,0,0,.259
2026,Andrés Giménez,TOR,32,123,116,30,20,6,1,3,9,16,4,0,18,1,1,1,4,4,0,.259
2026,Mauricio Dubón,ATL,34,135,124,32,20,8,2,2,17,18,9,0,22,2,0,0,2,0,2,.258
2026,Bryan Reynolds,PIT,35,156,124,32,21,5,2,4,26,22,29,2,42,2,1,0,1,1,0,.258
2026,Junior Caminero,TBR,34,147,128,33,21,3,0,9,21,16,18,1,26,0,1,0,3,0,2,.258
2026,Cole Young,SEA,36,142,128,33,25,4,1,3,20,19,11,0,33,2,1,0,1,2,2,.258
2026,Jac Caglianone,KCR,31,114,101,26,16,5,1,4,14,8,11,0,35,2,0,0,1,0,1,.257
2026,Dillon Dingler,DET,30,118,105,27,14,7,0,6,12,25,7,0,20,4,0,0,5,0,0,.257
2026,Javier Báez,DET,24,82,78,20,13,5,0,2,10,6,2,0,16,1,1,0,2,1,1,.256
2026,Iván Herrera,STL,35,161,125,32,19,9,0,4,21,17,27,4,27,8,1,0,3,1,0,.256
2026,Alex Freeland,LAD,29,97,86,22,16,4,0,2,10,7,8,0,27,0,1,2,2,0,0,.256
2026,Nolan Schanuel,LAA,33,142,129,33,22,8,0,3,11,19,10,0,22,1,2,0,8,0,1,.256
2026,Giancarlo Stanton,NYY,24,96,90,23,14,6,0,3,8,14,6,0,29,0,0,0,2,1,0,.256
2026,Marcelo Mayer,BOS,30,101,90,23,16,6,0,1,7,8,7,0,18,2,1,0,4,2,0,.256
2026,Ben Williamson,TBR,30,100,90,23,17,5,1,0,14,10,9,0,20,0,0,1,3,3,0,.256
2026,Spencer Steer,CIN,33,124,110,28,17,6,0,5,13,11,10,0,31,3,1,0,2,1,0,.255
2026,Brooks Lee,MIN,31,119,110,28,21,2,0,5,14,18,8,0,24,1,0,0,1,2,1,.255
2026,Byron Buxton,MIN,32,147,134,34,18,5,1,10,25,14,10,0,37,2,1,0,0,2,0,.254
2026,Luke Raley,SEA,31,99,91,23,12,4,1,6,12,16,6,0,36,2,0,0,0,0,1,.253
2026,Fernando Tatis Jr.,SDP,33,143,123,31,26,4,1,0,12,13,14,1,36,1,4,1,3,9,2,.252
2026,Ronald Acuña Jr.,ATL,34,152,127,32,21,8,1,2,17,9,20,1,31,3,2,0,0,7,4,.252
2026,Sal Stewart,CIN,35,151,131,33,18,6,0,9,20,29,18,1,27,0,2,0,4,7,0,.252
2026,Mike Trout,LAA,35,161,124,31,16,5,0,10,30,21,34,4,39,3,0,0,2,5,0,.250
2026,Jesús Sánchez,TOR,34,118,108,27,19,4,0,4,11,15,5,1,20,2,3,0,3,1,0,.250
2026,Mark Vientos,NYM,27,95,88,22,14,4,0,4,10,14,6,0,22,0,1,0,2,0,0,.250
2026,Jose Altuve,HOU,33,147,129,32,20,9,0,3,22,9,17,1,27,0,0,1,5,1,2,.248
2026,Teoscar Hernández,LAD,31,127,113,28,20,4,0,4,17,17,13,1,35,0,1,0,5,1,0,.248
2026,Jake Bauers,MIL,32,126,113,28,17,6,0,5,21,19,13,3,27,0,0,0,1,3,1,.248
2026,Yainer Diaz,HOU,26,106,101,25,18,5,0,2,7,14,3,0,16,0,2,0,3,0,1,.248
2026,Nathan Church,STL,30,108,101,25,16,4,0,5,14,16,4,0,24,1,2,0,2,3,1,.248
2026,Daylen Lile,WSN,34,151,138,34,23,8,0,3,20,14,13,1,28,0,0,0,2,1,3,.246
2026,JJ Wetherholt,STL,35,161,134,33,21,5,0,7,28,18,18,1,28,7,2,0,0,4,0,.246
2026,Matt Chapman,SFG,34,145,130,32,24,6,1,1,16,12,14,0,34,1,0,0,4,0,1,.246
2026,Geraldo Perdomo,ARI,30,124,102,25,16,4,3,2,12,9,18,0,15,0,2,2,5,6,3,.245
2026,Willi Castro,COL,27,102,94,23,17,5,0,1,13,11,7,0,34,1,0,0,1,2,2,.245
2026,Alex Bregman,CHC,35,160,139,34,25,5,1,3,13,12,19,1,24,1,1,0,7,1,0,.245
2026,Adolis García,PHI,34,137,123,30,21,5,1,3,10,11,11,0,35,2,1,0,1,1,0,.244
2026,Nick Kurtz,ATH,33,153,119,29,19,5,0,5,19,16,34,4,50,0,0,0,0,3,1,.244
2026,Brandon Lowe,PIT,30,135,115,28,12,8,0,8,19,21,19,0,30,1,0,0,0,0,0,.243
2026,Kyle Tucker,LAD,34,151,132,32,21,7,0,4,24,18,17,0,30,0,2,0,0,3,0,.242
2026,Spencer Horwitz,PIT,32,116,95,23,17,3,0,3,11,13,18,0,15,1,2,0,6,0,0,.242
2026,Ian Happ,CHC,33,151,124,30,15,6,1,8,26,15,25,2,43,2,0,0,3,1,0,.242
2026,Shohei Ohtani,LAD,33,158,125,30,18,6,0,6,23,14,26,6,36,4,2,0,3,4,0,.240
2026,Munetaka Murakami,CHW,35,154,125,30,15,1,0,14,26,28,28,3,50,0,1,0,1,0,2,.240
2026,Max Muncy,ATH,26,104,92,22,13,5,2,2,15,7,6,0,37,4,2,0,3,2,1,.239
2026,Ramón Laureano,SDP,32,136,122,29,18,4,2,5,16,19,11,0,41,1,2,0,1,4,0,.238
2026,Wyatt Langford,TEX,20,84,80,19,13,3,2,1,9,4,4,0,19,0,0,0,2,3,0,.238
2026,Pedro Pagés,STL,22,84,76,18,12,3,0,3,8,8,4,0,21,2,1,1,3,2,0,.237
2026,Pete Crow-Armstrong,CHC,35,144,131,31,22,4,2,3,21,13,10,1,40,2,0,1,2,6,3,.237
2026,Kazuma Okamoto,TOR,34,143,127,30,19,2,0,9,18,22,16,0,42,0,0,0,3,0,0,.236
2026,Bo Bichette,NYM,35,154,144,34,27,5,0,2,16,15,8,0,30,0,2,0,6,1,0,.236
2026,Trea Turner,PHI,34,152,140,33,23,6,0,4,21,11,12,0,31,0,0,0,3,3,0,.236
2026,David Hamilton,MIL,29,103,85,20,18,2,0,0,16,7,12,0,20,1,0,4,1,7,2,.235
2026,Connor Norby,MIA,32,119,102,24,14,7,0,3,7,11,12,0,36,4,1,0,3,2,1,.235
2026,Daulton Varsho,TOR,32,127,115,27,16,7,0,4,14,9,10,1,23,2,0,0,0,2,0,.235
2026,Samuel Basallo,BAL,27,104,94,22,14,3,0,5,10,10,10,1,28,0,0,0,0,0,0,.234
2026,Luis García Jr.,WSN,33,112,107,25,17,6,1,1,14,16,4,0,19,0,1,0,0,2,0,.234
2026,Jacob Young,WSN,31,119,112,26,19,5,0,2,11,15,5,0,24,1,0,1,1,1,1,.232
2026,Hunter Goodman,COL,33,138,125,29,13,7,0,9,24,15,10,1,53,3,0,0,1,1,1,.232
2026,James Wood,WSN,35,167,134,31,14,7,0,10,30,24,31,6,54,2,0,0,1,5,1,.231
2026,Eugenio Suárez,CIN,25,100,91,21,15,3,0,3,10,11,9,0,30,0,0,0,1,0,0,.231
2026,Jorge Soler,LAA,32,138,117,27,15,5,0,7,17,26,15,0,44,3,3,0,4,0,0,.231
2026,Isaac Collins,KCR,28,109,91,21,16,3,0,2,12,11,15,0,32,2,1,0,1,1,3,.231
2026,Carter Jensen,KCR,32,119,104,24,16,2,0,6,14,17,13,0,35,1,1,0,1,0,0,.231
2026,Agustín Ramírez,MIA,31,129,113,26,18,5,1,2,14,14,13,1,28,2,1,0,5,3,1,.230
2026,Cam Smith,HOU,35,141,122,28,18,6,0,4,17,17,14,0,40,2,2,0,4,4,0,.230
2026,Roman Anthony,BOS,30,130,109,25,18,5,1,1,12,5,20,1,33,1,0,0,0,2,0,.229
2026,Francisco Alvarez,NYM,32,110,96,22,14,4,0,4,10,8,9,0,24,2,1,0,9,0,0,.229
2026,Brady House,WSN,31,128,118,27,19,4,0,4,14,15,10,0,40,0,0,0,4,1,0,.229
2026,Andrew Benintendi,CHW,33,113,105,24,15,5,2,2,11,16,6,0,38,0,2,0,2,0,0,.229
2026,Miguel Vargas,CHW,34,150,123,28,16,4,1,7,23,18,24,1,26,2,1,0,2,5,0,.228
2026,Francisco Lindor,NYM,24,105,93,21,15,2,2,2,14,5,11,0,19,1,0,0,2,2,1,.226
2026,Colson Montgomery,CHW,35,145,124,28,14,5,0,9,15,23,14,2,41,7,0,0,2,1,1,.226
2026,Nolan Gorman,STL,34,130,116,26,18,3,0,5,13,21,11,1,35,0,3,0,0,0,0,.224
2026,Luis Robert Jr.,NYM,24,98,85,19,14,3,0,2,10,8,13,0,17,0,0,0,2,2,2,.224
2026,Josh Naylor,SEA,33,143,130,29,22,3,0,4,8,17,11,1,24,1,1,0,4,4,2,.223
2026,Luke Keaschall,MIN,34,143,130,29,21,7,0,1,14,15,10,0,23,1,2,0,2,7,0,.223
2026,Nasim Nuñez,WSN,31,116,99,22,21,1,0,0,16,12,14,0,22,1,0,2,0,14,2,.222
2026,Tyler Soderstrom,ATH,32,138,122,27,11,11,1,4,17,19,15,1,28,0,1,0,4,1,0,.221
2026,Manny Machado,SDP,32,134,113,25,16,4,0,5,19,18,19,1,28,0,2,0,3,1,1,.221
2026,Blaze Alexander,BAL,25,85,77,17,15,2,0,0,8,2,5,0,25,1,0,1,4,3,1,.221
2026,Jackson Merrill,SDP,32,140,127,28,18,6,0,4,20,16,10,1,33,1,0,2,4,6,0,.220
2026,Garrett Mitchell,MIL,32,119,96,21,13,6,1,1,15,21,21,1,42,1,0,1,0,5,3,.219
2026,Josh Bell,MIN,33,135,119,26,18,5,0,3,21,17,14,0,25,1,1,0,3,0,0,.218
2026,Dylan Beavers,BAL,27,99,87,19,14,3,0,2,13,10,10,0,24,0,1,1,1,3,1,.218
2026,José Ramírez,CLE,36,157,133,29,15,8,0,6,20,14,24,3,21,0,0,0,1,13,1,.218
2026,Rafael Devers,SFG,35,144,133,29,21,6,0,2,9,14,9,1,43,0,2,0,5,0,0,.218
2026,Josh Smith,TEX,30,108,92,20,18,2,0,0,6,6,14,1,20,1,1,0,1,2,1,.217
2026,Spencer Torkelson,DET,35,136,115,25,13,6,0,6,13,14,20,0,41,1,0,0,1,0,1,.217
2026,Steven Kwan,CLE,33,149,129,28,22,5,0,1,15,9,16,1,17,2,1,1,4,2,1,.217
2026,Victor Caratini,MIN,25,101,83,18,16,1,0,1,6,13,9,0,17,5,4,0,3,0,0,.217
2026,Kyle Karros,COL,34,118,97,21,17,3,0,1,15,5,19,0,28,0,2,0,1,2,0,.216
2026,Jake Burger,TEX,34,141,134,29,18,5,0,6,13,20,5,0,43,1,1,0,3,0,0,.216
2026,Pete Alonso,BAL,35,150,130,28,14,8,0,6,21,15,19,0,37,1,0,0,4,1,0,.215
2026,Gavin Sheets,SDP,30,99,93,20,7,9,0,4,11,12,5,0,23,1,0,0,3,1,0,.215
2026,Ketel Marte,ARI,32,136,126,27,19,3,0,5,17,11,10,0,28,0,0,0,3,0,0,.214
2026,Austin Riley,ATL,36,152,136,29,18,6,0,5,19,22,13,0,39,2,1,0,4,3,0,.213
2026,Corey Seager,TEX,33,143,122,26,14,6,0,6,19,17,18,2,37,1,2,0,4,1,0,.213
2026,Jazz Chisholm Jr.,NYY,34,139,122,26,18,5,0,3,16,12,15,0,37,1,1,0,0,11,2,.213
2026,Kyle Schwarber,PHI,35,156,127,27,9,6,1,11,22,20,25,0,49,4,0,0,1,0,0,.213
2026,Michael Busch,CHC,34,149,127,27,17,7,1,2,15,17,18,0,33,2,2,0,2,0,0,.213
2026,Sal Frelick,MIL,32,125,104,22,17,2,0,3,16,9,15,1,13,1,2,0,2,1,1,.212
2026,Gary Sánchez,MIL,24,89,71,15,7,2,1,5,11,14,17,0,18,1,0,0,2,0,0,.211
2026,Curtis Mead,WSN,26,81,71,15,6,5,0,4,13,12,9,0,13,1,0,0,0,2,0,.211
2026,Brice Matthews,HOU,27,81,71,15,8,4,0,3,7,12,8,0,29,0,1,1,0,2,0,.211
2026,Kerry Carpenter,DET,33,110,95,20,10,2,2,6,11,17,11,0,38,2,2,0,1,0,0,.211
2026,Zach Neto,LAA,36,167,143,30,17,8,0,5,23,15,22,1,54,2,0,0,0,7,3,.210
2026,Brenton Doyle,COL,31,100,91,19,15,3,0,1,14,3,9,0,35,0,0,0,0,7,2,.209
2026,J.P. Crawford,SEA,28,120,96,20,14,3,0,3,16,9,22,0,18,2,0,0,3,1,1,.208
2026,Gunnar Henderson,BAL,34,158,144,30,14,6,1,9,23,19,12,0,49,1,1,0,1,5,1,.208
2026,Marcus Semien,NYM,35,136,125,26,20,5,0,1,8,11,8,0,28,1,1,1,2,4,1,.208
2026,Salvador Perez,KCR,34,143,135,28,18,5,0,5,14,14,4,1,29,3,1,0,5,0,0,.207
2026,Trevor Story,BOS,33,144,135,28,20,6,0,2,11,18,7,0,44,0,2,0,5,2,0,.207
2026,Danny Jansen,TEX,23,81,73,15,8,4,1,2,6,8,7,0,26,1,0,0,4,0,1,.205
2026,Matt Vierling,DET,23,82,73,15,7,7,0,1,8,14,7,0,14,0,2,0,3,1,0,.205
2026,Dansby Swanson,CHC,34,137,112,23,14,2,1,6,24,24,21,0,30,1,3,0,1,2,0,.205
2026,Joc Pederson,TEX,31,93,78,16,13,1,0,2,11,6,12,0,22,1,2,0,4,0,0,.205
2026,Kody Clemens,MIN,24,90,78,16,9,4,0,3,8,9,9,0,26,2,0,1,0,4,2,.205
2026,Logan O'Hoppe,LAA,25,93,78,16,14,1,0,1,9,8,11,0,23,3,1,0,2,0,0,.205
2026,Jarren Duran,BOS,30,127,118,24,15,5,0,4,18,18,8,0,32,1,0,0,0,6,0,.203
2026,Rhys Hoskins,CLE,27,98,79,16,8,6,0,2,14,10,17,0,28,1,1,0,3,0,0,.203
2026,Ryan McMahon,NYY,31,94,84,17,13,2,0,2,8,9,10,0,29,0,0,0,3,1,0,.202
2026,Owen Caissie,MIA,32,103,94,19,11,6,0,2,10,15,5,0,44,1,3,0,1,1,0,.202
2026,Brett Baty,NYM,32,112,99,20,14,4,1,1,12,12,9,0,31,1,2,0,2,2,1,.202
2026,Mike Yastrzemski,ATL,33,113,104,21,16,4,1,0,13,6,8,0,27,1,0,0,1,1,0,.202
2026,Kyle Manzardo,CLE,31,107,95,19,15,2,0,2,5,10,9,0,35,2,1,0,4,0,0,.200
2026,TJ Friedl,CIN,32,137,121,24,16,6,0,2,13,7,10,0,30,3,0,3,1,4,0,.198
2026,Vinnie Pasquantino,KCR,33,142,121,24,14,4,2,4,15,17,16,0,30,1,4,0,1,1,0,.198
2026,Bryson Stott,PHI,29,110,101,20,14,2,2,2,8,11,6,0,20,1,0,2,1,6,0,.198
2026,Austin Wells,NYY,27,100,81,16,12,1,0,3,10,5,18,2,19,0,1,0,3,0,0,.198
2026,Taylor Walls,TBR,23,85,71,14,11,3,0,0,11,6,9,0,21,1,0,4,1,5,1,.197
2026,Willy Adames,SFG,34,144,137,27,13,11,0,3,12,6,6,0,45,1,0,0,1,1,2,.197
2026,Matt McLain,CIN,34,143,123,24,16,6,0,2,13,9,18,0,37,2,0,0,3,5,2,.195
2026,Ezequiel Tovar,COL,35,135,125,24,15,8,0,1,9,9,7,0,38,2,1,0,1,2,0,.192
2026,Carson Benge,NYM,31,109,99,19,13,3,0,3,12,8,10,0,24,0,0,0,1,6,0,.192
2026,Tyler Stephenson,CIN,27,97,84,16,10,4,0,2,5,6,12,0,28,0,1,0,1,0,0,.190
2026,Marcell Ozuna,PIT,29,121,111,21,14,4,0,3,10,13,9,0,32,1,0,0,3,0,0,.189
2026,Luis Rengifo,MIL,30,112,101,19,11,8,0,0,9,11,8,1,13,1,1,1,1,1,0,.188
2026,Cal Raleigh,SEA,33,147,129,24,13,4,0,7,13,18,16,0,43,0,2,0,2,2,1,.186
2026,Jakob Marsee,MIA,34,155,130,24,18,3,2,1,19,8,21,0,39,2,1,1,1,10,2,.185
2026,Alek Thomas,ARI,25,92,87,16,6,8,0,2,10,10,3,0,21,1,0,1,1,4,0,.184
2026,Victor Scott II,STL,31,103,87,16,13,2,0,1,11,5,7,0,27,1,1,7,2,5,2,.184
2026,Joey Ortiz,MIL,25,83,72,13,13,0,0,0,11,8,8,0,17,0,1,2,1,4,2,.181
2026,Lawrence Butler,ATH,32,112,100,18,13,2,0,3,10,12,12,1,30,0,0,0,3,4,2,.180
2026,Trent Grisham,NYY,33,133,108,19,8,5,1,5,21,20,23,0,22,0,2,0,2,1,1,.176
2026,Yoán Moncada,LAA,32,108,91,16,11,1,1,3,9,9,15,0,38,2,0,0,1,0,0,.176
2026,Royce Lewis,MIN,22,84,74,13,8,2,0,3,7,10,9,0,25,1,0,0,1,2,0,.176
2026,Matt Wallner,MIN,29,117,103,18,12,3,0,3,12,8,10,0,42,4,0,0,2,0,1,.175
2026,Evan Carter,TEX,34,121,100,17,10,4,0,3,11,9,16,0,28,1,1,3,0,5,0,.170
2026,Luisangel Acuña,CHW,26,86,77,13,12,1,0,0,7,3,6,0,14,1,1,1,3,6,1,.169
2026,Caleb Durbin,BOS,32,122,109,18,11,6,0,1,13,11,11,0,16,2,0,0,3,3,1,.165
2026,Coby Mayo,BAL,27,94,85,14,8,3,0,3,9,12,8,0,28,0,1,0,2,1,0,.165
2026,Edgar Quero,CHW,25,88,74,12,11,1,0,0,3,5,9,0,20,2,1,2,4,1,0,.162
2026,Henry Davis,PIT,23,84,74,12,7,3,0,2,10,7,7,0,16,2,0,1,2,1,0,.162
2026,Alec Bohm,PHI,33,135,121,19,15,3,0,1,7,15,9,0,22,2,3,0,1,0,0,.157
2026,Josh Lowe,LAA,29,99,91,14,9,1,0,4,7,10,5,0,28,1,1,1,0,1,0,.154
2026,Patrick Bailey,SFG,27,86,79,12,11,0,0,1,5,5,7,0,20,0,0,0,3,2,0,.152
2026,Jake Cronenworth,SDP,31,114,97,14,11,2,0,1,13,4,14,0,23,3,0,0,1,1,0,.144
2026,Leo Rivas,SEA,30,103,85,12,10,1,1,0,8,7,13,0,33,3,1,1,1,2,0,.141
2026,Cedric Mullins,TBR,29,115,104,14,9,2,1,2,8,9,6,0,22,2,1,1,1,6,3,.135
2026,Bo Naylor,CLE,25,83,77,10,7,2,0,1,3,4,6,0,19,0,0,0,2,0,0,.130
2026,Ke'Bryan Hayes,CIN,27,94,87,11,7,1,1,2,7,3,7,0,15,0,0,0,1,0,0,.126
