mlbam_id,player,name_key,num_starts,ip,era,k9,bb9,h9,whip,k_pct,bb_pct,fip,siera_proxy,qs_rate,qs_prob
571510,Matthew Boyd,matthew boyd,4,18.0,7.0,13.0,2.5,10.5,1.44,0.325,0.0625,2.63,1.5,0.0,0.27
694819,Jacob Misiorowski,jacob misiorowski,6,32.7,3.31,14.05,3.58,6.34,1.1,0.3806,0.097,2.16,1.5,0.333,0.38
686613,Hunter Brown,hunter brown,2,10.7,0.84,14.34,5.06,4.22,1.03,0.3953,0.1395,2.28,1.5,0.5,0.46
693645,Cam Schlittler,cam schlittler,7,41.7,1.51,10.58,1.3,5.4,0.74,0.3141,0.0385,2.03,1.5,0.571,0.535
601713,Nick Pivetta,nick pivetta,4,16.0,4.5,13.5,3.38,6.75,1.12,0.3636,0.0909,2.27,1.5,0.0,0.27
690997,Nolan McLean,nolan mclean,6,35.3,2.55,11.46,2.55,5.09,0.85,0.3309,0.0735,2.21,1.5,0.5,0.48
621107,Zach Eflin,zach eflin,1,3.7,2.45,17.18,4.91,9.82,1.64,0.4118,0.1176,2.41,1.5,0.0,0.405
594798,Jacob deGrom,jacob degrom,6,31.3,2.01,11.49,2.01,6.61,0.96,0.3226,0.0565,2.24,1.5,0.333,0.38
691799,Grant Taylor,grant taylor,4,5.0,0.0,9.0,0.0,1.8,0.2,0.3125,0.0,1.43,1.5,0.0,0.27
665152,Dean Kremer,dean kremer,2,11.0,4.09,13.09,1.64,6.55,0.91,0.3721,0.0465,1.75,1.5,0.5,0.46
800311,Didier Fuentes,didier fuentes,1,3.0,12.0,21.0,3.0,21.0,2.67,0.4118,0.0588,2.54,1.5,0.0,0.405
676467,Colton Gordon,colton gordon,1,3.7,9.82,12.27,0.0,19.64,2.18,0.2632,0.0,3.28,1.546,0.0,0.405
694973,Paul Skenes,paul skenes,7,34.0,3.18,10.32,1.85,5.82,0.85,0.2977,0.0534,2.33,1.662,0.429,0.435
656302,Dylan Cease,dylan cease,6,31.3,2.87,14.07,4.88,7.47,1.37,0.3577,0.1241,2.75,1.664,0.167,0.28
801139,Payton Tolle,payton tolle,2,10.7,3.38,12.66,4.22,5.06,1.03,0.3488,0.1163,2.5,1.697,0.5,0.46
607192,Tyler Glasnow,tyler glasnow,6,38.7,2.56,10.94,3.03,4.42,0.83,0.3176,0.0878,2.39,1.813,0.667,0.58
690986,Kyle Harrison,kyle harrison,5,23.7,2.28,11.41,3.04,6.46,1.06,0.3125,0.0833,2.58,1.835,0.2,0.325
687570,Connor Prielipp,connor prielipp,2,9.0,4.0,11.0,3.0,5.0,0.89,0.3143,0.0857,2.45,1.839,0.0,0.36
701542,Will Warren,will warren,6,31.3,2.59,10.63,2.01,8.33,1.15,0.2846,0.0538,2.68,1.9,0.333,0.38
669947,Jesse Scholtens,jesse scholtens,1,5.7,7.94,9.53,0.0,12.71,1.41,0.24,0.0,2.89,1.961,0.0,0.405
656876,Drew Rasmussen,drew rasmussen,6,30.7,2.64,9.39,1.47,6.16,0.85,0.2712,0.0424,2.46,1.977,0.333,0.38
677960,Ryan Weathers,ryan weathers,6,33.7,3.21,10.69,2.14,8.82,1.22,0.2817,0.0563,2.78,1.987,0.333,0.38
669373,Tarik Skubal,tarik skubal,7,43.3,2.7,9.35,1.25,7.27,0.95,0.2632,0.0351,2.56,2.018,0.714,0.635
684007,Shota Imanaga,shota imanaga,6,34.3,2.88,9.96,2.36,5.5,0.87,0.2857,0.0677,2.54,2.078,0.5,0.48
660271,Shohei Ohtani,shohei ohtani,5,30.0,0.6,10.2,2.7,5.1,0.87,0.2931,0.0776,2.54,2.091,1.0,0.725
666200,Jesús Luzardo,jesus luzardo,6,34.3,5.5,10.75,2.36,9.17,1.28,0.2789,0.0612,2.89,2.105,0.333,0.38
519242,Chris Sale,chris sale,6,35.0,2.31,9.77,2.31,5.91,0.91,0.2774,0.0657,2.62,2.196,0.833,0.68
669022,MacKenzie Gore,mackenzie gore,6,31.0,4.35,12.19,4.35,7.26,1.29,0.3158,0.1128,2.96,2.22,0.167,0.28
650911,Cristopher Sánchez,cristopher sanchez,7,40.3,2.9,11.16,2.9,10.71,1.51,0.2747,0.0714,3.2,2.325,0.571,0.535
668909,Gavin Williams,gavin williams,7,43.3,2.7,11.01,3.95,5.19,1.02,0.3046,0.1092,2.79,2.36,0.429,0.435
667755,José Soriano,jose soriano,7,42.7,0.84,10.34,3.38,5.06,0.94,0.2917,0.0952,2.73,2.376,0.571,0.535
800048,Parker Messick,parker messick,6,36.3,1.73,9.41,2.48,5.45,0.88,0.2695,0.0709,2.69,2.409,0.5,0.48
647336,Michael Soroka,michael soroka,6,30.7,4.7,10.57,2.64,10.27,1.43,0.2647,0.0662,3.19,2.425,0.167,0.28
676979,Garrett Crochet,garrett crochet,6,30.0,6.3,11.1,3.3,9.9,1.47,0.2761,0.0821,3.23,2.454,0.5,0.48
695505,Chase Burns,chase burns,6,34.0,2.65,10.32,3.18,6.88,1.12,0.2786,0.0857,2.93,2.464,0.5,0.48
672282,Reid Detmers,reid detmers,6,33.7,4.28,9.62,2.41,7.49,1.1,0.2609,0.0652,2.91,2.479,0.333,0.38
592332,Kevin Gausman,kevin gausman,7,40.7,3.1,8.85,1.77,6.86,0.96,0.2484,0.0497,2.78,2.48,0.571,0.535
677952,Braxton Ashcraft,braxton ashcraft,6,34.0,3.71,10.32,3.18,7.15,1.15,0.2766,0.0851,2.97,2.49,0.5,0.48
657746,Joe Ryan,joe ryan,7,38.3,3.76,9.16,2.11,7.28,1.04,0.2516,0.0581,2.89,2.541,0.429,0.435
663567,Peter Lambert,peter lambert,3,15.3,3.52,11.15,4.11,7.04,1.24,0.2923,0.1077,3.08,2.551,0.333,0.415
663623,Jake Irvin,jake irvin,6,29.7,4.85,10.31,3.34,7.28,1.18,0.2742,0.0887,3.04,2.584,0.0,0.18
663554,Casey Mize,casey mize,6,31.0,2.9,10.16,3.19,7.55,1.19,0.2692,0.0846,3.07,2.611,0.5,0.48
669302,Logan Gilbert,logan gilbert,7,38.0,4.03,9.24,1.89,9.71,1.29,0.2393,0.0491,3.15,2.632,0.286,0.335
690953,Mick Abel,mick abel,3,17.0,2.12,10.06,3.18,7.41,1.18,0.2676,0.0845,3.06,2.638,0.667,0.515
700249,Cade Povich,cade povich,1,6.7,1.35,6.75,0.0,6.75,0.75,0.2,0.0,2.65,2.673,1.0,0.505
676106,Emerson Hancock,emerson hancock,6,34.7,2.86,8.31,1.56,7.27,0.98,0.2319,0.0435,2.89,2.685,0.667,0.58
801403,Chase Dollander,chase dollander,1,7.0,0.0,9.0,2.57,6.43,1.0,0.25,0.0714,2.96,2.757,1.0,0.505
676917,Cade Cavalli,cade cavalli,7,30.7,3.82,11.15,4.11,10.86,1.66,0.2657,0.0979,3.63,2.866,0.286,0.335
694738,Landen Roupp,landen roupp,6,35.3,2.55,9.42,3.57,4.58,0.91,0.2681,0.1014,2.93,2.877,0.667,0.58
663978,Chris Paddack,chris paddack,5,23.3,7.33,8.49,1.16,12.34,1.5,0.2095,0.0286,3.45,2.877,0.2,0.325
686218,Emmet Sheehan,emmet sheehan,5,26.3,4.78,9.57,3.08,8.2,1.25,0.25,0.0804,3.25,2.884,0.4,0.425
676974,Max Meyer,max meyer,6,30.0,3.3,9.9,3.6,7.2,1.2,0.2619,0.0952,3.21,2.893,0.0,0.18
671737,Taj Bradley,taj bradley,7,41.0,2.85,9.66,3.29,7.68,1.22,0.2543,0.0867,3.23,2.901,0.571,0.535
681293,Spencer Arrighetti,spencer arrighetti,3,18.0,2.0,10.5,4.5,5.5,1.11,0.2838,0.1216,3.13,2.909,0.667,0.515
660761,José Suarez,jose suarez,1,3.7,9.82,14.73,7.36,12.27,2.18,0.3158,0.1579,4.12,2.924,0.0,0.405
642547,Freddy Peralta,freddy peralta,7,38.3,3.52,9.86,3.76,7.04,1.2,0.2609,0.0994,3.25,2.972,0.286,0.335
543135,Nathan Eovaldi,nathan eovaldi,7,39.7,4.76,8.85,2.27,9.76,1.34,0.2267,0.0581,3.37,2.976,0.429,0.435
681190,Randy Vásquez,randy vasquez,6,33.7,2.94,9.09,2.94,7.49,1.16,0.2429,0.0786,3.21,2.983,0.5,0.48
676282,Joey Cantillo,joey cantillo,6,30.3,2.97,10.09,3.86,8.01,1.32,0.2595,0.0992,3.37,2.993,0.167,0.28
663436,Davis Martin,davis martin,6,37.0,1.95,8.03,1.95,7.78,1.08,0.2185,0.053,3.16,3.049,0.667,0.58
672456,Keider Montero,keider montero,5,27.0,4.0,7.67,1.67,7.33,1.0,0.213,0.0463,3.08,3.055,0.2,0.325
671212,Joe Boyle,joe boyle,3,15.7,5.17,9.19,3.45,6.32,1.09,0.25,0.0938,3.19,3.078,0.333,0.415
676571,PJ Poulin,pj poulin,4,4.3,2.08,6.23,0.0,8.31,0.92,0.1765,0.0,2.99,3.09,0.0,0.27
605400,Aaron Nola,aaron nola,6,31.3,6.03,10.05,3.73,10.34,1.56,0.2448,0.0909,3.67,3.127,0.333,0.38
592662,Robbie Ray,robbie ray,6,33.3,2.7,9.45,3.78,6.48,1.14,0.2536,0.1014,3.27,3.128,0.333,0.38
669387,Carmen Mlodzinski,carmen mlodzinski,5,22.3,5.24,10.07,3.63,11.28,1.66,0.2404,0.0865,3.77,3.14,0.0,0.225
656641,Jacob Latz,jacob latz,1,4.0,0.0,6.75,2.25,0.0,0.25,0.2308,0.0769,2.42,3.169,0.0,0.405
702273,Noah Schultz,noah schultz,3,15.3,3.52,10.57,5.28,4.7,1.11,0.2857,0.1429,3.26,3.202,0.333,0.415
554430,Zack Wheeler,zack wheeler,1,5.0,3.6,10.8,5.4,5.4,1.2,0.2857,0.1429,3.35,3.202,0.0,0.405
683004,Jack Leiter,jack leiter,6,31.3,5.17,9.48,3.45,9.77,1.47,0.2357,0.0857,3.62,3.209,0.167,0.28
808967,Yoshinobu Yamamoto,yoshinobu yamamoto,6,37.7,2.87,7.65,2.15,6.93,1.01,0.2119,0.0596,3.19,3.255,0.833,0.68
605488,Jeffrey Springs,jeffrey springs,7,38.7,3.96,8.15,2.79,6.98,1.09,0.2215,0.0759,3.3,3.316,0.429,0.435
656492,Foster Griffin,foster griffin,6,33.7,2.67,8.02,2.67,6.95,1.07,0.219,0.073,3.28,3.318,0.333,0.38
650633,Michael King,michael king,6,33.7,2.41,9.09,4.01,5.35,1.04,0.25,0.1103,3.26,3.32,0.5,0.48
605540,Brandon Woodruff,brandon woodruff,6,30.0,3.6,7.5,2.1,7.2,1.03,0.2066,0.0579,3.24,3.323,0.333,0.38
681347,Mike Burrows,mike burrows,6,31.7,6.25,9.38,3.41,11.65,1.67,0.223,0.0811,3.91,3.363,0.0,0.18
624133,Ranger Suarez,ranger suarez,6,35.0,3.09,7.46,2.31,6.17,0.94,0.2101,0.0652,3.18,3.363,0.5,0.48
691587,Eury Pérez,eury perez,6,31.3,4.6,9.48,4.02,8.62,1.4,0.2391,0.1014,3.65,3.377,0.333,0.38
693433,Bryan Woo,bryan woo,6,35.0,3.86,6.94,1.54,7.97,1.06,0.1901,0.0423,3.29,3.398,0.667,0.58
607536,Kyle Freeland,kyle freeland,5,20.7,3.48,7.4,2.18,7.84,1.11,0.2,0.0588,3.38,3.451,0.2,0.325
579328,Yusei Kikuchi,yusei kikuchi,7,31.0,5.81,9.58,4.06,10.16,1.58,0.2324,0.0986,3.86,3.452,0.143,0.235
608331,Max Fried,max fried,7,47.3,2.09,7.04,2.28,4.94,0.8,0.2056,0.0667,3.08,3.463,0.857,0.735
689441,Coleman Crow,coleman crow,1,5.3,3.38,6.75,1.69,6.75,0.94,0.1905,0.0476,3.21,3.464,0.0,0.405
663460,Kris Bubic,kris bubic,6,33.7,3.74,9.36,4.54,6.15,1.19,0.2482,0.1206,3.49,3.503,0.5,0.48
666142,Cole Ragans,cole ragans,6,27.0,5.0,11.0,6.0,7.33,1.48,0.2727,0.1488,3.78,3.515,0.5,0.48
693821,Bryce Elder,bryce elder,7,43.0,1.88,7.53,2.72,6.7,1.05,0.2069,0.0747,3.37,3.551,0.714,0.635
702056,Trey Yesavage,trey yesavage,1,5.3,0.0,5.06,0.0,6.75,0.75,0.15,0.0,3.02,3.555,0.0,0.405
663556,Shane McClanahan,shane mcclanahan,5,23.0,3.91,9.78,5.09,6.26,1.26,0.2551,0.1327,3.6,3.568,0.0,0.225
592791,Jameson Taillon,jameson taillon,6,34.7,4.41,8.05,3.38,7.01,1.15,0.2153,0.0903,3.52,3.626,0.5,0.48
607625,Seth Lugo,seth lugo,6,37.7,2.63,7.41,2.63,7.88,1.17,0.1975,0.0701,3.54,3.65,0.667,0.58
608379,Michael Wacha,michael wacha,6,37.3,3.13,7.96,3.38,6.75,1.12,0.2143,0.0909,3.5,3.652,0.667,0.58
571927,Steven Matz,steven matz,6,31.3,4.31,7.76,3.16,6.89,1.12,0.2093,0.0853,3.5,3.658,0.333,0.38
669432,Trevor Rogers,trevor rogers,6,30.3,4.75,8.01,2.97,10.09,1.45,0.2,0.0741,3.84,3.661,0.5,0.48
607200,Erick Fedde,erick fedde,4,21.7,3.74,7.06,2.49,6.65,1.02,0.1954,0.069,3.39,3.67,0.25,0.37
678906,Kai-Wei Teng,kaiwei teng,1,3.0,6.0,6.0,0.0,15.0,1.67,0.1429,0.0,4.0,3.681,0.0,0.405
621121,Lance McCullers Jr.,lance mccullers jr,6,31.3,6.32,9.48,4.88,7.76,1.4,0.2391,0.1232,3.81,3.698,0.333,0.38
571578,Patrick Corbin,patrick corbin,4,19.3,3.72,7.45,2.79,8.38,1.24,0.1951,0.0732,3.66,3.733,0.0,0.27
656849,David Peterson,david peterson,5,23.3,8.1,10.03,5.01,11.96,1.89,0.2281,0.114,4.34,3.751,0.0,0.225
657277,Logan Webb,logan webb,7,44.0,4.3,7.77,3.07,9.2,1.36,0.1979,0.0781,3.79,3.753,0.714,0.635
669923,George Kirby,george kirby,7,45.0,3.0,6.8,2.2,8.0,1.13,0.1828,0.0591,3.55,3.753,0.571,0.535
650644,Aaron Civale,aaron civale,6,30.7,3.23,7.04,2.35,9.39,1.3,0.1818,0.0606,3.74,3.79,0.0,0.18
676440,Tanner Bibee,tanner bibee,7,35.3,4.08,8.15,3.57,9.42,1.44,0.2038,0.0892,3.91,3.807,0.286,0.335
669358,Shane Baz,shane baz,6,34.0,4.5,7.68,2.91,10.59,1.5,0.1895,0.0719,3.96,3.811,0.0,0.18
702070,Noah Cameron,noah cameron,6,31.7,5.4,7.96,3.13,11.37,1.61,0.1918,0.0753,4.09,3.82,0.167,0.28
665795,Edward Cabrera,edward cabrera,6,35.3,3.06,7.39,3.06,7.64,1.19,0.1959,0.0811,3.65,3.829,0.5,0.48
669194,Ryne Nelson,ryne nelson,6,25.7,7.71,8.42,3.86,9.82,1.52,0.2069,0.0948,4.0,3.835,0.0,0.18
700241,Michael McGreevy,michael mcgreevy,6,33.3,2.97,5.67,1.35,6.75,0.9,0.1615,0.0385,3.33,3.845,0.5,0.48
669372,J.T. Ginn,jt ginn,4,18.0,2.5,7.5,3.5,6.0,1.06,0.2055,0.0959,3.54,3.874,0.0,0.27
622491,Luis Castillo,luis castillo,6,28.3,6.35,8.26,3.49,12.07,1.73,0.194,0.0821,4.24,3.876,0.167,0.28
813349,Connelly Early,connelly early,6,31.7,2.84,7.96,3.98,6.82,1.2,0.2105,0.1053,3.71,3.923,0.333,0.38
621111,Walker Buehler,walker buehler,6,25.0,5.4,8.64,4.32,9.72,1.56,0.2105,0.1053,4.09,3.923,0.167,0.28
673540,Kodai Senga,kodai senga,5,20.0,9.0,10.35,5.85,11.7,1.95,0.2323,0.1313,4.51,3.935,0.2,0.325
622663,Luis Severino,luis severino,7,38.3,4.46,9.39,5.4,7.51,1.43,0.2353,0.1353,3.97,3.945,0.286,0.335
687075,Brandon Sproat,brandon sproat,4,19.3,6.98,8.38,4.19,9.31,1.5,0.2069,0.1034,4.05,3.958,0.25,0.37
677958,Kumar Rocker,kumar rocker,5,26.7,3.38,7.42,3.38,8.44,1.31,0.1913,0.087,3.86,3.99,0.4,0.425
680694,Kyle Bradish,kyle bradish,6,30.0,4.2,9.3,5.1,10.5,1.73,0.2183,0.1197,4.32,4.001,0.167,0.28
664285,Framber Valdez,framber valdez,7,40.3,3.35,7.14,3.12,8.26,1.26,0.186,0.0814,3.82,4.003,0.714,0.635
695076,Rhett Lowder,rhett lowder,6,34.0,3.18,6.62,2.65,7.94,1.18,0.1761,0.0704,3.73,4.023,0.5,0.48
641927,Bailey Ober,bailey ober,7,38.0,3.55,6.87,3.08,7.11,1.13,0.1847,0.0828,3.7,4.045,0.429,0.435
669160,Dustin May,dustin may,6,30.7,5.28,6.46,2.05,11.74,1.53,0.1583,0.0504,4.12,4.058,0.5,0.48
663372,Ryan Feltner,ryan feltner,5,20.0,6.3,7.65,3.6,9.9,1.5,0.1889,0.0889,4.1,4.059,0.0,0.225
702275,JR Ritchie,jr ritchie,2,12.3,2.92,8.03,4.38,7.3,1.3,0.2075,0.1132,3.9,4.089,0.5,0.46
625643,Reynaldo López,reynaldo lopez,5,21.7,3.74,8.31,4.57,8.31,1.43,0.2083,0.1146,4.05,4.095,0.2,0.325
656605,Mitch Keller,mitch keller,6,34.0,3.18,6.62,2.91,7.41,1.15,0.1773,0.078,3.74,4.106,0.667,0.58
607259,Nick Martinez,nick martinez,6,37.0,1.7,5.84,2.19,6.81,1.0,0.1622,0.0608,3.59,4.131,0.667,0.58
605280,Clay Holmes,clay holmes,6,36.0,1.75,6.25,2.75,6.0,0.97,0.1748,0.0769,3.56,4.133,0.5,0.48
700712,Walbert Urena,walbert urena,2,9.7,5.59,10.24,6.52,9.31,1.76,0.2391,0.1522,4.41,4.137,0.5,0.46
691725,Andrew Painter,andrew painter,4,19.0,6.16,6.63,2.37,12.79,1.68,0.1573,0.0562,4.33,4.152,0.0,0.27
669467,Andre Pallante,andre pallante,6,31.3,3.73,7.47,4.02,7.76,1.31,0.1926,0.1037,3.97,4.206,0.167,0.28
676083,Janson Junk,janson junk,6,33.0,3.0,5.73,2.18,7.36,1.06,0.1567,0.0597,3.69,4.21,0.333,0.38
641816,Tyler Mahle,tyler mahle,6,30.7,5.87,8.51,4.99,9.68,1.63,0.2042,0.1197,4.34,4.24,0.167,0.28
608566,Germán Márquez,german marquez,5,24.7,4.38,6.2,2.55,9.49,1.34,0.1589,0.0654,4.01,4.249,0.0,0.225
677944,Slade Cecconi,slade cecconi,6,30.3,6.23,7.42,3.86,9.79,1.52,0.1825,0.0949,4.22,4.253,0.167,0.28
547179,Michael Lorenzen,michael lorenzen,7,33.0,6.27,6.55,2.45,13.91,1.82,0.1509,0.0566,4.54,4.267,0.143,0.235
808963,Roki Sasaki,roki sasaki,5,22.7,6.35,8.74,5.16,11.12,1.81,0.2018,0.1193,4.56,4.274,0.0,0.225
608372,Tomoyuki Sugano,tomoyuki sugano,6,31.7,2.84,5.97,2.56,7.96,1.17,0.1591,0.0682,3.85,4.283,0.333,0.38
656550,Grant Holmes,grant holmes,6,32.3,3.62,6.96,3.9,6.96,1.21,0.1838,0.1029,3.93,4.344,0.5,0.48
663903,Brady Singer,brady singer,6,29.0,4.97,5.9,2.17,12.41,1.62,0.1418,0.0522,4.38,4.367,0.333,0.38
645261,Sandy Alcantara,sandy alcantara,7,47.3,3.04,5.89,2.85,7.61,1.16,0.1574,0.0761,3.91,4.421,0.714,0.635
681517,Kyle Leahy,kyle leahy,6,29.3,5.52,6.75,3.38,11.66,1.67,0.1606,0.0803,4.48,4.423,0.0,0.18
571945,Miles Mikolas,miles mikolas,4,16.3,11.02,7.71,4.41,13.78,2.02,0.1707,0.0976,4.91,4.49,0.0,0.27
668678,Zac Gallen,zac gallen,6,28.7,3.14,5.34,2.2,10.05,1.36,0.136,0.056,4.17,4.516,0.167,0.28
543243,Sonny Gray,sonny gray,5,23.0,4.3,5.09,1.96,9.78,1.3,0.1313,0.0505,4.1,4.524,0.4,0.425
665871,Javier Assad,javier assad,3,15.7,5.74,5.17,2.3,8.62,1.21,0.1364,0.0606,4.03,4.57,0.0,0.315
690990,Cade Horton,cade horton,2,7.3,2.45,4.91,2.45,4.91,0.82,0.1429,0.0714,3.61,4.604,0.5,0.46
694297,Brandon Pfaadt,brandon pfaadt,3,16.7,5.94,5.94,3.24,9.18,1.38,0.1507,0.0822,4.26,4.617,0.333,0.415
592836,Taijuan Walker,taijuan walker,4,18.7,9.16,7.71,4.82,13.5,2.04,0.1702,0.1064,5.01,4.624,0.0,0.27
680732,Sean Burke,sean burke,4,20.3,4.87,5.75,3.1,9.3,1.38,0.1461,0.0787,4.27,4.647,0.25,0.37
696149,Bubba Chandler,bubba chandler,6,29.0,4.97,8.38,6.21,7.14,1.48,0.2077,0.1538,4.41,4.69,0.167,0.28
656427,Jack Flaherty,jack flaherty,6,25.3,5.33,9.95,7.82,7.82,1.74,0.2333,0.1833,4.69,4.719,0.167,0.28
679883,Luinder Avila,luinder avila,1,3.0,15.0,12.0,9.0,24.0,3.67,0.2,0.15,6.97,4.761,0.0,0.405
837227,Tatsuya Imai,tatsuya imai,3,8.7,7.27,13.5,11.42,7.27,2.08,0.2955,0.25,5.03,4.793,0.0,0.315
669461,Matthew Liberatore,matthew liberatore,6,30.3,4.75,5.64,3.26,10.68,1.55,0.1377,0.0797,4.55,4.804,0.333,0.38
671096,Andrew Abbott,andrew abbott,7,34.7,5.97,6.23,3.89,11.16,1.67,0.1481,0.0926,4.7,4.804,0.286,0.335
687064,Brandon Young,brandon young,3,14.7,6.14,5.52,3.07,11.66,1.64,0.1324,0.0735,4.65,4.811,0.0,0.315
681343,Shane Smith,shane smith,3,8.3,10.8,11.88,9.72,12.96,2.52,0.2391,0.1957,5.64,4.819,0.0,0.315
641793,Zack Littell,zack littell,5,23.7,8.37,5.7,3.42,12.55,1.77,0.1327,0.0796,4.86,4.887,0.0,0.225
607067,Colin Rea,colin rea,3,15.0,4.8,6.6,4.8,8.4,1.47,0.1642,0.1194,4.52,4.911,0.333,0.415
680736,Justin Wrobleski,justin wrobleski,4,26.0,0.69,4.5,2.77,5.54,0.92,0.1275,0.0784,3.89,4.96,0.75,0.57
686799,Jack Kochanowicz,jack kochanowicz,6,35.0,3.09,6.17,4.63,6.17,1.2,0.1633,0.1224,4.23,4.97,0.5,0.48
593958,Eduardo Rodriguez,eduardo rodriguez,6,32.7,3.03,6.06,4.41,8.27,1.41,0.1528,0.1111,4.49,4.985,0.333,0.38
669438,Mason Englert,mason englert,1,3.7,7.36,4.91,2.45,17.18,2.18,0.1053,0.0526,5.38,4.996,0.0,0.405
641778,Eric Lauer,eric lauer,5,22.0,6.14,6.55,4.91,9.41,1.59,0.1584,0.1188,4.71,4.999,0.0,0.225
641743,Anthony Kay,anthony kay,4,18.0,7.0,7.0,5.5,10.5,1.78,0.1628,0.1279,4.96,5.057,0.0,0.27
663362,Matt Waldron,matt waldron,3,13.7,9.88,5.27,3.29,14.49,1.98,0.1176,0.0735,5.19,5.061,0.0,0.315
694477,Chad Patrick,chad patrick,4,21.0,1.71,6.0,4.71,5.57,1.14,0.1609,0.1264,4.21,5.067,0.25,0.37
605288,Adrian Houser,adrian houser,6,30.3,7.12,4.75,2.97,12.46,1.71,0.1119,0.0699,4.9,5.11,0.0,0.18
527048,Martín Pérez,martin perez,4,21.0,2.14,5.14,4.29,5.57,1.1,0.1395,0.1163,4.26,5.28,0.25,0.37
605135,Chris Bassitt,chris bassitt,6,28.0,5.46,5.46,4.5,12.21,1.86,0.125,0.1029,5.22,5.337,0.167,0.28
453286,Max Scherzer,max scherzer,5,18.7,9.64,4.82,3.86,10.61,1.61,0.1163,0.093,4.92,5.347,0.4,0.425
678394,Brayan Bello,brayan bello,6,25.7,9.12,5.96,5.26,15.08,2.26,0.1259,0.1111,5.78,5.435,0.167,0.28
680573,Simeon Woods Richardson,simeon woods richardson,6,30.0,6.3,4.5,3.9,11.4,1.7,0.1064,0.0922,5.12,5.502,0.167,0.28
675989,Cody Bolton,cody bolton,2,5.3,6.75,10.12,10.12,6.75,1.88,0.2308,0.2308,5.27,5.527,0.0,0.36
682227,Brandon Williamson,brandon williamson,6,28.0,6.11,6.11,6.43,8.36,1.64,0.1462,0.1538,5.16,5.713,0.167,0.28
682052,Jacob Lopez,jacob lopez,5,23.7,5.7,6.46,7.23,9.89,1.9,0.1466,0.1638,5.57,5.854,0.0,0.225
680802,Ryan Weiss,ryan weiss,2,7.0,5.14,9.0,10.29,10.29,2.29,0.1892,0.2162,6.08,5.968,0.0,0.36
661563,Luis Gil,luis gil,4,19.3,6.05,4.19,5.12,6.98,1.34,0.1071,0.131,4.95,6.026,0.25,0.37
500779,Jose Quintana,jose quintana,4,18.3,4.91,4.42,5.4,8.35,1.53,0.1084,0.1325,5.19,6.027,0.0,0.27
518876,Merrill Kelly,merrill kelly,3,14.7,9.2,5.52,7.36,12.89,2.25,0.1169,0.1558,6.26,6.223,0.0,0.315
690928,Hunter Dobbins,hunter dobbins,1,4.3,6.23,8.31,10.38,4.15,1.62,0.2,0.25,5.39,6.343,0.0,0.405
695684,Elmer Rodríguez,elmer rodriguez,1,4.0,4.5,6.75,9.0,9.0,2.0,0.15,0.2,5.97,6.348,0.0,0.405
434378,Justin Verlander,justin verlander,1,3.7,12.27,2.45,4.91,14.73,2.18,0.0526,0.1053,6.39,6.571,0.0,0.405
806960,Luis Morales,luis morales,2,7.3,12.27,6.14,9.82,15.95,2.86,0.1163,0.186,7.38,6.681,0.0,0.36
664299,Cristian Javier,cristian javier,3,9.3,12.54,3.86,8.68,12.54,2.36,0.08,0.18,7.02,7.0,0.0,0.315
696270,Ryan Johnson,ryan johnson,1,3.3,16.2,5.4,10.8,18.9,3.3,0.0952,0.1905,8.3,7.0,0.0,0.405
691946,George Klassen,george klassen,2,4.7,11.57,11.57,19.29,13.5,3.64,0.1935,0.3226,8.98,7.0,0.0,0.36
